well_id,episode_type,start_date,end_date,n_days,f_mean,f_cv,rpr_mean,rpr_cv,wc_mean
Au_389,Остановка,2025-01-01,2025-01-04,4,0.0,0.0,4.4,2.0,0.0
Au_389,Запуск ЭЦН,2025-01-05,2025-01-07,3,44.3,0.192,103.6,0.174,0.0
Au_389,НУР,2025-01-08,2025-01-14,7,48.4,0.087,81.3,0.067,0.0
Au_389,Снижение Рпл/КН,2025-01-15,2025-01-19,5,49.6,0.096,69.5,0.026,0.0
Au_389,Остановка,2025-01-20,2025-09-09,233,0.0,0.0,1.8,6.059,0.0012755321888412016
Au_389,Запуск ЭЦН,2025-09-10,2025-09-10,1,11.1,0.0,66.5,0.0,0.5
Au_389,Остановка,2025-09-11,2025-09-24,14,0.2,3.742,15.9,2.018,0.0
Au_389,Запуск ЭЦН,2025-09-25,2025-09-27,3,40.1,0.288,81.3,0.118,0.5356156666666666
Au_389,НУР,2025-09-28,2025-10-04,7,51.2,0.022,85.2,0.005,0.07501585714285712
Au_389,Снижение Рпл/КН,2025-10-05,2025-12-07,64,57.7,0.082,97.9,0.115,0.00080396875
Au_389,НУР,2025-12-08,2025-12-08,1,5.6,0.0,54.1,0.0,0.0
Au_389,Остановка,2025-12-09,2025-12-11,3,0.2,1.732,0.0,0.0,0.0
Au_389,Запуск ЭЦН,2025-12-12,2025-12-14,3,10.4,0.49,0.0,0.0,0.0
Au_389,НУР,2025-12-15,2025-12-17,3,26.1,0.207,0.0,0.0,0.0
Au_389,Остановка,2025-12-18,2025-12-19,2,1.8,0.0,0.0,0.0,0.0
Au_389,Запуск ЭЦН,2025-12-20,2025-12-20,1,5.2,0.0,27.4,0.0,0.0
Au_389,Остановка,2025-12-21,2026-01-01,12,0.1,3.464,0.9,3.464,0.0
Au_389,Запуск ЭЦН,2026-01-02,2026-01-04,3,41.7,0.099,165.9,0.089,2.433564666666667
Au_389,НУР,2026-01-05,2026-01-23,19,54.5,0.054,89.8,0.306,0.8925321052631577
Au_389,Снижение Рпл/КН,2026-01-24,2026-03-19,55,59.0,0.057,62.0,0.04,0.03019876363636364
Au_389,Деградация ЭЦН,2026-03-20,2026-03-22,3,60.0,0.0,49.5,0.086,0.0
Au_389,Снижение Рпл/КН,2026-03-23,2026-04-30,39,58.1,0.139,60.9,0.1,0.1174409487179487
Au_389,Деградация ЭЦН,2026-05-01,2026-05-01,1,12.5,0.0,77.7,0.0,0.0
Au_449,Остановка,2025-01-01,2025-09-10,253,0.0,14.01,0.3,15.37,0.07487723320158103
Au_449,Запуск ЭЦН,2025-09-11,2025-09-13,3,41.9,0.157,106.5,0.04,1.3636126666666666
Au_449,НУР,2025-09-14,2025-10-17,34,42.3,0.239,92.6,0.082,0.5271480588235294
Au_449,Снижение Рпл/КН,2025-10-18,2025-10-27,10,43.9,0.182,76.7,0.068,0.3883968
Au_449,Деградация ЭЦН,2025-10-28,2025-11-03,7,30.9,0.616,85.8,0.198,0.0
Au_449,Остановка,2025-11-04,2025-11-09,6,0.4,2.449,60.3,1.017,0.0
Au_449,Запуск ЭЦН,2025-11-10,2025-11-12,3,45.7,0.053,88.2,0.027,2.350289
Au_449,НУР,2025-11-13,2025-11-19,7,50.1,0.058,71.7,0.052,1.3481527142857141
Au_449,Снижение Рпл/КН,2025-11-20,2025-11-22,3,35.0,0.427,74.7,0.072,1.650857
Au_449,Деградация ЭЦН,2025-11-23,2025-12-04,12,37.6,0.432,78.7,0.171,0.7294743333333334
Au_449,Снижение Рпл/КН,2025-12-05,2025-12-22,18,44.9,0.143,60.2,0.058,0.5295996666666666
Au_449,Деградация ЭЦН,2025-12-23,2025-12-25,3,46.2,0.136,54.7,0.012,0.0
Au_449,Снижение Рпл/КН,2025-12-26,2026-01-19,25,44.6,0.098,48.7,0.083,0.37234724
Au_449,Деградация ЭЦН,2026-01-20,2026-01-22,3,51.0,0.142,38.6,0.106,1.2553886666666667
Au_449,Снижение Рпл/КН,2026-01-23,2026-01-25,3,38.5,0.52,42.0,0.162,0.9281176666666667
Au_449,Деградация ЭЦН,2026-01-26,2026-01-28,3,51.3,0.058,34.2,0.088,1.263708
Au_449,Снижение Рпл/КН,2026-01-29,2026-02-11,14,46.4,0.075,33.7,0.068,1.2268435
Au_449,Рост обводненности | Рост Рпл,2026-02-12,2026-03-25,42,45.1,0.14,34.1,0.086,0.6738728333333333
Au_449,Рост обводненности,2026-03-26,2026-03-30,5,46.8,0.114,32.8,0.075,0.2500384
Au_449,Рост обводненности | Рост Рпл,2026-03-31,2026-04-08,9,41.4,0.211,36.4,0.105,1.3875503333333334
Au_449,Снижение Рпл/КН,2026-04-09,2026-04-11,3,48.1,0.12,34.3,0.075,0.5156286666666666
Au_449,Рост обводненности | Рост Рпл,2026-04-12,2026-04-15,4,40.3,0.202,36.2,0.117,1.6231885000000001
Au_449,Снижение Рпл/КН,2026-04-16,2026-05-01,16,45.6,0.071,34.8,0.057,0.541509625
Au_458,Запуск ЭЦН,2025-01-01,2025-01-03,3,198.9,0.095,151.8,0.044,0.254509
Au_458,НУР,2025-01-04,2025-01-08,5,188.9,0.252,154.7,0.123,0.33237459999999996
Au_458,Остановка / КВД,2025-01-09,2025-01-10,2,0.0,0.0,246.8,0.0,0.0
Au_458,Запуск ЭЦН,2025-01-11,2025-01-13,3,169.5,0.339,177.7,0.126,0.231424
Au_458,Остановка / КВД,2025-01-14,2025-01-14,1,0.0,0.0,249.2,0.0,0.0
Au_458,Запуск ЭЦН,2025-01-15,2025-01-17,3,165.3,0.521,184.4,0.22,0.08689566666666666
Au_458,НУР,2025-01-18,2025-01-24,7,209.7,0.037,151.4,0.016,0.13913471428571428
Au_458,Рост Рпл,2025-01-25,2025-02-08,15,204.9,0.089,136.9,0.085,0.21332500000000001
Au_458,Остановка,2025-02-09,2025-02-17,9,0.0,0.0,7.3,0.521,0.0
Au_458,Запуск ЭЦН,2025-02-18,2025-02-20,3,36.8,0.301,95.1,0.121,0.657217
Au_458,НУР,2025-02-21,2025-02-27,7,48.7,0.072,71.1,0.159,0.786891857142857
Au_458,Снижение Рпл/КН,2025-02-28,2025-05-17,79,54.5,0.021,41.1,0.211,0.52708
Au_458,Рост обводненности | Рост Рпл,2025-05-18,2025-06-06,20,52.9,0.165,36.1,0.709,0.65194025
Au_458,Деградация ЭЦН,2025-06-07,2025-06-10,4,55.0,0.0,48.3,0.049,1.1121960000000002
Au_458,Снижение Рпл/КН,2025-06-11,2025-08-19,70,54.7,0.029,39.4,0.184,0.9276073142857141
Au_458,Рост обводненности | Рост Рпл,2025-08-20,2025-08-23,4,48.1,0.287,47.7,0.822,0.529053
Au_458,Деградация ЭЦН,2025-08-24,2025-08-26,3,54.8,0.007,58.2,0.206,0.4761126666666667
Au_458,Снижение Рпл/КН,2025-08-27,2025-09-02,7,49.4,0.302,56.0,0.543,0.4147524285714286
Au_458,Деградация ЭЦН,2025-09-03,2025-09-07,5,51.0,0.177,61.7,0.476,0.7845070000000001
Au_458,Снижение Рпл/КН,2025-09-08,2025-09-28,21,54.9,0.075,45.0,0.368,0.8526044761904762
Au_458,Деградация ЭЦН,2025-09-29,2025-10-01,3,56.0,0.0,47.1,0.11,1.1614473333333333
Au_458,Снижение Рпл/КН,2025-10-02,2025-10-16,15,55.0,0.055,34.9,0.134,1.1034566666666665
Au_458,Остановка,2025-10-17,2025-10-22,6,0.2,2.449,13.1,2.449,0.0
Au_458,Запуск ЭЦН,2025-10-23,2025-10-25,3,31.4,0.745,70.4,0.653,0.7899493333333334
Au_458,НУР,2025-10-26,2025-11-01,7,51.4,0.042,48.7,0.185,1.108484
Au_458,Снижение Рпл/КН,2025-11-02,2025-12-01,30,54.7,0.016,35.8,0.069,0.9811895
Au_458,Рост обводненности | Рост Рпл,2025-12-02,2025-12-04,3,50.1,0.111,52.9,0.357,1.198676
Au_458,Снижение Рпл/КН,2025-12-05,2025-12-05,1,4.0,0.0,192.9,0.0,0.165714
Au_458,Остановка,2025-12-06,2025-12-15,10,0.0,3.162,90.2,0.657,0.0
Au_458,Запуск ЭЦН,2025-12-16,2025-12-18,3,44.7,0.087,96.8,0.299,1.0520726666666667
Au_458,НУР,2025-12-19,2025-12-25,7,50.9,0.034,47.4,0.208,1.2068461428571429
Au_458,Снижение Рпл/КН,2025-12-26,2026-01-12,18,53.6,0.015,34.6,0.044,1.0995986666666666
Au_458,Рост обводненности | Рост Рпл,2026-01-13,2026-02-07,26,51.6,0.098,35.6,0.38,0.7091021923076924
Au_458,Деградация ЭЦН,2026-02-08,2026-02-15,8,48.5,0.16,63.9,0.513,0.9767306250000001
Au_458,Снижение Рпл/КН,2026-02-16,2026-03-23,36,53.2,0.023,39.5,0.172,1.0162601111111111
Au_458,Рост обводненности | Рост Рпл,2026-03-24,2026-04-05,13,49.9,0.257,40.1,0.879,1.3124896923076923
Au_458,Остановка / КВД,2026-04-06,2026-04-08,3,0.0,0.0,209.1,0.026,1.0937396666666668
Au_458,Запуск ЭЦН,2026-04-09,2026-04-11,3,47.7,0.138,10.8,1.732,1.057463
Au_458,НУР,2026-04-12,2026-04-18,7,50.6,0.02,0.0,0.0,0.993671142857143
Au_458,Рост обводненности | Рост Рпл,2026-04-19,2026-04-29,11,46.9,0.225,0.0,0.0,0.8773110909090908
Au_458,Остановка,2026-04-30,2026-05-01,2,0.0,0.0,0.0,0.0,0.0
Au_459,Запуск ЭЦН,2025-01-01,2025-01-03,3,47.9,0.109,166.4,0.061,0.28335299999999997
Au_459,НУР,2025-01-04,2025-01-10,7,50.0,0.0,165.7,0.009,0.349401
Au_459,Рост Рпл,2025-01-11,2025-09-07,228,50.8,0.081,151.2,0.062,0.5709554429824562
Au_459,Остановка,2025-09-08,2025-09-13,6,0.2,2.449,31.2,2.217,0.7607411666666667
Au_459,Запуск ЭЦН,2025-09-14,2025-09-16,3,43.5,0.132,179.9,0.103,3.3963486666666665
Au_459,НУР,2025-09-17,2025-09-23,7,54.9,0.034,136.5,0.067,1.0461972857142858
Au_459,Рост Рпл,2025-09-24,2025-10-02,9,56.8,0.013,123.9,0.022,1.256519
Au_459,НУР,2025-10-03,2025-10-08,6,57.5,0.0,117.7,0.011,1.2392775
Au_459,Снижение Рпл/КН,2025-10-09,2025-12-07,60,57.1,0.03,122.3,0.061,1.239444566666667
Au_459,Рост Рпл,2025-12-08,2025-12-30,23,57.3,0.004,130.3,0.041,1.6453965217391306
Au_459,Снижение Рпл/КН,2025-12-31,2026-04-05,96,57.0,0.082,125.2,0.066,1.0198498854166667
Au_459,Остановка / КВД,2026-04-06,2026-04-08,3,0.0,0.0,253.5,0.031,1.0739216666666667
Au_459,Запуск ЭЦН,2026-04-09,2026-04-11,3,53.2,0.125,151.0,0.18,0.8918050000000001
Au_459,НУР,2026-04-12,2026-04-18,7,57.0,0.0,119.8,0.035,0.9214607142857142
Au_459,Снижение Рпл/КН,2026-04-19,2026-04-28,10,57.9,0.008,107.1,0.037,0.8506894
Au_459,НУР,2026-04-29,2026-05-01,3,58.5,0.0,100.7,0.008,1.117182
Au_466,Остановка,2025-01-01,2025-01-08,8,0.0,0.0,0.0,0.0,0.0
Au_466,Запуск ЭЦН,2025-01-09,2025-01-11,3,41.0,0.103,80.2,0.141,0.11527633333333333
Au_466,НУР,2025-01-12,2025-01-18,7,42.9,0.295,70.9,0.152,0.05000128571428573
Au_466,Снижение Рпл/КН,2025-01-19,2025-03-02,43,49.8,0.066,56.7,0.042,0.028815906976744188
Au_466,Деградация ЭЦН,2025-03-03,2025-03-08,6,48.8,0.031,55.1,0.027,0.019750166666666666
Au_466,Снижение Рпл/КН,2025-03-09,2025-05-22,75,49.2,0.063,52.0,0.06,0.07493854666666667
Au_466,Деградация ЭЦН,2025-05-23,2025-05-26,4,49.9,0.001,51.3,0.022,0.02181625
Au_466,Снижение Рпл/КН,2025-05-27,2025-06-27,32,48.0,0.116,49.4,0.061,0.043374687499999995
Au_466,Деградация ЭЦН,2025-06-28,2025-06-30,3,49.1,0.001,50.2,0.023,0.10712666666666666
Au_466,Снижение Рпл/КН,2025-07-01,2025-08-09,40,48.9,0.073,45.3,0.052,0.21741152500000002
Au_466,Деградация ЭЦН,2025-08-10,2025-08-16,7,47.5,0.08,44.8,0.073,0.2107507142857143
Au_466,Снижение Рпл/КН,2025-08-17,2025-09-03,18,47.3,0.264,42.1,0.145,0.08113005555555557
Au_466,Деградация ЭЦН,2025-09-04,2025-09-12,9,48.8,0.123,42.0,0.137,0.14417488888888888
Au_466,Снижение Рпл/КН,2025-09-13,2025-10-24,42,52.1,0.069,37.0,0.045,0.16111033333333333
Au_466,Деградация ЭЦН,2025-10-25,2025-11-03,10,49.3,0.061,36.0,0.032,0.14400960000000002
Au_466,Снижение Рпл/КН,2025-11-04,2025-11-14,11,48.3,0.182,36.7,0.152,0.08267972727272727
Au_466,Деградация ЭЦН,2025-11-15,2025-11-17,3,49.9,0.009,34.3,0.003,0.14855766666666667
Au_466,Снижение Рпл/КН,2025-11-18,2025-11-28,11,52.4,0.013,33.2,0.011,0.18779509090909094
Au_466,Рост обводненности | Рост Рпл,2025-11-29,2025-12-23,25,47.4,0.167,34.8,0.105,0.18780916
Au_466,Деградация ЭЦН,2025-12-24,2025-12-26,3,52.7,0.002,32.2,0.016,0.126998
Au_466,Рост обводненности | Рост Рпл,2025-12-27,2026-01-05,10,45.1,0.268,34.5,0.153,0.1314473
Au_466,Снижение Рпл/КН,2026-01-06,2026-01-08,3,52.8,0.003,33.0,0.047,0.16384600000000002
Au_466,Рост обводненности | Рост Рпл,2026-01-09,2026-02-04,27,49.3,0.145,32.4,0.086,0.0693267037037037
Au_466,Рост обводненности,2026-02-05,2026-02-07,3,52.7,0.0,30.1,0.003,0.16375
Au_466,Рост обводненности | Рост Рпл,2026-02-08,2026-03-04,25,44.0,0.273,34.6,0.159,0.18303944000000003
Au_466,Деградация ЭЦН,2026-03-05,2026-03-07,3,47.3,0.021,33.7,0.048,0.158959
Au_466,Снижение Рпл/КН,2026-03-08,2026-03-13,6,48.6,0.008,31.2,0.015,0.12294716666666668
Au_466,Рост обводненности | Рост Рпл,2026-03-14,2026-03-25,12,41.3,0.298,34.4,0.12,0.14388658333333335
Au_466,Остановка,2026-03-26,2026-03-27,2,0.8,0.0,50.5,0.0,0.0
Au_466,Запуск ЭЦН,2026-03-28,2026-03-30,3,50.4,0.038,34.6,0.077,0.0
Au_466,НУР,2026-03-31,2026-04-05,6,43.0,0.371,33.8,0.154,0.24382316666666667
Au_466,Остановка,2026-04-06,2026-04-08,3,0.0,0.0,51.7,0.015,1.1363046666666667
Au_466,Запуск ЭЦН,2026-04-09,2026-04-11,3,25.2,0.215,46.3,0.042,0.2610173333333334
Au_466,Остановка,2026-04-12,2026-04-12,1,0.0,0.0,49.7,0.0,0.713554
Au_466,Запуск ЭЦН,2026-04-13,2026-04-13,1,4.3,0.0,52.8,0.0,0.552247
Au_466,Остановка,2026-04-14,2026-04-14,1,1.2,0.0,53.1,0.0,0.551486
Au_466,Запуск ЭЦН,2026-04-15,2026-04-17,3,26.4,0.708,47.4,0.104,0.5621736666666667
Au_466,НУР,2026-04-18,2026-04-24,7,48.7,0.038,33.5,0.055,0.19238828571428573
Au_466,Рост обводненности | Рост Рпл,2026-04-25,2026-05-01,7,46.4,0.019,32.5,0.024,0.1628244285714286
Az_105,Запуск ЭЦН,2025-01-01,2025-01-03,3,48.3,0.095,52.2,0.004,0.6698113333333332
Az_105,НУР,2025-01-04,2025-01-10,7,51.0,0.0,53.7,0.009,0.7747067142857142
Az_105,Снижение Рпл/КН,2025-01-11,2025-07-12,183,53.2,0.069,52.0,0.113,0.6891754316939892
Az_105,Остановка,2025-07-13,2025-07-14,2,0.0,0.0,52.5,0.0,0.0
Az_105,Запуск ЭЦН,2025-07-15,2025-07-17,3,36.6,0.688,65.5,0.056,0.0
Az_105,НУР,2025-07-18,2025-07-24,7,50.8,0.1,61.1,0.074,0.166576
Az_105,Снижение Рпл/КН,2025-07-25,2025-09-01,39,53.5,0.072,40.6,0.179,0.8291578205128204
Az_105,Деградация ЭЦН,2025-09-02,2025-09-10,9,45.4,0.334,39.9,0.044,0.7906811111111112
Az_105,Снижение Рпл/КН,2025-09-11,2025-09-30,20,54.1,0.144,36.1,0.091,0.936394
Az_105,Деградация ЭЦН,2025-10-01,2025-10-06,6,48.3,0.088,35.0,0.055,0.5470838333333333
Az_105,Рост обводненности | Рост Рпл,2025-10-07,2026-02-02,119,51.7,0.102,31.9,0.068,0.5111484453781513
Az_105,Рост обводненности,2026-02-03,2026-02-05,3,44.6,0.405,29.9,0.082,0.7212496666666667
Az_105,Рост обводненности | Рост Рпл,2026-02-06,2026-04-05,59,54.2,0.104,33.9,0.03,0.41172276271186437
Az_105,Остановка,2026-04-06,2026-04-08,3,0.0,0.0,43.0,0.095,0.0
Az_105,Запуск ЭЦН,2026-04-09,2026-04-11,3,53.0,0.066,47.3,0.042,0.7991223333333334
Az_105,НУР,2026-04-12,2026-04-18,7,55.0,0.0,43.4,0.015,0.7613401428571428
Az_105,Снижение Рпл/КН,2026-04-19,2026-05-01,13,55.0,0.0,41.5,0.051,1.5528156923076926
Az_129,Запуск ЭЦН,2025-01-01,2025-01-03,3,56.2,0.115,145.3,0.077,0.5778466666666667
Az_129,НУР,2025-01-04,2025-01-08,5,54.0,0.25,149.3,0.112,0.5168644000000001
Az_129,Остановка / КВД,2025-01-09,2025-01-10,2,0.0,0.0,244.5,0.0,0.0
Az_129,Запуск ЭЦН,2025-01-11,2025-01-13,3,47.1,0.328,179.0,0.095,0.4911703333333333
Az_129,Остановка / КВД,2025-01-14,2025-01-19,6,0.1,2.449,266.3,0.032,0.0
Az_129,Запуск ЭЦН,2025-01-20,2025-01-20,1,26.8,0.0,235.5,0.0,0.303039
Az_129,Остановка / КВД,2025-01-21,2025-01-23,3,0.0,0.0,276.3,0.01,0.0
Az_129,Запуск ЭЦН,2025-01-24,2025-01-26,3,46.7,0.492,206.6,0.21,0.5165016666666666
Az_129,НУР,2025-01-27,2025-02-02,7,57.7,0.106,165.7,0.04,0.47079242857142845
Az_129,Рост Рпл,2025-02-03,2025-03-29,55,58.4,0.105,147.2,0.093,0.4488284
Az_129,Остановка,2025-03-30,2025-04-10,12,0.0,0.0,0.0,0.0,0.0
Az_129,Запуск ЭЦН,2025-04-11,2025-04-11,1,0.3,0.0,2.4,0.0,0.0
Az_129,Остановка,2025-04-12,2025-04-12,1,0.0,0.0,17.9,0.0,0.0
Az_129,Запуск ЭЦН,2025-04-13,2025-04-15,3,51.8,0.079,171.2,0.097,0.9363536666666666
Az_129,НУР,2025-04-16,2025-04-22,7,58.7,0.009,137.5,0.037,0.4482048571428571
Az_129,Рост Рпл,2025-04-23,2025-05-20,28,56.9,0.166,134.8,0.122,0.18382689285714288
Az_129,Снижение Рпл/КН,2025-05-21,2025-05-29,9,57.5,0.103,128.9,0.075,0.3863283333333334
Az_129,НУР,2025-05-30,2025-06-19,21,59.5,0.0,126.2,0.021,0.5966969047619047
Az_129,Снижение Рпл/КН,2025-06-20,2025-07-18,29,58.2,0.068,124.7,0.059,0.47140782758620686
Az_129,НУР,2025-07-19,2025-08-08,21,59.5,0.0,121.9,0.035,0.6259700952380952
Az_129,Снижение Рпл/КН,2025-08-09,2025-08-24,16,57.1,0.168,122.7,0.134,0.89610675
Az_129,НУР,2025-08-25,2025-09-02,9,53.0,0.28,137.9,0.14,0.8651866666666667
Az_129,Рост Рпл,2025-09-03,2025-09-24,22,54.7,0.213,130.8,0.182,1.1147517727272727
Az_129,НУР,2025-09-25,2025-10-20,26,58.9,0.067,118.0,0.044,0.6809814999999999
Az_129,Снижение Рпл/КН,2025-10-21,2025-11-06,17,57.6,0.154,131.1,0.108,0.3799981176470588
Az_129,НУР,2025-11-07,2025-11-09,3,50.6,0.322,154.2,0.214,0.0
Az_129,Рост Рпл,2025-11-10,2025-12-20,41,57.6,0.16,132.3,0.126,0.710171780487805
Az_129,НУР,2025-12-21,2025-12-23,3,60.0,0.0,135.0,0.003,0.7218446666666667
Az_129,Рост Рпл,2025-12-24,2026-04-05,103,58.2,0.121,143.7,0.098,0.5312743689320388
Az_129,Остановка / КВД,2026-04-06,2026-04-08,3,0.0,0.0,253.2,0.021,0.0
Az_129,Запуск ЭЦН,2026-04-09,2026-04-11,3,50.1,0.342,185.9,0.208,0.514828
Az_129,НУР,2026-04-12,2026-04-18,7,60.0,0.0,148.5,0.023,0.6919694285714286
Az_129,Рост Рпл,2026-04-19,2026-05-01,13,60.0,0.0,143.8,0.007,0.43019115384615386
Az_269,Запуск ЭЦН,2025-01-01,2025-01-03,3,49.6,0.006,86.7,0.035,0.40757899999999997
Az_269,НУР,2025-01-04,2025-01-10,7,49.9,0.001,81.1,0.01,0.4486192857142857
Az_269,Снижение Рпл/КН,2025-01-11,2025-02-24,45,50.3,0.025,84.2,0.115,0.6767020222222222
Az_269,НУР,2025-02-25,2025-03-21,25,48.6,0.072,102.4,0.105,0.76339044
Az_269,Снижение Рпл/КН,2025-03-22,2025-03-25,4,42.8,0.358,107.2,0.283,0.49930975
Az_269,НУР,2025-03-26,2025-08-11,52,47.9,0.082,121.8,0.074,0.41675482692307697
Az_269,Снижение Рпл/КН,2025-08-12,2025-11-07,88,48.2,0.038,116.2,0.048,0.2705847045454546
Az_269,НУР,2025-11-08,2025-11-29,22,48.1,0.025,120.7,0.066,0.3865868181818181
Az_269,Снижение Рпл/КН,2025-11-30,2026-01-06,38,48.3,0.065,109.8,0.065,0.7266197631578947
Az_269,НУР,2026-01-07,2026-01-27,21,48.8,0.013,106.4,0.042,0.38662947619047616
Az_269,Снижение Рпл/КН,2026-01-28,2026-03-31,63,49.4,0.049,95.6,0.04,0.3645355079365079
Az_269,НУР,2026-04-01,2026-05-01,31,47.9,0.153,101.3,0.154,0.6972608064516129
Az_338,Запуск ЭЦН,2025-01-01,2025-01-03,3,41.1,0.058,29.0,0.021,0.005032333333333333
Az_338,НУР,2025-01-04,2025-01-10,7,40.1,0.068,29.1,0.015,0.018610142857142856
Az_338,Рост обводненности,2025-01-11,2025-08-07,209,38.8,0.11,27.4,0.061,0.009145722488038278
Az_338,Рост обводненности | Рост Рпл,2025-08-08,2025-09-17,41,36.8,0.119,26.9,0.032,0.10335702439024391
Az_338,Рост обводненности,2025-09-18,2025-10-21,34,35.0,0.227,28.0,0.061,0.013273117647058824
Az_338,Остановка,2025-10-22,2025-11-02,12,0.0,0.0,4.1,2.546,0.0
Az_338,Запуск ЭЦН,2025-11-03,2025-11-05,3,35.8,0.474,37.1,0.241,1.0775
Az_338,НУР,2025-11-06,2025-11-12,7,43.9,0.239,39.9,0.057,0.07495414285714286
Az_338,Снижение Рпл/КН,2025-11-13,2025-11-27,15,49.8,0.018,33.0,0.054,0.03465019999999999
Az_338,Рост обводненности,2025-11-28,2025-12-09,12,49.1,0.01,29.4,0.016,0.06271641666666668
Az_338,Рост обводненности | Рост Рпл,2025-12-10,2026-01-07,29,48.4,0.003,27.6,0.03,0.09594772413793104
Az_338,Рост обводненности,2026-01-08,2026-04-14,97,48.3,0.051,25.4,0.066,0.015368938144329897
Az_338,Остановка,2026-04-15,2026-04-15,1,1.2,0.0,26.6,0.0,0.0
Az_338,Запуск ЭЦН,2026-04-16,2026-04-18,3,48.1,0.011,25.3,0.049,0.031213333333333333
Az_338,НУР,2026-04-19,2026-04-25,7,41.8,0.123,22.8,0.027,0.05366
Az_338,Рост обводненности | Рост Рпл,2026-04-26,2026-04-28,3,39.7,0.194,23.1,0.03,0.015458666666666667
Az_338,Рост обводненности,2026-04-29,2026-05-01,3,38.0,0.197,22.8,0.037,0.189914
Az_476,Запуск ЭЦН,2025-01-01,2025-01-03,3,44.7,0.132,35.4,0.034,0.03262333333333333
Az_476,НУР,2025-01-04,2025-01-10,7,42.2,0.305,34.9,0.077,0.050551428571428574
Az_476,Рост обводненности | Рост Рпл,2025-01-11,2025-01-13,3,35.3,0.03,37.3,0.021,0.049256666666666664
Az_476,Деградация ЭЦН,2025-01-14,2025-01-26,13,35.8,0.066,37.8,0.016,0.10077946153846154
Az_476,Снижение Рпл/КН,2025-01-27,2025-02-04,9,34.1,0.129,38.3,0.018,0.03620988888888889
Az_476,Деградация ЭЦН,2025-02-05,2025-02-12,8,34.1,0.172,39.2,0.024,0.041328875
Az_476,Снижение Рпл/КН,2025-02-13,2025-03-03,19,36.5,0.096,38.2,0.015,0.030851000000000003
Az_476,Деградация ЭЦН,2025-03-04,2025-03-14,11,34.8,0.101,38.6,0.016,0.028754818181818183
Az_476,Снижение Рпл/КН,2025-03-15,2025-03-30,16,35.0,0.137,38.8,0.031,0.0252175625
Az_476,Деградация ЭЦН,2025-03-31,2025-04-02,3,38.2,0.009,38.3,0.004,0.03360733333333333
Az_476,Снижение Рпл/КН,2025-04-03,2025-04-04,2,37.4,0.0,38.3,0.0,0.0143295
Az_476,Остановка,2025-04-05,2025-04-06,2,0.0,0.0,47.6,0.0,0.0221025
Az_476,Запуск ЭЦН,2025-04-07,2025-04-09,3,27.6,0.392,43.5,0.078,0.028232999999999998
Az_476,НУР,2025-04-10,2025-04-16,7,35.9,0.05,40.0,0.004,0.02377057142857143
Az_476,Деградация ЭЦН,2025-04-17,2025-04-25,9,34.7,0.018,39.5,0.009,0.03414311111111111
Az_476,Снижение Рпл/КН,2025-04-26,2025-05-16,21,34.6,0.069,39.2,0.014,0.024246952380952383
Az_476,Деградация ЭЦН,2025-05-17,2025-05-19,3,34.2,0.033,39.3,0.006,0.026408666666666667
Az_476,Снижение Рпл/КН,2025-05-20,2025-06-18,30,33.4,0.089,38.5,0.026,0.023986699999999996
Az_476,Деградация ЭЦН,2025-06-19,2025-06-28,10,30.6,0.163,38.3,0.04,0.0369028
Az_476,Снижение Рпл/КН,2025-06-29,2025-07-01,3,26.1,0.471,38.3,0.046,0.03702233333333333
Az_476,Деградация ЭЦН,2025-07-02,2025-07-04,3,35.5,0.121,37.4,0.01,0.0
Az_476,Снижение Рпл/КН,2025-07-05,2025-07-13,9,29.9,0.201,38.0,0.05,0.06815500000000001
Az_476,Деградация ЭЦН,2025-07-14,2025-07-16,3,34.4,0.067,36.9,0.013,0.07104233333333333
Az_476,Снижение Рпл/КН,2025-07-17,2025-08-14,29,33.0,0.111,35.8,0.024,0.04826624137931034
Az_476,Деградация ЭЦН,2025-08-15,2025-08-17,3,34.1,0.082,34.5,0.017,0.077983
Az_476,Снижение Рпл/КН,2025-08-18,2025-08-24,7,31.2,0.106,34.7,0.016,0.09600342857142856
Az_476,Рост обводненности | Рост Рпл,2025-08-25,2025-09-16,23,33.8,0.272,35.1,0.166,0.09670943478260868
Az_476,Снижение Рпл/КН,2025-09-17,2025-10-12,26,53.6,0.083,36.0,0.118,0.07254065384615384
Az_476,Рост обводненности | Рост Рпл,2025-10-13,2025-10-27,15,56.6,0.079,30.5,0.03,0.10270473333333333
Az_476,Остановка,2025-10-28,2025-10-28,1,0.0,0.0,45.6,0.0,0.0
Az_476,Запуск ЭЦН,2025-10-29,2025-10-31,3,57.0,0.011,29.2,0.064,0.07401966666666666
Az_476,НУР,2025-11-01,2025-11-07,7,57.0,0.041,29.8,0.028,0.09147842857142856
Az_476,Рост обводненности | Рост Рпл,2025-11-08,2025-11-15,8,59.0,0.0,29.1,0.006,0.0079365
Az_476,Рост обводненности,2025-11-16,2025-11-18,3,59.0,0.0,28.8,0.004,0.06971000000000001
Az_476,Рост обводненности | Рост Рпл,2025-11-19,2026-05-01,164,57.4,0.032,25.4,0.059,0.09599835365853658
Az_753,Запуск ЭЦН,2025-01-01,2025-01-03,3,52.0,0.001,76.5,0.003,0.19214833333333334
Az_753,НУР,2025-01-04,2025-01-10,7,52.1,0.001,77.3,0.009,0.25250085714285714
Az_753,Снижение Рпл/КН,2025-01-11,2025-01-19,9,49.3,0.168,83.1,0.122,0.28876022222222225
Az_753,Деградация ЭЦН,2025-01-20,2025-01-27,8,49.4,0.001,81.0,0.015,0.187967
Az_753,Снижение Рпл/КН,2025-01-28,2025-01-30,3,37.8,0.533,64.7,0.411,0.4284333333333333
Az_753,Остановка,2025-01-31,2025-02-09,10,0.0,0.0,98.0,0.519,0.0
Az_753,Запуск ЭЦН,2025-02-10,2025-02-12,3,33.1,0.568,147.2,0.148,0.34580166666666673
Az_753,НУР,2025-02-13,2025-02-24,12,56.5,0.066,89.0,0.164,0.30192425
Az_753,Снижение Рпл/КН,2025-02-25,2025-07-01,127,58.3,0.09,59.1,0.24,0.361882094488189
Az_753,Деградация ЭЦН,2025-07-02,2025-07-08,7,57.8,0.01,72.9,0.125,0.3809922857142857
Az_753,Снижение Рпл/КН,2025-07-09,2025-10-08,92,57.5,0.052,71.1,0.222,0.21977546739130432
Az_753,Остановка,2025-10-09,2025-11-02,25,0.0,0.0,114.8,0.66,0.0
Az_753,Запуск ЭЦН,2025-11-03,2025-11-05,3,34.5,0.439,143.8,0.205,0.40424
Az_753,НУР,2025-11-06,2025-12-03,28,53.8,0.043,98.9,0.197,0.4612428571428571
Az_753,Снижение Рпл/КН,2025-12-04,2026-03-04,91,56.7,0.014,50.2,0.272,0.1830729120879121
Az_753,Рост обводненности | Рост Рпл,2026-03-05,2026-04-09,36,54.7,0.096,33.2,0.222,0.8363840833333334
Az_753,Снижение Рпл/КН,2026-04-10,2026-05-01,22,55.2,0.009,36.6,0.039,0.1552136363636364
Az_780,Запуск ЭЦН,2025-01-01,2025-01-03,3,55.0,0.0,50.3,0.001,0.341095
Az_780,НУР,2025-01-04,2025-01-10,7,55.0,0.0,50.2,0.005,0.31727042857142856
Az_780,Снижение Рпл/КН,2025-01-11,2025-01-19,9,53.1,0.095,52.2,0.161,0.2142153333333333
Az_780,Деградация ЭЦН,2025-01-20,2025-01-22,3,54.6,0.003,52.2,0.044,0.6257206666666667
Az_780,Снижение Рпл/КН,2025-01-23,2025-05-19,117,54.8,0.074,44.0,0.163,0.1949061452991453
Az_780,Деградация ЭЦН,2025-05-20,2025-05-27,8,25.9,0.74,83.9,0.177,0.14911025
Az_780,Остановка,2025-05-28,2025-07-22,56,0.0,7.483,56.4,1.052,0.002805214285714286
Az_780,Запуск ЭЦН,2025-07-23,2025-07-25,3,37.7,0.664,57.1,0.347,0.675968
Az_780,НУР,2025-07-26,2025-08-01,7,57.7,0.023,63.4,0.013,0.16574271428571427
Az_780,Снижение Рпл/КН,2025-08-02,2025-09-20,50,58.6,0.089,62.6,0.014,0.55844542
Az_780,Остановка,2025-09-21,2026-05-01,223,0.0,0.0,14.7,2.115,0.001159421524663677
Da_515,Запуск ЭЦН,2025-01-01,2025-01-03,3,51.5,0.0,35.5,0.002,0.5792323333333333
Da_515,НУР,2025-01-04,2025-01-10,7,51.2,0.018,35.8,0.011,0.5900945714285715
Da_515,Снижение Рпл/КН,2025-01-11,2025-01-22,12,51.4,0.006,35.1,0.009,0.5112611666666668
Da_515,Остановка,2025-01-23,2025-04-23,58,0.0,7.616,69.2,0.007,0.0025121724137931035
Da_515,Запуск ЭЦН,2025-04-24,2025-04-26,3,41.0,0.443,65.0,0.046,0.6526293333333334
Da_515,НУР,2025-04-27,2025-05-03,7,45.3,0.233,57.5,0.057,1.5639554285714286
Da_515,Снижение Рпл/КН,2025-05-04,2025-05-14,11,48.7,0.178,48.1,0.055,1.9663373636363637
Da_515,Остановка,2025-05-15,2025-05-15,1,0.0,0.0,64.4,0.0,0.0
Da_515,Запуск ЭЦН,2025-05-16,2025-05-18,3,40.9,0.449,51.9,0.165,1.2278876666666667
Da_515,НУР,2025-05-19,2025-05-25,7,51.5,0.0,42.1,0.03,1.5828772857142859
Da_515,Снижение Рпл/КН,2025-05-26,2025-05-28,3,46.1,0.112,42.5,0.054,1.4222029999999999
Da_515,Деградация ЭЦН,2025-05-29,2025-05-31,3,51.5,0.0,39.4,0.013,1.5145323333333334
Da_515,Снижение Рпл/КН,2025-06-01,2025-06-05,5,41.7,0.523,41.8,0.196,1.3178028
Da_515,Остановка,2025-06-06,2025-06-12,7,0.0,0.0,62.8,0.016,0.0
Da_515,Запуск ЭЦН,2025-06-13,2025-06-13,1,10.8,0.0,63.0,0.0,0.662483
Da_515,Остановка,2025-06-14,2025-08-08,54,0.0,0.0,66.0,0.015,0.0027360185185185183
Da_515,Запуск ЭЦН,2025-08-09,2025-08-11,3,33.9,0.756,59.5,0.114,0.8835663333333335
Da_515,НУР,2025-08-12,2025-08-18,7,50.0,0.0,45.9,0.058,0.6850871428571429
Da_515,Снижение Рпл/КН,2025-08-19,2025-09-03,16,48.2,0.147,40.3,0.055,1.1749995
Da_515,Остановка,2025-09-04,2025-09-09,6,0.0,0.0,56.9,0.03,0.0
Da_515,Запуск ЭЦН,2025-09-10,2025-09-12,3,42.3,0.316,47.1,0.15,1.4543386666666667
Da_515,НУР,2025-09-13,2025-09-19,7,50.0,0.0,38.3,0.033,1.5416355714285714
Da_515,Снижение Рпл/КН,2025-09-20,2025-10-09,20,49.7,0.023,34.8,0.033,1.38175655
Da_515,Рост обводненности | Рост Рпл,2025-10-10,2026-04-19,192,49.6,0.048,27.7,0.091,1.2437490677083334
Da_515,Остановка,2026-04-20,2026-05-01,12,0.2,3.464,56.5,0.03,0.0
Ic_002,Остановка,2025-01-01,2026-04-24,479,0.0,21.886,0.0,0.0,0.07331592066805845
Ic_002,Запуск ЭЦН,2026-04-25,2026-04-27,3,45.2,0.08,54.6,0.069,0.22257399999999997
Ic_002,НУР,2026-04-28,2026-05-04,7,46.4,0.267,61.0,0.308,0.39122
Ic_002,Снижение Рпл/КН,2026-05-05,2026-05-13,9,48.0,0.273,41.4,0.328,0.46531411111111115
Ic_349,Остановка / КВД,2025-01-01,2025-02-01,32,0.0,0.0,216.0,0.016,0.0
Ic_349,Запуск ЭЦН,2025-02-02,2025-02-04,3,36.4,0.359,182.9,0.142,0.05875333333333333
Ic_349,НУР,2025-02-05,2025-02-11,7,46.4,0.015,185.6,0.02,0.0
Ic_349,Рост Рпл,2025-02-12,2025-03-20,37,45.4,0.166,168.4,0.058,0.017762783783783785
Ic_349,Остановка,2025-03-21,2025-04-07,18,0.1,4.243,2.4,4.243,0.0
Ic_349,Запуск ЭЦН,2025-04-08,2025-04-10,3,25.7,0.887,138.0,0.746,0.562219
Ic_349,НУР,2025-04-11,2025-04-17,7,45.9,0.008,172.3,0.069,0.0
Ic_349,Рост Рпл,2025-04-18,2025-07-12,86,47.3,0.204,136.4,0.054,0.0
Ic_349,Снижение Рпл/КН,2025-07-13,2026-04-11,273,57.9,0.041,94.0,0.165,0.0017053699633699632
Ic_359,Запуск ЭЦН,2025-01-01,2025-01-03,3,55.0,0.001,80.3,0.032,0.6060463333333334
Ic_359,НУР,2025-01-04,2025-01-10,7,55.0,0.0,70.7,0.044,0.5537850000000001
Ic_359,Снижение Рпл/КН,2025-01-11,2025-03-03,52,54.4,0.076,56.6,0.068,0.47969999999999996
Ic_359,Деградация ЭЦН,2025-03-04,2025-03-14,11,49.8,0.189,58.3,0.046,0.44502845454545453
Ic_359,Снижение Рпл/КН,2025-03-15,2025-06-01,79,56.2,0.039,48.0,0.052,0.11978986075949367
Ic_359,Остановка,2025-06-02,2025-06-02,1,2.9,0.0,63.7,0.0,0.0
Ic_359,Запуск ЭЦН,2025-06-03,2025-06-05,3,55.7,0.058,51.7,0.024,0.232272
Ic_359,НУР,2025-06-06,2025-06-08,3,40.1,0.56,53.2,0.117,0.0
Ic_359,Остановка,2025-06-09,2025-06-11,3,0.4,1.732,86.9,0.128,0.0
Ic_359,Запуск ЭЦН,2025-06-12,2025-06-14,3,51.7,0.11,73.7,0.1,0.13587733333333332
Ic_359,НУР,2025-06-15,2025-06-21,7,57.3,0.016,58.8,0.07,0.184667
Ic_359,Снижение Рпл/КН,2025-06-22,2026-01-31,224,58.5,0.034,43.6,0.059,0.11627632589285716
Ic_359,Деградация ЭЦН,2026-02-01,2026-02-03,3,59.5,0.009,40.1,0.006,0.0
Ic_359,Снижение Рпл/КН,2026-02-04,2026-05-01,87,59.0,0.0,37.3,0.022,0.36647054022988507
Ic_367,Остановка / КВД,2025-01-01,2025-03-12,71,0.0,0.0,203.9,0.051,0.0
Ic_367,Запуск ЭЦН,2025-03-13,2025-03-15,3,27.0,0.846,194.4,0.103,0.16581066666666666
Ic_367,НУР,2025-03-16,2025-03-22,7,40.3,0.009,166.4,0.033,0.22824014285714286
Ic_367,Рост Рпл,2025-03-23,2025-05-01,40,43.7,0.045,137.3,0.069,0.067567325
Ic_367,Снижение Рпл/КН,2025-05-02,2025-05-05,4,37.5,0.483,126.6,0.049,0.0
Ic_367,Остановка / КВД,2025-05-06,2025-05-07,2,0.0,0.0,164.0,0.0,0.0
Ic_367,Запуск ЭЦН,2025-05-08,2025-05-10,3,27.6,0.778,140.7,0.121,0.0
Ic_367,НУР,2025-05-11,2025-05-17,7,45.9,0.002,123.2,0.017,0.0
Ic_367,Снижение Рпл/КН,2025-05-18,2025-06-01,15,44.7,0.1,115.2,0.023,0.0
Ic_367,НУР,2025-06-02,2025-06-09,8,33.6,0.462,115.9,0.053,0.0
Ic_367,Остановка / КВД,2025-06-10,2025-06-10,1,0.0,0.0,128.4,0.0,0.0
Ic_367,Запуск ЭЦН,2025-06-11,2025-06-13,3,31.1,0.765,121.8,0.085,0.0
Ic_367,НУР,2025-06-14,2025-06-23,10,45.9,0.054,107.1,0.023,0.0
Ic_367,Снижение Рпл/КН,2025-06-24,2025-07-20,27,46.9,0.054,98.9,0.025,0.0
Ic_367,НУР,2025-07-21,2025-08-09,20,48.4,0.018,92.3,0.02,0.026541500000000003
Ic_367,Снижение Рпл/КН,2025-08-10,2025-09-15,37,49.2,0.064,85.1,0.028,0.0
Ic_367,Остановка,2025-09-16,2025-09-22,7,0.0,0.0,100.0,0.057,0.0
Ic_367,Запуск ЭЦН,2025-09-23,2025-09-25,3,24.7,0.744,98.3,0.094,0.0
Ic_367,НУР,2025-09-26,2025-10-01,6,39.9,0.201,87.1,0.011,0.0
Ic_367,Остановка,2025-10-02,2025-10-02,1,0.0,0.0,98.8,0.0,0.0
Ic_367,Запуск ЭЦН,2025-10-03,2025-10-05,3,42.9,0.197,88.7,0.038,0.0
Ic_367,НУР,2025-10-06,2025-10-12,7,44.0,0.18,84.2,0.014,0.0
Ic_367,Снижение Рпл/КН,2025-10-13,2025-10-16,4,42.7,0.206,82.4,0.008,0.0
Ic_367,Деградация ЭЦН,2025-10-17,2025-10-19,3,48.9,0.004,82.1,0.006,0.0
Ic_367,Снижение Рпл/КН,2025-10-20,2026-02-12,116,49.1,0.049,69.9,0.091,0.0
Ic_367,Деградация ЭЦН,2026-02-13,2026-02-18,6,46.7,0.063,61.8,0.003,0.0
Ic_367,Снижение Рпл/КН,2026-02-19,2026-05-01,72,47.5,0.019,58.1,0.028,0.0
Ic_368,Запуск ЭЦН,2025-01-01,2025-01-03,3,50.5,0.0,86.4,0.011,0.0
Ic_368,НУР,2025-01-04,2025-01-10,7,50.5,0.0,82.0,0.018,0.012061142857142857
Ic_368,Снижение Рпл/КН,2025-01-11,2025-05-02,112,50.4,0.018,66.7,0.349,0.18693700892857143
Ic_368,Рост обводненности,2025-05-03,2025-05-05,3,37.7,0.586,0.0,0.0,0.071893
Ic_368,Остановка,2025-05-06,2025-05-22,17,0.0,0.0,0.0,0.0,0.0
Ic_368,Запуск ЭЦН,2025-05-23,2025-05-25,3,36.3,0.263,186.7,0.144,0.19631066666666666
Ic_368,НУР,2025-05-26,2025-06-01,7,47.6,0.124,174.2,0.062,0.30451828571428574
Ic_368,Рост Рпл,2025-06-02,2025-06-08,7,38.7,0.555,169.2,0.136,0.019529857142857144
Ic_368,Остановка / КВД,2025-06-09,2025-06-10,2,0.0,0.0,214.3,0.0,0.0
Ic_368,Запуск ЭЦН,2025-06-11,2025-06-13,3,36.0,0.82,186.5,0.175,0.0
Ic_368,НУР,2025-06-14,2025-06-20,7,55.0,0.026,139.4,0.064,0.018062571428571428
Ic_368,Рост Рпл,2025-06-21,2025-06-28,8,55.0,0.05,121.0,0.034,0.0
Ic_368,НУР,2025-06-29,2025-07-25,27,56.9,0.006,96.7,0.09,0.017456
Ic_368,Снижение Рпл/КН,2025-07-26,2025-07-28,3,51.7,0.178,90.6,0.023,0.042846999999999996
Ic_368,НУР,2025-07-29,2025-07-31,3,57.0,0.0,84.9,0.019,0.0
Ic_368,Снижение Рпл/КН,2025-08-01,2025-08-26,26,55.6,0.126,75.2,0.049,0.003276884615384615
Ic_368,Деградация ЭЦН,2025-08-27,2025-09-01,6,55.1,0.082,80.4,0.092,0.013661833333333333
Ic_368,Снижение Рпл/КН,2025-09-02,2026-01-18,139,57.7,0.026,47.2,0.196,0.12140738848920864
Ic_368,Деградация ЭЦН,2026-01-19,2026-01-21,3,56.5,0.0,39.2,0.011,0.05198566666666667
Ic_368,Снижение Рпл/КН,2026-01-22,2026-03-25,63,57.4,0.005,36.0,0.029,0.10678106349206348
Ic_368,Рост обводненности | Рост Рпл,2026-03-26,2026-04-10,16,57.5,0.0,34.0,0.005,0.00411625
Ic_368,Рост обводненности,2026-04-11,2026-04-16,6,57.5,0.0,33.8,0.001,0.22733716666666667
Ic_368,Рост обводненности | Рост Рпл,2026-04-17,2026-05-01,15,57.5,0.0,33.5,0.006,0.18477713333333334
Ic_370,Остановка,2025-01-01,2025-01-30,30,0.0,0.0,0.7,5.477,0.0
Ic_370,Запуск ЭЦН,2025-01-31,2025-02-02,3,36.4,0.5,49.1,0.36,0.051987666666666675
Ic_370,НУР,2025-02-03,2025-02-09,7,50.9,0.006,59.7,0.041,0.07505257142857144
Ic_370,Снижение Рпл/КН,2025-02-10,2025-06-07,118,54.3,0.032,40.1,0.135,0.08047515254237288
Ic_370,Рост обводненности | Рост Рпл,2025-06-08,2025-07-03,26,54.1,0.096,33.9,0.021,0.12264565384615385
Ic_370,Остановка,2025-07-04,2025-07-04,1,0.0,0.0,44.2,0.0,0.0
Ic_370,Запуск ЭЦН,2025-07-05,2025-07-07,3,45.0,0.384,37.3,0.086,0.20770666666666662
Ic_370,НУР,2025-07-08,2025-07-14,7,54.8,0.005,33.9,0.022,0.017977285714285716
Ic_370,Рост обводненности,2025-07-15,2025-07-17,3,54.5,0.001,32.8,0.004,0.34847133333333336
Ic_370,Рост обводненности | Рост Рпл,2025-07-18,2025-09-03,48,54.2,0.006,30.4,0.039,0.1612871875
Ic_370,Рост обводненности,2025-09-04,2025-09-11,8,53.3,0.003,28.0,0.009,0.125079625
Ic_370,Рост обводненности | Рост Рпл,2025-09-12,2025-10-03,22,48.8,0.225,29.9,0.062,0.05160981818181817
Ic_370,Рост обводненности,2025-10-04,2025-10-08,5,53.1,0.001,28.3,0.005,0.21076860000000003
Ic_370,Рост обводненности | Рост Рпл,2025-10-09,2026-01-31,115,52.0,0.064,28.0,0.028,0.15425521739130435
Ic_370,Рост обводненности,2026-02-01,2026-02-05,5,54.0,0.001,28.0,0.002,0.2579152
Ic_370,Рост обводненности | Рост Рпл,2026-02-06,2026-03-28,51,53.7,0.004,27.9,0.005,0.16467949019607844
Ic_370,Рост обводненности,2026-03-29,2026-04-02,5,53.3,0.0,27.6,0.002,0.25991759999999997
Ic_370,Рост обводненности | Рост Рпл,2026-04-03,2026-05-01,29,53.2,0.002,26.9,0.013,0.1406385172413793
Ic_805,Запуск ЭЦН,2025-01-01,2025-01-03,3,39.9,0.186,124.6,0.032,0.052396
Ic_805,НУР,2025-01-04,2025-01-06,3,37.6,0.2,118.5,0.042,0.06231966666666666
Ic_805,Остановка / КВД,2025-01-07,2025-01-07,1,0.0,0.0,135.0,0.0,0.0
Ic_805,Запуск ЭЦН,2025-01-08,2025-01-10,3,39.7,0.195,124.8,0.028,0.13997866666666667
Ic_805,НУР,2025-01-11,2025-01-11,1,23.8,0.0,106.5,0.0,0.0
Ic_805,Остановка / КВД,2025-01-12,2025-01-12,1,0.0,0.0,176.9,0.0,0.0
Ic_805,Запуск ЭЦН,2025-01-13,2025-01-15,3,38.7,0.254,126.2,0.031,0.023888999999999997
Ic_805,НУР,2025-01-16,2025-01-23,8,28.5,0.553,124.5,0.04,0.07809437500000001
Ic_805,Остановка / КВД,2025-01-24,2025-02-01,9,0.0,0.0,140.4,0.02,0.0
Ic_805,Запуск ЭЦН,2025-02-02,2025-02-04,3,31.0,0.73,135.6,0.045,0.018438
Ic_805,НУР,2025-02-05,2025-02-19,15,33.7,0.368,123.1,0.088,0.055306133333333334
Ic_805,Остановка / КВД,2025-02-20,2025-02-20,1,0.0,0.0,136.0,0.0,0.0
Ic_805,Запуск ЭЦН,2025-02-21,2025-02-23,3,37.0,0.377,130.9,0.031,0.0
Ic_805,НУР,2025-02-24,2025-02-27,4,10.5,1.141,151.0,0.13,0.0
Ic_805,Остановка / КВД,2025-02-28,2025-02-28,1,0.0,0.0,179.9,0.0,0.0
Ic_805,Запуск ЭЦН,2025-03-01,2025-03-03,3,10.8,0.606,168.2,0.206,0.0
Ic_805,Остановка / КВД,2025-03-04,2025-03-06,3,0.0,0.0,140.4,0.012,0.0
Ic_805,Запуск ЭЦН,2025-03-07,2025-03-07,1,11.4,0.0,162.5,0.0,0.0
Ic_805,Остановка / КВД,2025-03-08,2025-03-08,1,0.0,0.0,210.5,0.0,0.0
Ic_805,Запуск ЭЦН,2025-03-09,2025-03-09,1,24.4,0.0,165.3,0.0,0.0
Ic_805,Остановка / КВД,2025-03-10,2025-03-11,2,0.0,0.0,140.7,0.0,0.0
Ic_805,Запуск ЭЦН,2025-03-12,2025-03-12,1,2.7,0.0,209.8,0.0,0.0
Ic_805,Остановка / КВД,2025-03-13,2025-03-13,1,0.0,0.0,312.6,0.0,0.0
Ic_805,Запуск ЭЦН,2025-03-14,2025-03-14,1,22.4,0.0,125.2,0.0,0.0
Ic_805,Остановка / КВД,2025-03-15,2025-03-15,1,0.0,0.0,145.3,0.0,0.0
Ic_805,Запуск ЭЦН,2025-03-16,2025-03-18,3,15.1,0.805,128.8,0.161,0.015990666666666667
Ic_805,Остановка,2025-03-19,2025-04-08,21,0.0,0.0,94.8,0.893,0.0
Ic_805,Запуск ЭЦН,2025-04-09,2025-04-11,3,7.1,0.733,104.1,0.698,0.1478303333333333
Ic_805,НУР,2025-04-12,2025-04-13,2,25.9,0.0,100.4,0.0,0.03882
Ic_805,Остановка,2025-04-14,2025-04-28,15,0.0,0.0,103.2,1.049,0.0
Ic_805,Запуск ЭЦН,2025-04-29,2025-05-01,3,31.7,0.526,213.3,0.502,0.17533433333333334
Ic_805,НУР,2025-05-02,2025-05-08,7,50.1,0.09,150.7,0.003,0.2150555714285714
Ic_805,Рост Рпл,2025-05-09,2025-06-14,37,53.7,0.11,150.4,0.008,0.02370545945945946
Ic_805,Остановка / КВД,2025-06-15,2025-06-19,5,0.7,2.236,171.7,0.15,0.0
Ic_805,Запуск ЭЦН,2025-06-20,2025-06-22,3,17.3,1.05,257.6,0.671,0.09622633333333334
Ic_805,НУР,2025-06-23,2025-06-23,1,3.6,0.0,164.8,0.0,0.0
Ic_805,Остановка / КВД,2025-06-24,2025-06-24,1,0.4,0.0,168.4,0.0,0.0
Ic_805,Запуск ЭЦН,2025-06-25,2025-06-27,3,51.4,0.092,155.0,0.005,0.26157933333333333
Ic_805,НУР,2025-06-28,2025-07-04,7,55.9,0.039,155.7,0.003,0.08523471428571429
Ic_805,Рост Рпл,2025-07-05,2025-08-04,31,54.6,0.121,160.4,0.171,0.023568677419354842
Ic_805,Остановка / КВД,2025-08-05,2025-08-10,6,0.0,0.0,310.3,0.618,0.0
Ic_805,Запуск ЭЦН,2025-08-11,2025-08-13,3,33.8,0.586,161.6,0.117,0.014661333333333334
Ic_805,НУР,2025-08-14,2025-08-20,7,52.4,0.04,136.2,0.038,0.03785657142857143
Ic_805,Рост Рпл,2025-08-21,2025-09-07,18,44.1,0.385,128.8,0.066,0.016911944444444445
Ic_805,НУР,2025-09-08,2025-12-01,85,47.5,0.243,105.0,0.119,0.0011080941176470588
Ic_805,Снижение Рпл/КН,2025-12-02,2025-12-07,6,52.5,0.083,85.4,0.046,0.0
Ic_805,Остановка / КВД,2025-12-08,2025-12-10,3,0.5,1.732,296.0,0.582,0.0
Ic_805,Запуск ЭЦН,2025-12-11,2025-12-13,3,54.3,0.025,93.8,0.073,0.0
Ic_805,НУР,2025-12-14,2025-12-20,7,48.6,0.145,86.5,0.052,0.0
Ic_805,Снижение Рпл/КН,2025-12-21,2025-12-30,10,45.3,0.164,83.2,0.046,0.012017400000000001
Ic_805,Деградация ЭЦН,2025-12-31,2026-01-03,4,46.1,0.035,81.2,0.029,0.0
Ic_805,Снижение Рпл/КН,2026-01-04,2026-01-06,3,33.6,0.391,66.4,0.428,0.0
Ic_805,Деградация ЭЦН,2026-01-07,2026-01-12,6,46.6,0.055,80.7,0.022,0.020927333333333336
Ic_805,Снижение Рпл/КН,2026-01-13,2026-02-09,28,47.1,0.076,72.2,0.055,0.008697107142857144
Ic_805,Деградация ЭЦН,2026-02-10,2026-02-15,6,47.0,0.074,70.6,0.034,0.0
Ic_805,Снижение Рпл/КН,2026-02-16,2026-03-16,29,45.9,0.111,64.6,0.144,0.0025114827586206895
Ic_805,Деградация ЭЦН,2026-03-17,2026-03-19,3,46.5,0.045,62.9,0.034,0.0
Ic_805,Снижение Рпл/КН,2026-03-20,2026-03-31,12,42.9,0.194,64.8,0.123,0.006060583333333334
Ic_805,Деградация ЭЦН,2026-04-01,2026-04-01,1,2.7,0.0,32.6,0.0,0.0
Ic_805,Остановка,2026-04-02,2026-04-12,11,0.0,0.0,0.0,0.0,0.0
Ic_805,Запуск ЭЦН,2026-04-13,2026-04-15,3,33.1,0.777,79.8,0.523,0.029599333333333335
Ic_805,НУР,2026-04-16,2026-04-22,7,49.6,0.036,88.6,0.072,0.0
Ic_805,Деградация ЭЦН,2026-04-23,2026-04-25,3,49.7,0.005,70.8,0.049,0.0
Ic_805,Снижение Рпл/КН,2026-04-26,2026-04-28,3,32.3,0.586,62.3,0.131,0.0
Ic_805,Деградация ЭЦН,2026-04-29,2026-05-01,3,46.7,0.061,68.2,0.072,0.0
Ic_914,Остановка,2025-01-01,2025-07-16,197,0.0,0.0,0.0,0.0,0.0
Ic_914,Запуск ЭЦН,2025-07-17,2025-07-19,3,33.2,0.81,106.6,0.723,0.0
Ic_914,НУР,2025-07-20,2025-07-28,9,43.0,0.055,126.8,0.057,0.025322555555555556
Ic_914,Снижение Рпл/КН,2025-07-29,2025-07-31,3,46.7,0.083,113.6,0.023,0.3425
Ic_914,НУР,2025-08-01,2025-09-07,38,43.7,0.076,96.1,0.09,0.45023678947368423
Ic_914,Снижение Рпл/КН,2025-09-08,2025-09-10,3,41.9,0.154,83.1,0.011,0.0
Ic_914,Остановка,2025-09-11,2025-09-24,14,0.0,0.0,25.7,1.935,0.007033714285714286
Ic_914,Запуск ЭЦН,2025-09-25,2025-09-26,2,20.7,0.0,141.4,0.0,0.0
Ic_914,Остановка / КВД,2025-09-27,2025-10-02,6,0.0,0.0,168.2,0.048,0.0
Ic_914,Запуск ЭЦН,2025-10-03,2025-10-05,3,42.5,0.038,134.7,0.111,0.016649
Ic_914,НУР,2025-10-06,2025-11-03,29,40.7,0.159,96.7,0.109,0.0
Ic_914,Остановка,2025-11-04,2025-12-02,29,0.2,3.262,88.6,0.909,0.0
Ic_914,Запуск ЭЦН,2025-12-03,2025-12-05,3,30.4,0.475,149.4,0.17,0.16334233333333334
Ic_914,НУР,2025-12-06,2025-12-12,7,45.6,0.048,132.5,0.11,0.9737784285714284
Ic_914,Рост Рпл,2025-12-13,2025-12-15,3,44.9,0.058,114.1,0.03,0.0
Ic_914,НУР,2025-12-16,2026-01-18,34,36.2,0.426,95.1,0.329,0.47504482352941174
Ic_914,Снижение Рпл/КН,2026-01-19,2026-01-21,3,35.6,0.39,70.4,0.304,0.0
Ic_914,Деградация ЭЦН,2026-01-22,2026-01-27,6,37.7,0.434,96.2,0.179,0.0
Ic_914,Снижение Рпл/КН,2026-01-28,2026-02-08,12,40.9,0.266,69.0,0.072,0.0
Ic_914,Остановка,2026-02-09,2026-02-09,1,0.0,0.0,99.8,0.0,0.0
Ic_914,Запуск ЭЦН,2026-02-10,2026-02-12,3,43.8,0.206,86.7,0.14,0.0
Ic_914,НУР,2026-02-13,2026-02-19,7,47.7,0.055,62.2,0.088,0.0
Ic_914,Деградация ЭЦН,2026-02-20,2026-02-21,2,36.0,0.0,57.8,0.0,0.0
Ic_914,Остановка,2026-02-22,2026-02-22,1,0.0,0.0,84.8,0.0,0.0
Ic_914,Запуск ЭЦН,2026-02-23,2026-02-25,3,34.2,0.774,97.8,0.139,0.0
Ic_914,НУР,2026-02-26,2026-03-04,7,47.9,0.04,64.7,0.084,0.0
Ic_914,Снижение Рпл/КН,2026-03-05,2026-03-12,8,46.8,0.053,53.1,0.043,0.0
Ic_914,Деградация ЭЦН,2026-03-13,2026-03-29,17,41.7,0.276,63.0,0.2,0.0
Ic_914,Снижение Рпл/КН,2026-03-30,2026-04-25,27,46.8,0.068,61.6,0.084,0.0
Ic_914,Деградация ЭЦН,2026-04-26,2026-05-01,6,45.3,0.121,58.8,0.063,0.0
Mc_010,Запуск ЭЦН,2025-01-01,2025-01-03,3,55.7,0.04,51.6,0.005,0.0
Mc_010,НУР,2025-01-04,2025-01-10,7,57.0,0.0,50.1,0.01,0.0
Mc_010,Снижение Рпл/КН,2025-01-11,2025-04-28,106,58.8,0.066,41.0,0.103,0.0
Mc_010,Рост обводненности,2025-04-29,2025-04-29,1,44.5,0.0,26.9,0.0,0.0
Mc_010,Остановка,2025-04-30,2025-05-08,9,0.0,0.0,0.0,0.0,0.0
Mc_010,Запуск ЭЦН,2025-05-09,2025-05-11,3,33.5,0.527,55.6,0.32,0.0
Mc_010,НУР,2025-05-12,2025-05-18,7,51.9,0.069,40.0,0.024,0.0
Mc_010,Снижение Рпл/КН,2025-05-19,2025-06-06,19,52.2,0.037,38.2,0.009,0.0
Mc_010,Деградация ЭЦН,2025-06-07,2025-06-16,10,48.6,0.028,37.9,0.01,0.0
Mc_010,Снижение Рпл/КН,2025-06-17,2025-08-12,57,46.7,0.097,49.0,0.147,0.0
Mc_010,Деградация ЭЦН,2025-08-13,2025-08-18,6,46.6,0.018,65.0,0.012,0.0
Mc_010,Снижение Рпл/КН,2025-08-19,2025-10-23,66,48.6,0.095,79.0,0.081,0.0
Mc_010,Деградация ЭЦН,2025-10-24,2025-10-29,6,49.4,0.062,90.3,0.007,0.0
Mc_010,Снижение Рпл/КН,2025-10-30,2025-11-02,4,47.2,0.176,89.2,0.014,0.0
Mc_010,Остановка / КВД,2025-11-03,2025-11-06,4,0.0,0.0,155.5,0.23,0.0
Mc_010,Запуск ЭЦН,2025-11-07,2025-11-09,3,42.9,0.265,110.7,0.298,0.0
Mc_010,НУР,2025-11-10,2025-11-16,7,54.2,0.029,74.3,0.078,0.0
Mc_010,Снижение Рпл/КН,2025-11-17,2025-11-19,3,36.7,0.703,72.3,0.097,0.0
Mc_010,Деградация ЭЦН,2025-11-20,2025-11-23,4,55.4,0.005,63.7,0.027,0.0
Mc_010,Снижение Рпл/КН,2025-11-24,2026-01-15,53,57.4,0.093,72.3,0.238,0.0
Mc_010,НУР,2026-01-16,2026-02-25,41,53.4,0.243,95.2,0.167,0.1860991463414634
Mc_010,Снижение Рпл/КН,2026-02-26,2026-03-11,14,54.0,0.18,70.2,0.181,0.36542692857142856
Mc_010,Деградация ЭЦН,2026-03-12,2026-03-19,8,56.1,0.027,63.0,0.046,0.327686625
Mc_010,Снижение Рпл/КН,2026-03-20,2026-03-22,3,47.3,0.37,66.4,0.202,0.18974266666666664
Mc_010,Деградация ЭЦН,2026-03-23,2026-03-24,2,33.5,0.0,68.6,0.0,0.638822
Mc_010,Остановка,2026-03-25,2026-04-03,10,0.0,0.0,4.0,3.162,0.0260683
Mc_010,Запуск ЭЦН,2026-04-04,2026-04-06,3,29.3,0.5,86.1,0.243,0.2397796666666667
Mc_010,Остановка / КВД,2026-04-07,2026-05-01,25,0.0,0.0,159.4,0.05,0.0
Mc_014,Остановка,2025-01-20,2025-01-20,1,0.0,0.0,0.0,0.0,0.0
Mc_014,Запуск ЭЦН,2025-01-21,2025-01-21,1,9.5,0.0,89.9,0.0,0.0
Mc_014,Остановка / КВД,2025-01-22,2025-01-22,1,0.0,0.0,123.2,0.0,0.0
Mc_014,Запуск ЭЦН,2025-01-23,2025-01-25,3,21.0,0.348,117.4,0.004,0.0017670000000000001
Mc_014,НУР,2025-01-26,2025-01-26,1,3.7,0.0,116.3,0.0,0.126805
Mc_014,Остановка,2025-01-27,2025-05-10,102,0.0,10.1,102.7,0.346,0.014032745098039215
Mc_014,Запуск ЭЦН,2025-05-11,2025-05-11,1,16.6,0.0,111.3,0.0,0.001116
Mc_014,Остановка,2025-05-12,2025-06-12,32,0.0,0.0,119.4,0.005,0.00116753125
Mc_014,Запуск ЭЦН,2025-06-13,2025-06-14,2,16.5,0.0,108.2,0.0,0.0
Mc_014,Остановка,2025-06-15,2025-08-27,74,0.0,0.0,112.2,0.027,0.0
Mc_014,Запуск ЭЦН,2025-08-28,2025-08-30,3,29.0,0.768,98.4,0.095,5.933333333333333e-05
Mc_014,Остановка,2025-08-31,2025-09-10,11,0.1,2.904,86.2,0.144,0.0
Mc_014,Запуск ЭЦН,2025-09-11,2025-09-11,1,11.5,0.0,59.2,0.0,0.0
Mc_014,Остановка,2025-09-12,2025-09-17,6,0.2,2.449,106.9,0.013,0.0
Mc_014,Запуск ЭЦН,2025-09-18,2025-09-20,3,14.2,0.744,102.0,0.059,0.03437066666666667
Mc_014,НУР,2025-09-21,2025-09-22,2,11.0,0.0,101.2,0.0,0.02568
Mc_014,Остановка,2025-09-23,2025-09-30,8,0.0,0.0,106.7,0.018,0.011665375
Mc_014,Запуск ЭЦН,2025-10-01,2025-10-03,3,33.0,0.369,90.8,0.078,0.029596333333333336
Mc_014,НУР,2025-10-04,2025-10-10,7,44.8,0.113,84.3,0.031,0.0
Mc_014,Снижение Рпл/КН,2025-10-11,2025-11-04,25,50.3,0.206,74.6,0.047,0.00024428000000000004
Mc_014,Остановка,2025-11-05,2025-11-09,5,0.0,0.0,38.6,0.677,0.0
Mc_014,Запуск ЭЦН,2025-11-10,2025-11-12,3,39.8,0.742,94.1,0.48,0.0
Mc_014,НУР,2025-11-13,2025-11-19,7,58.1,0.054,66.6,0.017,0.0014811428571428573
Mc_014,Деградация ЭЦН,2025-11-20,2025-11-22,3,59.7,0.004,65.8,0.001,0.0
Mc_014,Снижение Рпл/КН,2025-11-23,2025-12-12,20,57.3,0.148,66.8,0.026,0.008591200000000002
Mc_014,Деградация ЭЦН,2025-12-13,2025-12-15,3,60.0,0.0,66.5,0.007,0.0
Mc_014,Снижение Рпл/КН,2025-12-16,2026-03-03,78,59.2,0.09,61.3,0.042,0.006135333333333334
Mc_014,Деградация ЭЦН,2026-03-04,2026-03-11,8,56.5,0.151,57.7,0.027,0.031606125
Mc_014,Снижение Рпл/КН,2026-03-12,2026-03-30,19,58.6,0.099,54.5,0.019,0.0007700526315789474
Mc_014,Остановка,2026-03-31,2026-03-31,1,0.0,0.0,69.6,0.0,0.0
Mc_014,Запуск ЭЦН,2026-04-01,2026-04-03,3,48.1,0.3,55.4,0.062,0.0
Mc_014,НУР,2026-04-04,2026-04-10,7,48.5,0.33,53.4,0.04,0.0
Mc_014,Деградация ЭЦН,2026-04-11,2026-04-14,4,54.0,0.0,51.8,0.007,0.01031725
Mc_014,Снижение Рпл/КН,2026-04-15,2026-05-01,17,52.0,0.13,49.4,0.022,0.003526470588235294
Mc_1003,Запуск ЭЦН,2025-01-01,2025-01-03,3,54.9,0.003,44.6,0.003,0.0
Mc_1003,НУР,2025-01-04,2025-01-10,7,56.9,0.018,43.4,0.012,0.0
Mc_1003,Снижение Рпл/КН,2025-01-11,2025-01-30,20,57.8,0.048,40.4,0.058,0.0
Mc_1003,Остановка,2025-01-31,2025-02-11,12,0.0,0.0,0.0,0.0,0.0
Mc_1003,Запуск ЭЦН,2025-02-12,2025-02-14,3,32.9,0.608,49.5,0.414,0.0
Mc_1003,НУР,2025-02-15,2025-02-21,7,49.7,0.046,46.9,0.114,0.0
Mc_1003,Снижение Рпл/КН,2025-02-22,2025-07-09,138,58.3,0.063,40.5,0.088,0.0
Mc_1003,Рост обводненности,2025-07-10,2026-04-11,276,56.8,0.121,27.4,0.233,0.001977840579710145
Mc_1003,Снижение Рпл/КН,2026-04-12,2026-04-14,3,35.4,0.552,78.4,0.108,0.006291666666666667
Mc_1003,Деградация ЭЦН,2026-04-15,2026-04-21,7,48.6,0.018,71.0,0.054,0.013840428571428575
Mc_1003,Снижение Рпл/КН,2026-04-22,2026-05-01,10,50.3,0.005,57.6,0.031,0.0151002
Mc_1004,Остановка / КВД,2025-01-01,2025-01-09,9,0.0,0.0,150.5,0.75,0.0
Mc_1004,Запуск ЭЦН,2025-01-10,2025-01-12,3,37.0,0.29,134.8,0.205,0.0
Mc_1004,НУР,2025-01-13,2025-02-04,23,53.5,0.057,91.0,0.147,0.0
Mc_1004,Снижение Рпл/КН,2025-02-05,2025-03-19,43,57.5,0.086,51.9,0.212,0.0
Mc_1004,Деградация ЭЦН,2025-03-20,2025-03-22,3,59.7,0.008,39.0,0.061,0.0
Mc_1004,Снижение Рпл/КН,2025-03-23,2025-04-18,27,59.8,0.016,35.4,0.049,0.0
Mc_1004,Рост обводненности,2025-04-19,2026-02-03,291,55.0,0.15,24.8,0.333,0.0035761890034364256
Mc_1004,Деградация ЭЦН,2026-02-04,2026-02-07,4,34.3,0.651,66.3,0.417,0.0134955
Mc_1004,Остановка / КВД,2026-02-08,2026-02-15,8,0.0,2.828,129.8,0.042,0.019482125
Mc_1004,Запуск ЭЦН,2026-02-16,2026-02-16,1,2.6,0.0,150.7,0.0,0.063181
Mc_1004,Остановка / КВД,2026-02-17,2026-02-18,2,0.0,0.0,145.2,0.0,0.0
Mc_1004,Запуск ЭЦН,2026-02-19,2026-02-21,3,39.9,0.154,126.1,0.064,0.19196633333333332
Mc_1004,НУР,2026-02-22,2026-02-27,6,46.4,0.111,92.2,0.128,0.032667499999999995
Mc_1004,Остановка / КВД,2026-02-28,2026-03-04,5,0.0,2.236,138.6,0.027,0.0
Mc_1004,Запуск ЭЦН,2026-03-05,2026-03-05,1,1.7,0.0,186.9,0.0,0.0
Mc_1004,Остановка,2026-03-06,2026-04-07,33,0.0,0.0,27.5,2.236,0.0
Mc_20414,Запуск ЭЦН,2025-01-01,2025-01-03,3,60.0,0.001,65.7,0.028,0.0
Mc_20414,НУР,2025-01-04,2025-01-10,7,57.5,0.028,63.1,0.156,0.0
Mc_20414,Деградация ЭЦН,2025-01-11,2025-01-13,3,57.2,0.048,76.0,0.03,0.034078333333333335
Mc_20414,Снижение Рпл/КН,2025-01-14,2025-01-18,5,50.8,0.322,82.8,0.048,0.1427668
Mc_20414,Деградация ЭЦН,2025-01-19,2025-01-21,3,43.0,0.331,84.5,0.088,0.13019266666666665
Mc_20414,Остановка,2025-01-22,2025-01-25,4,0.0,0.0,34.3,0.837,0.03901025
Mc_20414,Запуск ЭЦН,2025-01-26,2025-01-28,3,26.2,0.543,76.5,0.408,0.008343666666666668
Mc_20414,НУР,2025-01-29,2025-02-02,5,42.1,0.182,85.2,0.024,0.09061079999999999
Mc_20414,Остановка,2025-02-03,2025-02-08,6,0.0,0.0,118.9,0.221,0.0032029999999999997
Mc_20414,Запуск ЭЦН,2025-02-09,2025-02-11,3,31.5,0.481,110.1,0.06,0.21882466666666667
Mc_20414,НУР,2025-02-12,2025-02-15,4,31.6,0.434,111.0,0.089,0.52817425
Mc_20414,Остановка / КВД,2025-02-16,2025-02-16,1,0.9,0.0,129.9,0.0,0.0
Mc_20414,Запуск ЭЦН,2025-02-17,2025-02-19,3,41.8,0.146,102.8,0.083,0.2940873333333333
Mc_20414,НУР,2025-02-20,2025-03-11,20,51.2,0.328,96.1,0.079,0.14822235
Mc_20414,Остановка,2025-03-12,2025-03-17,6,0.0,2.449,0.0,0.0,0.03410066666666667
Mc_20414,Запуск ЭЦН,2025-03-18,2025-03-20,3,41.0,0.194,104.0,0.064,0.025954
Mc_20414,НУР,2025-03-21,2025-03-29,7,52.6,0.04,91.1,0.059,0.0
Mc_20414,Снижение Рпл/КН,2025-03-30,2025-04-24,26,52.4,0.088,72.3,0.186,0.008549346153846154
Mc_20414,Деградация ЭЦН,2025-04-25,2025-05-08,14,30.6,0.668,88.5,0.159,0.1008557142857143
Mc_20414,Снижение Рпл/КН,2025-05-09,2025-05-12,4,20.6,0.911,87.1,0.22,0.0707275
Mc_20414,Остановка,2025-05-13,2025-05-13,1,0.1,0.0,106.8,0.0,0.0
Mc_20414,Запуск ЭЦН,2025-05-14,2025-05-16,3,44.1,0.305,84.9,0.137,0.20500466666666664
Mc_20414,НУР,2025-05-17,2025-05-23,7,52.9,0.031,73.6,0.013,0.188083
Mc_20414,Снижение Рпл/КН,2025-05-24,2025-06-08,16,51.2,0.162,78.7,0.029,0.0954361875
Mc_20414,Деградация ЭЦН,2025-06-09,2025-06-13,5,43.2,0.229,138.9,0.538,0.1233348
Mc_20414,НУР,2025-06-14,2025-06-18,5,0.0,0.0,238.8,0.0,0.0039714
Mc_20414,Рост Рпл,2025-06-19,2025-07-06,18,47.1,0.472,105.6,0.581,0.2121556111111111
Mc_20414,НУР,2025-07-07,2025-07-11,5,57.6,0.078,68.7,0.037,0.1551092
Mc_20414,Снижение Рпл/КН,2025-07-12,2025-07-14,3,46.5,0.444,75.0,0.104,0.090851
Mc_20414,Деградация ЭЦН,2025-07-15,2025-07-17,3,61.9,0.004,62.4,0.02,0.13201233333333331
Mc_20414,Снижение Рпл/КН,2025-07-18,2025-07-23,6,51.7,0.345,67.6,0.131,0.16098483333333333
Mc_20414,Деградация ЭЦН,2025-07-24,2025-07-26,3,61.0,0.029,67.9,0.056,0.21090299999999998
Mc_20414,Снижение Рпл/КН,2025-07-27,2025-08-28,33,61.0,0.114,70.5,0.205,0.19258875757575758
Mc_20414,Остановка / КВД,2025-08-29,2025-09-08,11,0.0,0.0,181.0,0.158,0.00025136363636363637
Mc_20414,Запуск ЭЦН,2025-09-09,2025-09-11,3,41.8,0.164,102.8,0.119,0.3976166666666667
Mc_20414,НУР,2025-09-12,2025-09-18,7,52.9,0.005,73.5,0.071,0.4016482857142858
Mc_20414,Снижение Рпл/КН,2025-09-19,2025-10-11,23,50.2,0.173,57.9,0.137,0.10846808695652176
Mc_20414,Деградация ЭЦН,2025-10-12,2025-10-19,8,45.0,0.386,70.7,0.212,0.02544275
Mc_20414,Снижение Рпл/КН,2025-10-20,2025-11-03,15,50.8,0.06,51.8,0.097,0.003624
Mc_20414,Деградация ЭЦН,2025-11-04,2025-11-12,9,45.5,0.351,70.1,0.189,0.008941777777777778
Mc_20414,Снижение Рпл/КН,2025-11-13,2025-11-16,4,38.8,0.569,64.8,0.348,0.01343175
Mc_20414,Деградация ЭЦН,2025-11-17,2025-11-19,3,46.6,0.175,77.3,0.133,0.008069
Mc_20414,Снижение Рпл/КН,2025-11-20,2025-12-07,18,48.2,0.145,60.0,0.16,0.06631711111111112
Mc_20414,Деградация ЭЦН,2025-12-08,2025-12-09,2,42.2,0.0,56.2,0.0,0.7210129999999999
Mc_20414,Остановка,2025-12-10,2025-12-11,2,0.1,0.0,96.9,0.0,0.0
Mc_20414,Запуск ЭЦН,2025-12-12,2025-12-14,3,44.1,0.191,74.3,0.108,0.7016663333333334
Mc_20414,НУР,2025-12-15,2025-12-20,6,50.3,0.029,51.3,0.106,0.418312
Mc_20414,Остановка,2025-12-21,2025-12-21,1,0.0,0.0,89.9,0.0,0.0
Mc_20414,Запуск ЭЦН,2025-12-22,2025-12-24,3,41.6,0.23,81.5,0.123,0.08872200000000001
Mc_20414,НУР,2025-12-25,2025-12-31,7,50.9,0.009,62.3,0.099,0.2832494285714286
Mc_20414,Снижение Рпл/КН,2026-01-01,2026-01-02,2,26.2,0.0,67.8,0.0,0.515002
Mc_20414,Остановка,2026-01-03,2026-01-03,1,0.0,0.0,99.1,0.0,0.0
Mc_20414,Запуск ЭЦН,2026-01-04,2026-01-06,3,44.2,0.232,84.2,0.183,0.25517633333333334
Mc_20414,НУР,2026-01-07,2026-01-13,7,50.0,0.0,65.5,0.032,0.33647485714285713
Mc_20414,Снижение Рпл/КН,2026-01-14,2026-01-20,7,46.8,0.18,56.9,0.1,0.8870387142857142
Mc_20414,Деградация ЭЦН,2026-01-21,2026-01-31,11,39.0,0.497,82.5,0.125,0.18047254545454547
Mc_20414,Снижение Рпл/КН,2026-02-01,2026-02-13,13,48.6,0.409,69.4,0.167,0.3631986923076923
Mc_20414,Остановка,2026-02-14,2026-02-17,4,0.0,0.0,41.3,1.21,0.0
Mc_20414,Запуск ЭЦН,2026-02-18,2026-02-20,3,32.5,0.757,56.8,0.67,0.0
Mc_20414,НУР,2026-02-21,2026-02-27,7,45.4,0.194,57.5,0.128,0.24893157142857142
Mc_20414,Деградация ЭЦН,2026-02-28,2026-03-07,8,41.2,0.35,58.3,0.293,0.2741845
Mc_20414,Остановка,2026-03-08,2026-03-08,1,0.0,0.0,83.1,0.0,0.0
Mc_20414,Запуск ЭЦН,2026-03-09,2026-03-10,2,40.8,0.0,59.2,0.0,0.377077
Mc_20414,Остановка,2026-03-11,2026-03-12,2,0.0,0.0,85.6,0.0,0.0
Mc_20414,Запуск ЭЦН,2026-03-13,2026-03-15,3,38.6,0.248,61.5,0.27,0.6617286666666667
Mc_20414,НУР,2026-03-16,2026-03-16,1,35.6,0.0,54.3,0.0,0.628631
Mc_20414,Остановка,2026-03-17,2026-03-17,1,0.0,0.0,109.0,0.0,0.0
Mc_20414,Запуск ЭЦН,2026-03-18,2026-03-20,3,7.8,0.763,111.0,0.037,0.0
Mc_20414,НУР,2026-03-21,2026-03-21,1,0.5,0.0,118.5,0.0,0.0
Mc_20414,Остановка / КВД,2026-03-22,2026-03-22,1,0.0,0.0,121.6,0.0,0.0
Mc_20414,Запуск ЭЦН,2026-03-23,2026-03-25,3,30.5,0.82,107.4,0.135,0.15135933333333332
Mc_20414,НУР,2026-03-26,2026-04-01,7,50.0,0.0,83.2,0.028,0.3893447142857143
Mc_20414,Снижение Рпл/КН,2026-04-02,2026-04-09,8,45.0,0.312,80.0,0.061,0.425701125
Mc_20414,Деградация ЭЦН,2026-04-10,2026-04-16,7,47.6,0.166,80.0,0.069,0.35147357142857144
Mc_20414,Снижение Рпл/КН,2026-04-17,2026-04-27,11,43.0,0.363,71.9,0.168,0.19033490909090905
Mc_20414,Остановка,2026-04-28,2026-04-28,1,0.0,0.0,108.9,0.0,0.0
Mc_20414,Запуск ЭЦН,2026-04-29,2026-05-01,3,38.0,0.36,86.1,0.054,0.34914933333333337
Mc_601,Запуск ЭЦН,2025-01-01,2025-01-03,3,55.6,0.006,71.0,0.014,0.0
Mc_601,НУР,2025-01-04,2025-01-10,7,55.3,0.009,68.9,0.009,0.0
Mc_601,Снижение Рпл/КН,2025-01-11,2025-01-26,16,54.2,0.074,68.2,0.023,0.0
Mc_601,Деградация ЭЦН,2025-01-27,2025-01-28,2,26.4,0.0,75.3,0.0,0.0
Mc_601,Остановка / КВД,2025-01-29,2025-02-02,5,0.0,0.0,120.3,0.413,0.0
Mc_601,Запуск ЭЦН,2025-02-03,2025-02-05,3,9.4,0.804,144.9,0.167,0.0
Mc_601,НУР,2025-02-06,2025-02-12,7,53.3,0.1,73.7,0.086,0.0
Mc_601,Снижение Рпл/КН,2025-02-13,2025-02-19,7,51.2,0.173,69.2,0.083,0.0
Mc_601,Деградация ЭЦН,2025-02-20,2025-02-22,3,54.6,0.02,70.5,0.018,0.0
Mc_601,Снижение Рпл/КН,2025-02-23,2025-03-21,27,51.7,0.101,63.7,0.069,0.0
Mc_601,Деградация ЭЦН,2025-03-22,2025-03-24,3,49.9,0.0,55.1,0.003,0.0
Mc_601,Снижение Рпл/КН,2025-03-25,2025-03-27,3,39.4,0.333,60.3,0.054,0.0
Mc_601,Деградация ЭЦН,2025-03-28,2025-03-30,3,56.3,0.009,57.3,0.025,0.0
Mc_601,Снижение Рпл/КН,2025-03-31,2025-04-10,11,48.9,0.23,59.9,0.07,0.0
Mc_601,Остановка,2025-04-11,2025-04-13,3,0.0,0.0,68.9,0.029,0.0
Mc_601,Запуск ЭЦН,2025-04-14,2025-04-16,3,46.8,0.446,64.9,0.134,0.0
Mc_601,НУР,2025-04-17,2025-04-23,7,42.5,0.609,58.6,0.028,0.0
Mc_601,Снижение Рпл/КН,2025-04-24,2025-04-29,6,42.2,0.599,51.3,0.299,0.0
Mc_601,Остановка,2025-04-30,2025-05-23,23,0.0,0.0,0.0,0.0,0.0
Mc_601,Запуск ЭЦН,2025-05-24,2025-05-26,3,32.0,0.712,65.5,0.454,0.0
Mc_601,НУР,2025-05-27,2025-06-02,7,47.6,0.069,69.0,0.054,0.0
Mc_601,Снижение Рпл/КН,2025-06-03,2025-09-08,98,55.4,0.124,57.4,0.065,0.0
Mc_601,Деградация ЭЦН,2025-09-09,2025-09-19,11,55.6,0.077,56.0,0.024,0.0
Mc_601,Снижение Рпл/КН,2025-09-20,2025-10-13,24,52.0,0.109,57.4,0.032,0.0
Mc_601,Деградация ЭЦН,2025-10-14,2025-10-16,3,58.5,0.024,63.5,0.016,0.0
Mc_601,Снижение Рпл/КН,2025-10-17,2025-11-04,19,58.0,0.115,69.4,0.035,0.0
Mc_601,Остановка,2025-11-05,2025-11-08,4,0.0,0.0,39.5,0.62,0.0
Mc_601,Запуск ЭЦН,2025-11-09,2025-11-11,3,44.7,0.127,78.9,0.04,0.0
Mc_601,НУР,2025-11-12,2025-11-18,7,55.8,0.063,71.4,0.037,0.0
Mc_601,Снижение Рпл/КН,2025-11-19,2025-11-23,5,48.7,0.254,70.2,0.034,0.0
Mc_601,Деградация ЭЦН,2025-11-24,2025-11-29,6,54.3,0.045,72.2,0.022,0.0
Mc_601,Снижение Рпл/КН,2025-11-30,2026-01-07,39,53.3,0.126,72.4,0.04,0.0
Mc_601,Деградация ЭЦН,2026-01-08,2026-01-10,3,56.2,0.007,80.9,0.011,0.0
Mc_601,Снижение Рпл/КН,2026-01-11,2026-01-29,19,53.9,0.183,88.9,0.075,0.0
Mc_601,Деградация ЭЦН,2026-01-30,2026-02-01,3,50.4,0.136,101.4,0.029,0.0
Mc_601,НУР,2026-02-02,2026-02-20,19,54.4,0.139,104.3,0.041,0.1504892105263158
Mc_601,Остановка,2026-02-21,2026-03-01,9,0.0,3.0,69.7,0.59,0.0
Mc_601,Запуск ЭЦН,2026-03-02,2026-03-04,3,33.6,0.437,137.8,0.099,0.053336666666666664
Mc_601,НУР,2026-03-05,2026-03-11,7,48.1,0.049,110.4,0.061,0.093728
Mc_601,Снижение Рпл/КН,2026-03-12,2026-03-14,3,53.3,0.017,97.4,0.021,0.16636466666666666
Mc_601,НУР,2026-03-15,2026-03-30,16,53.3,0.023,88.9,0.037,0.1682736875
Mc_601,Снижение Рпл/КН,2026-03-31,2026-04-09,10,48.6,0.255,91.3,0.084,0.1521357
Mc_601,Деградация ЭЦН,2026-04-10,2026-04-12,3,48.2,0.124,98.9,0.054,0.09068766666666667
Mc_601,НУР,2026-04-13,2026-04-24,12,47.5,0.263,90.1,0.051,0.29683058333333334
Vt_3311,Запуск ЭЦН,2025-01-01,2025-01-03,3,40.3,0.459,51.5,0.914,0.0
Vt_3311,НУР,2025-01-04,2025-01-10,7,49.0,0.351,0.0,0.0,0.010331000000000002
Vt_3311,Рост обводненности,2025-01-11,2025-01-15,5,55.4,0.065,0.0,0.0,0.025108799999999997
Vt_3311,Остановка,2025-01-16,2025-01-16,1,0.0,0.0,0.0,0.0,0.0
Vt_3311,Запуск ЭЦН,2025-01-17,2025-01-19,3,38.7,0.625,0.0,0.0,0.0
Vt_3311,НУР,2025-01-20,2025-01-22,3,58.3,0.018,0.0,0.0,0.0
Vt_3311,Остановка,2025-01-23,2025-01-23,1,0.0,0.0,0.0,0.0,0.0
Vt_3311,Запуск ЭЦН,2025-01-24,2025-01-26,3,55.1,0.079,0.0,0.0,0.0
Vt_3311,НУР,2025-01-27,2025-01-27,1,58.7,0.0,0.0,0.0,0.0
Vt_3311,Остановка,2025-01-28,2025-01-28,1,0.0,0.0,0.0,0.0,0.0
Vt_3311,Запуск ЭЦН,2025-01-29,2025-01-31,3,45.5,0.318,0.0,0.0,0.0
Vt_3311,НУР,2025-02-01,2025-02-03,3,57.7,0.053,0.0,0.0,0.0
Vt_3311,Остановка,2025-02-04,2025-02-04,1,0.0,0.0,0.0,0.0,0.0
Vt_3311,Запуск ЭЦН,2025-02-05,2025-02-07,3,54.8,0.112,0.0,0.0,0.0
Vt_3311,НУР,2025-02-08,2025-02-08,1,58.3,0.0,0.0,0.0,0.0
Vt_3311,Остановка,2025-02-09,2025-02-09,1,0.7,0.0,0.0,0.0,0.0
Vt_3311,Запуск ЭЦН,2025-02-10,2025-02-12,3,38.8,0.784,0.0,0.0,0.0
Vt_3311,НУР,2025-02-13,2025-02-19,7,48.1,0.375,0.0,0.0,0.024292714285714286
Vt_3311,Остановка,2025-02-20,2025-02-20,1,0.0,0.0,0.0,0.0,0.0
Vt_3311,Запуск ЭЦН,2025-02-21,2025-02-23,3,45.6,0.171,0.0,0.0,0.0
Vt_3311,НУР,2025-02-24,2025-03-01,6,48.9,0.104,0.0,0.0,0.025339
Vt_3311,Остановка,2025-03-02,2025-03-03,2,0.0,0.0,0.0,0.0,0.0
Vt_3311,Запуск ЭЦН,2025-03-04,2025-03-06,3,49.5,0.028,0.0,0.0,0.05741333333333334
Vt_3311,НУР,2025-03-07,2025-03-13,7,51.0,0.05,2.0,2.646,0.006073857142857143
Vt_3311,Остановка,2025-03-14,2025-03-14,1,0.0,0.0,69.2,0.0,0.0
Vt_3311,Запуск ЭЦН,2025-03-15,2025-03-17,3,47.2,0.131,23.3,1.654,0.0
Vt_3311,НУР,2025-03-18,2025-03-24,7,50.6,0.008,0.0,0.0,0.0
Vt_3311,Рост обводненности,2025-03-25,2025-05-17,54,49.1,0.11,0.1,7.348,0.00788187037037037
Vt_3311,Остановка,2025-05-18,2025-06-02,16,0.0,0.0,37.6,1.266,0.0
Vt_3311,Запуск ЭЦН,2025-06-03,2025-06-05,3,44.0,0.082,117.4,0.019,0.036924000000000005
Vt_3311,НУР,2025-06-06,2025-06-29,24,52.5,0.097,106.8,0.039,0.016008583333333333
Vt_3311,Снижение Рпл/КН,2025-06-30,2026-02-11,227,56.4,0.042,97.0,0.018,0.005151621145374449
Vt_3311,НУР,2026-02-12,2026-02-27,16,54.8,0.027,88.3,0.041,0.003994625
Vt_3311,Снижение Рпл/КН,2026-02-28,2026-04-10,42,53.2,0.11,70.5,0.105,0.0
Vt_3311,Деградация ЭЦН,2026-04-11,2026-04-18,8,49.5,0.272,66.2,0.034,0.0
Vt_3311,Снижение Рпл/КН,2026-04-19,2026-05-01,13,54.1,0.003,61.7,0.016,0.08411476923076923
Vt_410,Запуск ЭЦН,2025-01-01,2025-01-03,3,45.4,0.002,155.3,0.009,0.0
Vt_410,НУР,2025-01-04,2025-01-10,7,45.4,0.004,150.8,0.011,0.037520142857142856
Vt_410,Рост Рпл,2025-01-11,2025-02-04,25,46.5,0.17,132.4,0.093,0.01795004
Vt_410,НУР,2025-02-05,2025-02-15,11,50.8,0.002,107.7,0.03,0.0
Vt_410,Снижение Рпл/КН,2025-02-16,2025-03-02,15,49.2,0.091,98.3,0.028,0.029322533333333334
Vt_410,Остановка,2025-03-03,2025-03-04,2,0.0,0.0,105.9,0.0,0.0
Vt_410,Запуск ЭЦН,2025-03-05,2025-03-07,3,36.7,0.61,112.0,0.036,0.0
Vt_410,НУР,2025-03-08,2025-03-14,7,50.2,0.01,96.7,0.039,0.007767428571428571
Vt_410,Снижение Рпл/КН,2025-03-15,2025-03-29,15,54.0,0.02,94.9,0.083,0.013501599999999999
Vt_410,НУР,2025-03-30,2025-04-04,6,53.6,0.049,75.5,0.033,0.0046635
Vt_410,Снижение Рпл/КН,2025-04-05,2025-05-20,46,54.1,0.047,59.5,0.08,0.00871713043478261
Vt_410,Деградация ЭЦН,2025-05-21,2025-05-23,3,52.7,0.023,55.1,0.011,0.0
Vt_410,Снижение Рпл/КН,2025-05-24,2025-06-03,11,50.3,0.064,56.2,0.026,0.008178272727272727
Vt_410,Деградация ЭЦН,2025-06-04,2025-06-06,3,49.6,0.056,58.7,0.006,0.0
Vt_410,Снижение Рпл/КН,2025-06-07,2025-06-22,16,48.0,0.164,58.7,0.022,0.01062425
Vt_410,Остановка,2025-06-23,2025-07-05,13,0.0,0.0,88.8,0.142,0.0
Vt_410,Запуск ЭЦН,2025-07-06,2025-07-08,3,37.0,0.651,101.6,0.091,0.04382766666666666
Vt_410,НУР,2025-07-09,2025-07-15,7,49.4,0.049,85.2,0.042,0.0038364285714285714
Vt_410,Снижение Рпл/КН,2025-07-16,2025-08-20,36,50.0,0.128,65.7,0.251,0.006832722222222223
Vt_410,Остановка / КВД,2025-08-21,2025-09-09,20,0.0,4.472,238.8,0.0,0.0
Vt_410,Запуск ЭЦН,2025-09-10,2025-09-12,3,34.3,0.474,166.4,0.21,0.021245
Vt_410,НУР,2025-09-13,2025-09-23,11,47.2,0.165,114.9,0.092,0.0
Vt_410,Остановка / КВД,2025-09-24,2025-09-27,4,0.0,0.0,129.9,0.085,0.0
Vt_410,Запуск ЭЦН,2025-09-28,2025-09-30,3,46.3,0.176,125.3,0.098,0.012305333333333333
Vt_410,НУР,2025-10-01,2025-10-07,7,51.0,0.0,102.1,0.051,0.004889285714285714
Vt_410,Снижение Рпл/КН,2025-10-08,2025-10-12,5,51.0,0.0,92.4,0.017,0.0
Vt_410,НУР,2025-10-13,2025-10-24,12,52.1,0.013,84.3,0.036,0.010465750000000001
Vt_410,Снижение Рпл/КН,2025-10-25,2026-04-04,162,54.3,0.066,56.8,0.129,0.024961598765432098
Vt_410,Деградация ЭЦН,2026-04-05,2026-04-11,7,49.5,0.244,51.6,0.039,0.0038074285714285714
Vt_410,Остановка,2026-04-12,2026-04-12,1,0.0,0.0,57.2,0.0,0.0
Vt_410,Запуск ЭЦН,2026-04-13,2026-04-15,3,44.8,0.376,57.1,0.031,0.0
Vt_410,НУР,2026-04-16,2026-04-22,7,54.5,0.0,51.2,0.029,0.004084
Vt_410,Снижение Рпл/КН,2026-04-23,2026-05-01,9,54.9,0.012,47.8,0.02,0.03718844444444444
Vt_419,Запуск ЭЦН,2025-01-01,2025-01-03,3,47.9,0.233,53.2,0.057,0.0
Vt_419,НУР,2025-01-04,2025-01-10,7,50.7,0.068,50.3,0.02,0.013372
Vt_419,Снижение Рпл/КН,2025-01-11,2025-01-13,3,48.7,0.12,51.6,0.028,0.0
Vt_419,Деградация ЭЦН,2025-01-14,2025-01-16,3,51.9,0.099,49.8,0.037,0.141743
Vt_419,Снижение Рпл/КН,2025-01-17,2025-01-28,12,47.5,0.183,49.9,0.139,0.0
Vt_419,Деградация ЭЦН,2025-01-29,2025-01-31,3,52.8,0.02,55.0,0.101,0.0
Vt_419,Снижение Рпл/КН,2025-02-01,2025-02-15,15,49.3,0.124,47.7,0.062,0.0351724
Vt_419,Остановка,2025-02-16,2025-02-16,1,0.0,0.0,68.8,0.0,0.0
Vt_419,Запуск ЭЦН,2025-02-17,2025-02-19,3,29.3,0.512,72.1,0.039,0.33973633333333336
Vt_419,НУР,2025-02-20,2025-02-26,7,41.5,0.313,65.6,0.087,0.10057542857142857
Vt_419,Снижение Рпл/КН,2025-02-27,2025-03-13,15,46.9,0.285,51.8,0.145,0.028266999999999997
Vt_419,Остановка,2025-03-14,2025-03-29,16,0.0,0.0,0.0,0.0,0.0
Vt_419,Запуск ЭЦН,2025-03-30,2025-04-01,3,32.4,0.678,70.7,0.521,0.360902
Vt_419,НУР,2025-04-02,2025-04-08,7,47.5,0.026,78.1,0.059,0.09054042857142856
Vt_419,Снижение Рпл/КН,2025-04-09,2025-04-11,3,41.7,0.149,74.0,0.028,0.0
Vt_419,Деградация ЭЦН,2025-04-12,2025-04-16,5,45.8,0.112,68.3,0.048,0.0237816
Vt_419,Снижение Рпл/КН,2025-04-17,2025-05-13,27,47.8,0.091,55.7,0.087,0.02431133333333333
Vt_419,Деградация ЭЦН,2025-05-14,2025-05-18,5,45.6,0.228,54.0,0.165,0.0
Vt_419,Снижение Рпл/КН,2025-05-19,2025-06-04,17,44.8,0.11,49.9,0.077,0.030932176470588234
Vt_419,Деградация ЭЦН,2025-06-05,2025-06-08,4,44.2,0.099,56.4,0.019,0.0
Vt_419,Снижение Рпл/КН,2025-06-09,2025-07-12,34,45.9,0.14,53.7,0.089,0.040945264705882355
Vt_419,Деградация ЭЦН,2025-07-13,2025-07-15,3,49.1,0.054,55.9,0.03,0.03410866666666667
Vt_419,Снижение Рпл/КН,2025-07-16,2025-08-13,29,46.7,0.172,50.8,0.077,0.01434996551724138
Vt_419,Деградация ЭЦН,2025-08-14,2025-08-17,4,49.3,0.007,60.7,0.069,0.025569
Vt_419,Снижение Рпл/КН,2025-08-18,2025-09-03,17,47.7,0.11,50.0,0.057,0.06188605882352941
Vt_419,Деградация ЭЦН,2025-09-04,2025-09-13,10,44.5,0.116,48.2,0.072,0.0357159
Vt_419,Снижение Рпл/КН,2025-09-14,2025-10-16,33,46.6,0.111,46.0,0.03,0.019685575757575756
Vt_419,Деградация ЭЦН,2025-10-17,2025-10-19,3,48.7,0.003,46.3,0.03,0.0
Vt_419,Снижение Рпл/КН,2025-10-20,2025-11-27,39,46.8,0.127,46.0,0.067,0.023053153846153845
Vt_419,Деградация ЭЦН,2025-11-28,2025-11-30,3,48.4,0.008,55.0,0.054,0.0
Vt_419,Снижение Рпл/КН,2025-12-01,2025-12-11,11,44.9,0.193,52.1,0.126,0.016925727272727273
Vt_419,Деградация ЭЦН,2025-12-12,2025-12-14,3,48.7,0.013,55.4,0.053,0.0
Vt_419,Снижение Рпл/КН,2025-12-15,2025-12-31,17,46.1,0.24,49.7,0.137,0.0530125294117647
Vt_419,Деградация ЭЦН,2026-01-01,2026-01-06,6,49.5,0.004,49.1,0.048,0.04078266666666667
Vt_419,Снижение Рпл/КН,2026-01-07,2026-01-18,12,40.9,0.333,52.0,0.185,0.028146583333333332
Vt_419,Деградация ЭЦН,2026-01-19,2026-01-25,7,48.8,0.012,53.8,0.108,0.026191142857142857
Vt_419,Снижение Рпл/КН,2026-01-26,2026-03-15,49,47.9,0.142,45.4,0.079,0.030079489795918367
Vt_419,Остановка,2026-03-16,2026-03-18,3,0.0,1.732,84.7,0.035,0.0
Vt_419,Запуск ЭЦН,2026-03-19,2026-03-19,1,1.4,0.0,86.3,0.0,0.0
Vt_419,Остановка,2026-03-20,2026-03-21,2,0.0,0.0,93.3,0.0,0.0
Vt_419,Запуск ЭЦН,2026-03-22,2026-03-24,3,36.3,0.561,88.8,0.209,0.028485
Vt_419,НУР,2026-03-25,2026-03-31,7,48.4,0.005,63.5,0.061,0.07184114285714285
Vt_419,Снижение Рпл/КН,2026-04-01,2026-04-11,11,45.5,0.242,56.9,0.06,0.014940000000000002
Vt_419,Остановка,2026-04-12,2026-04-12,1,0.0,0.0,86.5,0.0,0.0
Vt_419,Запуск ЭЦН,2026-04-13,2026-04-15,3,41.4,0.289,72.9,0.151,0.0
Vt_419,НУР,2026-04-16,2026-04-22,7,48.9,0.005,57.6,0.042,0.012308857142857144
Vt_419,Снижение Рпл/КН,2026-04-23,2026-04-26,4,44.0,0.158,59.8,0.11,0.02347425
Vt_419,Остановка,2026-04-27,2026-04-27,1,0.6,0.0,88.4,0.0,0.0
Vt_419,Запуск ЭЦН,2026-04-28,2026-04-29,2,6.0,0.0,100.2,0.0,0.0
Vt_419,Остановка,2026-04-30,2026-05-01,2,0.2,0.0,106.3,0.0,0.0
Vt_4401,Запуск ЭЦН,2025-01-01,2025-01-03,3,54.9,0.001,91.0,0.008,0.0
Vt_4401,НУР,2025-01-04,2025-01-10,7,55.7,0.008,90.0,0.005,0.0
Vt_4401,Снижение Рпл/КН,2025-01-11,2025-02-08,29,55.2,0.063,73.8,0.174,0.0
Vt_4401,Деградация ЭЦН,2025-02-09,2025-02-16,8,34.1,0.63,76.4,0.135,0.0
Vt_4401,Остановка,2025-02-17,2025-02-17,1,0.0,0.0,88.6,0.0,0.0
Vt_4401,Запуск ЭЦН,2025-02-18,2025-02-20,3,53.3,0.026,81.5,0.025,0.0
Vt_4401,НУР,2025-02-21,2025-02-27,7,54.8,0.007,80.2,0.003,0.0
Vt_4401,Снижение Рпл/КН,2025-02-28,2025-03-04,5,48.0,0.373,82.2,0.029,0.0
Vt_4401,Деградация ЭЦН,2025-03-05,2025-03-08,4,56.8,0.004,84.9,0.013,0.0
Vt_4401,Снижение Рпл/КН,2025-03-09,2025-03-15,7,53.5,0.115,79.2,0.034,0.0
Vt_4401,Остановка / КВД,2025-03-16,2025-03-16,1,0.2,0.0,242.9,0.0,0.0
Vt_4401,Запуск ЭЦН,2025-03-17,2025-03-17,1,5.6,0.0,136.5,0.0,0.0
Vt_4401,Остановка / КВД,2025-03-18,2025-03-23,6,0.0,0.0,384.7,0.329,0.0
Vt_4401,Запуск ЭЦН,2025-03-24,2025-03-26,3,42.7,0.211,95.6,0.029,0.0
Vt_4401,НУР,2025-03-27,2025-04-02,7,54.3,0.023,81.6,0.052,0.0
Vt_4401,Снижение Рпл/КН,2025-04-03,2025-04-08,6,47.0,0.447,71.8,0.238,0.0
Vt_4401,Остановка,2025-04-09,2025-04-10,2,0.0,0.0,114.0,0.0,0.0
Vt_4401,Запуск ЭЦН,2025-04-11,2025-04-13,3,38.5,0.44,90.4,0.226,0.0
Vt_4401,НУР,2025-04-14,2025-04-20,7,50.9,0.007,70.2,0.025,0.0
Vt_4401,Снижение Рпл/КН,2025-04-21,2025-05-02,12,48.7,0.254,66.6,0.269,0.0
Vt_4401,Деградация ЭЦН,2025-05-03,2025-05-12,10,37.1,0.456,86.3,0.505,0.0
Vt_4401,Остановка / КВД,2025-05-13,2025-05-13,1,0.0,0.0,129.6,0.0,0.0
Vt_4401,Запуск ЭЦН,2025-05-14,2025-05-16,3,1.9,0.448,175.3,0.144,0.0
Vt_4401,НУР,2025-05-17,2025-05-23,7,5.1,0.425,132.5,0.153,0.0
Vt_4401,Остановка / КВД,2025-05-24,2025-05-24,1,0.0,0.0,145.6,0.0,0.0
Vt_4401,Запуск ЭЦН,2025-05-25,2025-05-27,3,5.6,0.468,180.5,0.219,0.0
Vt_4401,НУР,2025-05-28,2025-05-28,1,6.2,0.0,95.1,0.0,0.0
Vt_4401,Остановка,2025-05-29,2025-06-25,28,0.1,5.292,28.7,2.149,0.0
Vt_4401,Запуск ЭЦН,2025-06-26,2025-06-28,3,32.8,0.418,158.5,0.2,0.0
Vt_4401,НУР,2025-06-29,2025-06-29,1,27.8,0.0,174.0,0.0,0.0
Vt_4401,Остановка / КВД,2025-06-30,2025-06-30,1,0.0,0.0,182.0,0.0,0.0
Vt_4401,Запуск ЭЦН,2025-07-01,2025-07-03,3,47.9,0.096,175.4,0.008,0.0
Vt_4401,НУР,2025-07-04,2025-07-04,1,19.8,0.0,174.5,0.0,0.0
Vt_4401,Остановка / КВД,2025-07-05,2025-07-15,11,0.0,3.317,173.7,0.199,0.0
Vt_4401,Запуск ЭЦН,2025-07-16,2025-07-18,3,45.6,0.076,128.8,0.281,0.0
Vt_4401,НУР,2025-07-19,2025-07-19,1,24.6,0.0,112.3,0.0,0.0
Vt_4401,Остановка / КВД,2025-07-20,2025-07-20,1,0.0,0.0,215.6,0.0,0.0
Vt_4401,Запуск ЭЦН,2025-07-21,2025-07-23,3,17.5,0.484,172.4,0.069,0.0
Vt_4401,НУР,2025-07-24,2025-07-30,7,13.5,0.811,87.2,0.409,0.0
Vt_4401,Деградация ЭЦН,2025-07-31,2025-08-01,2,3.1,0.0,183.0,0.0,0.0
Vt_4401,Остановка,2025-08-02,2025-09-01,31,0.0,0.0,119.6,0.369,0.0
Vt_4401,Запуск ЭЦН,2025-09-02,2025-09-02,1,3.9,0.0,210.3,0.0,0.0
Vt_4401,Остановка / КВД,2025-09-03,2025-09-09,7,0.0,0.0,233.7,0.021,0.0
Vt_4401,Запуск ЭЦН,2025-09-10,2025-09-10,1,5.3,0.0,263.0,0.0,0.0
Vt_4401,Остановка,2025-09-11,2025-10-07,27,0.0,0.0,5.5,5.196,0.0
Vt_4401,Запуск ЭЦН,2025-10-08,2025-10-10,3,37.4,0.113,206.7,0.031,1.0970883333333334
Vt_4401,НУР,2025-10-11,2025-10-17,7,40.6,0.187,198.0,0.02,0.5652364285714285
Vt_4401,Рост Рпл,2025-10-18,2026-03-08,142,56.3,0.108,173.8,0.042,0.06348409154929577
Vt_4401,Остановка / КВД,2026-03-09,2026-03-26,18,0.3,3.165,187.8,1.028,0.0
Vt_4401,Запуск ЭЦН,2026-03-27,2026-03-29,3,23.0,0.649,195.0,0.054,0.0
Vt_4401,НУР,2026-03-30,2026-04-05,7,38.7,0.048,157.7,0.073,0.09126771428571427
Vt_4401,Рост Рпл,2026-04-06,2026-04-23,18,45.8,0.011,125.9,0.056,0.015155611111111113
Vt_4401,НУР,2026-04-24,2026-04-26,3,46.0,0.0,115.0,0.008,0.0
Vt_4401,Снижение Рпл/КН,2026-04-27,2026-05-01,5,46.9,0.005,111.5,0.013,0.0219494
Vt_605,Запуск ЭЦН,2025-01-01,2025-01-03,3,53.6,0.001,51.3,0.004,0.31682266666666664
Vt_605,НУР,2025-01-04,2025-01-10,7,53.8,0.001,50.4,0.006,0.2404227142857143
Vt_605,Снижение Рпл/КН,2025-01-11,2025-02-25,46,53.5,0.074,47.0,0.034,0.257109195652174
Vt_605,Остановка,2025-02-26,2025-02-27,2,0.0,0.0,50.9,0.0,0.190282
Vt_605,Запуск ЭЦН,2025-02-28,2025-03-02,3,52.6,0.043,48.7,0.042,0.10062366666666667
Vt_605,НУР,2025-03-03,2025-03-09,7,54.1,0.003,45.5,0.01,0.15860357142857143
Vt_605,Снижение Рпл/КН,2025-03-10,2025-03-12,3,50.3,0.114,44.9,0.008,0.3016876666666667
Vt_605,Деградация ЭЦН,2025-03-13,2025-03-15,3,54.8,0.009,44.4,0.007,0.174229
Vt_605,Снижение Рпл/КН,2025-03-16,2025-05-08,54,52.7,0.098,42.6,0.012,0.18345262962962963
Vt_605,Остановка,2025-05-09,2025-05-09,1,2.8,0.0,47.5,0.0,0.427803
Vt_605,Запуск ЭЦН,2025-05-10,2025-05-10,1,9.1,0.0,47.5,0.0,0.269861
Vt_605,Остановка,2025-05-11,2025-05-12,2,0.0,0.0,50.2,0.0,0.5001105
Vt_605,Запуск ЭЦН,2025-05-13,2025-05-15,3,48.0,0.161,51.2,0.025,0.3929723333333333
Vt_605,НУР,2025-05-16,2025-05-22,7,45.0,0.265,47.0,0.016,0.22018628571428572
Vt_605,Снижение Рпл/КН,2025-05-23,2025-10-26,157,52.8,0.027,39.7,0.084,0.07401424203821655
Vt_605,Рост обводненности,2025-10-27,2025-11-09,14,52.6,0.057,33.0,0.013,0.07948392857142858
Vt_605,Рост обводненности | Рост Рпл,2025-11-10,2025-11-26,17,47.7,0.316,32.7,0.05,0.1251694117647059
Vt_605,Остановка,2025-11-27,2025-11-27,1,1.9,0.0,40.9,0.0,0.0
Vt_605,Запуск ЭЦН,2025-11-28,2025-11-28,1,7.6,0.0,40.7,0.0,0.0
Vt_605,Остановка,2025-11-29,2025-11-30,2,0.0,0.0,43.8,0.0,0.0
Vt_605,Запуск ЭЦН,2025-12-01,2025-12-01,1,10.3,0.0,43.6,0.0,0.0
Vt_605,Остановка,2025-12-02,2025-12-06,5,0.7,2.236,46.8,0.04,0.0
Vt_605,Запуск ЭЦН,2025-12-07,2025-12-07,1,10.3,0.0,47.1,0.0,0.0
Vt_605,Остановка,2025-12-08,2025-12-08,1,0.0,0.0,47.6,0.0,0.0
Vt_605,Запуск ЭЦН,2025-12-09,2025-12-11,3,12.8,0.272,49.6,0.01,0.2917016666666667
Vt_605,НУР,2025-12-12,2025-12-14,3,14.1,0.299,50.6,0.012,0.082766
Vt_605,Остановка,2025-12-15,2025-12-26,12,0.1,3.464,56.5,0.041,0.026846333333333333
Vt_605,Запуск ЭЦН,2025-12-27,2025-12-27,1,10.9,0.0,62.2,0.0,0.09362
Vt_605,Остановка,2025-12-28,2026-02-04,39,0.1,4.378,68.0,0.056,0.02324682051282051
Vt_605,Запуск ЭЦН,2026-02-05,2026-02-07,3,33.5,0.525,68.4,0.054,0.08762466666666667
Vt_605,НУР,2026-02-08,2026-02-14,7,42.8,0.184,65.9,0.029,0.6502664285714286
Vt_605,Снижение Рпл/КН,2026-02-15,2026-02-18,4,41.4,0.376,62.1,0.011,0.495677
Vt_605,Остановка,2026-02-19,2026-02-19,1,0.0,0.0,63.0,0.0,0.0
Vt_605,Запуск ЭЦН,2026-02-20,2026-02-22,3,45.0,0.164,63.1,0.015,0.6341220000000001
Vt_605,НУР,2026-02-23,2026-02-23,1,29.8,0.0,62.1,0.0,0.435015
Vt_605,Остановка,2026-02-24,2026-02-24,1,0.0,0.0,63.6,0.0,0.948871
Vt_605,Запуск ЭЦН,2026-02-25,2026-02-27,3,46.7,0.123,63.7,0.021,0.578758
Vt_605,НУР,2026-02-28,2026-03-04,5,39.8,0.311,61.1,0.009,0.5502385999999999
Vt_605,Остановка,2026-03-05,2026-03-05,1,4.7,0.0,64.7,0.0,1.23466
Vt_605,Запуск ЭЦН,2026-03-06,2026-03-08,3,42.9,0.233,64.7,0.038,0.850601
Vt_605,НУР,2026-03-09,2026-03-15,7,46.7,0.106,60.7,0.011,0.3519982857142857
Vt_605,Снижение Рпл/КН,2026-03-16,2026-03-18,3,22.2,0.794,61.5,0.033,0.28990033333333337
Vt_605,Деградация ЭЦН,2026-03-19,2026-03-30,12,36.7,0.398,63.1,0.031,0.5403601666666668
Vt_605,Снижение Рпл/КН,2026-03-31,2026-05-01,32,50.6,0.036,55.2,0.056,0.517106625
Vt_606,Остановка,2025-01-01,2025-04-01,91,0.0,0.0,95.5,0.021,0.0
Vt_606,Запуск ЭЦН,2025-04-02,2025-04-03,2,39.8,0.0,98.2,0.0,0.0
Vt_606,Остановка,2025-04-04,2025-06-16,74,0.1,6.053,99.5,0.128,0.0
Vt_606,Запуск ЭЦН,2025-06-17,2025-06-19,3,31.2,0.568,2.6,1.732,0.0
Vt_606,НУР,2025-06-20,2025-06-20,1,16.1,0.0,0.0,0.0,0.0
Vt_606,Остановка,2025-06-21,2025-06-21,1,1.2,0.0,90.4,0.0,0.0
Vt_606,Запуск ЭЦН,2025-06-22,2025-06-24,3,44.6,0.165,100.8,0.085,0.0
Vt_606,НУР,2025-06-25,2025-07-01,7,47.4,0.197,85.7,0.068,0.0
Vt_606,Снижение Рпл/КН,2025-07-02,2025-10-26,117,54.8,0.076,49.8,0.183,0.1744944188034188
Vt_606,Остановка,2025-10-27,2025-10-27,1,0.0,0.0,52.3,0.0,0.0
Vt_606,Запуск ЭЦН,2025-10-28,2025-10-30,3,46.9,0.218,50.5,0.088,0.17368533333333333
Vt_606,НУР,2025-10-31,2025-11-06,7,55.5,0.066,39.7,0.065,0.1893672857142857
Vt_606,Деградация ЭЦН,2025-11-07,2025-11-09,3,57.4,0.025,39.3,0.071,0.09813233333333334
Vt_606,Снижение Рпл/КН,2025-11-10,2025-11-13,4,52.5,0.12,37.8,0.07,0.0
Vt_606,Деградация ЭЦН,2025-11-14,2025-11-16,3,55.6,0.079,36.7,0.013,0.0
Vt_606,Снижение Рпл/КН,2025-11-17,2025-11-21,5,50.9,0.088,37.2,0.032,0.0138508
Vt_606,Деградация ЭЦН,2025-11-22,2025-11-24,3,54.6,0.108,37.4,0.052,0.17711533333333332
Vt_606,Снижение Рпл/КН,2025-11-25,2025-11-28,4,50.5,0.052,37.0,0.032,0.27816675
Vt_606,Деградация ЭЦН,2025-11-29,2025-12-01,3,52.6,0.076,38.0,0.057,0.0
Vt_606,Снижение Рпл/КН,2025-12-02,2025-12-09,8,49.3,0.092,37.3,0.032,0.21424075
Vt_606,Деградация ЭЦН,2025-12-10,2025-12-13,4,50.6,0.103,37.9,0.053,0.0525065
Vt_606,Снижение Рпл/КН,2025-12-14,2025-12-18,5,46.2,0.092,38.4,0.037,0.0
Vt_606,Деградация ЭЦН,2025-12-19,2025-12-21,3,47.9,0.093,38.8,0.032,0.0
Vt_606,Снижение Рпл/КН,2025-12-22,2026-01-18,28,50.8,0.095,41.7,0.096,0.0019275
Vt_606,Деградация ЭЦН,2026-01-19,2026-01-21,3,52.3,0.002,42.1,0.02,0.0
Vt_606,Снижение Рпл/КН,2026-01-22,2026-01-24,3,46.5,0.287,45.0,0.176,0.0
Vt_606,Деградация ЭЦН,2026-01-25,2026-01-27,3,52.3,0.078,35.8,0.079,0.0
Vt_606,Снижение Рпл/КН,2026-01-28,2026-02-12,16,48.2,0.079,35.6,0.054,0.016241
Vt_606,Деградация ЭЦН,2026-02-13,2026-02-20,8,43.3,0.258,39.2,0.147,0.01833425
Vt_606,Снижение Рпл/КН,2026-02-21,2026-03-19,27,46.1,0.118,38.2,0.102,0.0068221851851851855
Vt_606,Деградация ЭЦН,2026-03-20,2026-03-23,4,45.8,0.115,37.1,0.073,0.0
Vt_606,Снижение Рпл/КН,2026-03-24,2026-04-16,24,45.7,0.103,36.9,0.086,0.023966083333333332
Vt_606,Деградация ЭЦН,2026-04-17,2026-04-19,3,45.5,0.026,36.7,0.077,0.5809556666666666
Vt_606,Снижение Рпл/КН,2026-04-20,2026-04-29,10,43.0,0.068,36.8,0.045,0.39563649999999995
Vt_606,Деградация ЭЦН,2026-04-30,2026-05-01,2,45.4,0.0,38.7,0.0,0.47441900000000004
Vt_655,Запуск ЭЦН,2025-01-01,2025-01-03,3,44.6,0.101,99.2,0.013,0.07481866666666666
Vt_655,НУР,2025-01-04,2025-01-05,2,46.1,0.0,99.4,0.0,0.0
Vt_655,Остановка / КВД,2025-01-06,2025-01-06,1,0.1,0.0,129.9,0.0,0.0
Vt_655,Запуск ЭЦН,2025-01-07,2025-01-09,3,47.1,0.063,98.1,0.089,0.044525666666666665
Vt_655,НУР,2025-01-10,2025-01-16,7,50.2,0.021,84.8,0.041,0.15155942857142857
Vt_655,Снижение Рпл/КН,2025-01-17,2025-01-19,3,41.4,0.131,94.3,0.104,0.113008
Vt_655,Деградация ЭЦН,2025-01-20,2025-01-23,4,49.1,0.006,89.5,0.031,0.1199575
Vt_655,Снижение Рпл/КН,2025-01-24,2025-02-27,35,48.2,0.142,76.8,0.143,0.36394362857142853
Vt_655,Деградация ЭЦН,2025-02-28,2025-03-02,3,53.7,0.006,60.7,0.058,0.0
Vt_655,Снижение Рпл/КН,2025-03-03,2025-03-25,23,51.5,0.105,56.8,0.137,0.2629050434782609
Vt_655,Деградация ЭЦН,2025-03-26,2025-03-28,3,54.0,0.014,52.8,0.106,0.0
Vt_655,Снижение Рпл/КН,2025-03-29,2025-04-15,18,52.9,0.092,47.0,0.118,0.017350944444444447
Vt_655,Деградация ЭЦН,2025-04-16,2025-04-26,11,43.9,0.362,68.6,0.239,0.17240609090909093
Vt_655,Снижение Рпл/КН,2025-04-27,2025-05-14,18,51.9,0.207,57.4,0.488,0.08090800000000001
Vt_655,Деградация ЭЦН,2025-05-15,2025-06-02,19,43.3,0.29,63.4,0.208,0.11553247368421052
Vt_655,Снижение Рпл/КН,2025-06-03,2025-06-07,5,41.6,0.522,56.6,0.37,1.1287829999999999
Vt_655,Деградация ЭЦН,2025-06-08,2025-06-10,3,46.4,0.051,65.5,0.213,0.0
Vt_655,Снижение Рпл/КН,2025-06-11,2025-06-20,10,40.6,0.377,64.9,0.254,1.2906992
Vt_655,Деградация ЭЦН,2025-06-21,2025-06-24,4,40.8,0.161,74.3,0.175,0.0
Vt_655,Снижение Рпл/КН,2025-06-25,2025-07-20,26,47.1,0.246,59.0,0.165,0.010282576923076924
Vt_655,Деградация ЭЦН,2025-07-21,2025-07-24,4,47.8,0.21,59.7,0.122,0.0
Vt_655,Снижение Рпл/КН,2025-07-25,2025-07-27,3,41.5,0.201,59.3,0.061,0.0
Vt_655,Деградация ЭЦН,2025-07-28,2025-08-02,6,43.8,0.327,63.6,0.141,0.020778166666666667
Vt_655,Снижение Рпл/КН,2025-08-03,2025-08-07,5,40.6,0.292,61.7,0.155,0.0
Vt_655,Деградация ЭЦН,2025-08-08,2025-08-29,22,34.0,0.259,39.0,0.863,0.10281972727272727
Vt_655,Снижение Рпл/КН,2025-08-30,2025-09-01,3,36.5,0.038,0.0,0.0,0.0
Vt_655,Рост обводненности | Рост Рпл,2025-09-02,2025-09-15,14,32.3,0.253,0.0,0.0,0.1732837857142857
Vt_655,Остановка,2025-09-16,2025-11-03,49,0.0,7.0,46.1,1.645,0.01712479591836735
Vt_655,Запуск ЭЦН,2025-11-04,2025-11-06,3,35.3,0.33,107.8,0.242,0.0
Vt_655,НУР,2025-11-07,2025-11-17,11,48.4,0.048,88.9,0.139,0.0
Vt_655,Снижение Рпл/КН,2025-11-18,2025-12-05,18,50.0,0.11,54.7,0.153,0.0
Vt_655,Деградация ЭЦН,2025-12-06,2025-12-12,7,48.8,0.124,48.9,0.17,0.0
Vt_655,Снижение Рпл/КН,2025-12-13,2025-12-27,15,47.7,0.123,36.9,0.059,0.0
Vt_655,Деградация ЭЦН,2025-12-28,2026-01-16,20,37.8,0.274,43.8,0.133,0.0780161
Vt_655,Снижение Рпл/КН,2026-01-17,2026-01-31,15,35.8,0.216,39.9,0.116,0.0
Vt_655,Деградация ЭЦН,2026-02-01,2026-02-06,6,36.2,0.114,45.2,0.17,0.0
Vt_655,Снижение Рпл/КН,2026-02-07,2026-02-09,3,35.6,0.058,39.7,0.031,0.0
Vt_655,Деградация ЭЦН,2026-02-10,2026-02-12,3,34.8,0.064,38.4,0.01,0.0
Vt_655,Снижение Рпл/КН,2026-02-13,2026-02-21,9,33.2,0.072,39.0,0.026,0.0
Vt_655,Деградация ЭЦН,2026-02-22,2026-03-01,8,31.7,0.076,40.7,0.029,0.0
Vt_655,Снижение Рпл/КН,2026-03-02,2026-04-01,31,32.4,0.078,42.8,0.053,0.0
Vt_655,Деградация ЭЦН,2026-04-02,2026-04-04,3,31.5,0.049,41.1,0.028,0.0
Vt_655,Снижение Рпл/КН,2026-04-05,2026-04-11,7,28.3,0.313,43.9,0.153,0.0
Vt_655,Остановка,2026-04-12,2026-04-12,1,0.0,0.0,86.8,0.0,0.0
Vt_655,Запуск ЭЦН,2026-04-13,2026-04-15,3,30.0,0.538,77.0,0.163,0.0
Vt_655,НУР,2026-04-16,2026-04-22,7,39.4,0.159,48.5,0.112,0.025433714285714285
Vt_655,Деградация ЭЦН,2026-04-23,2026-05-01,9,34.0,0.074,43.6,0.041,0.24052522222222222
Ya_110,Запуск ЭЦН,2025-01-01,2025-01-03,3,38.0,0.161,56.0,0.022,0.2901313333333333
Ya_110,НУР,2025-01-04,2025-01-04,1,37.5,0.0,57.2,0.0,0.0
Ya_110,Остановка,2025-01-05,2025-01-05,1,1.0,0.0,74.6,0.0,0.0
Ya_110,Запуск ЭЦН,2025-01-06,2025-01-08,3,35.1,0.723,82.6,0.193,0.18138200000000002
Ya_110,НУР,2025-01-09,2025-01-09,1,5.7,0.0,76.8,0.0,0.070249
Ya_110,Остановка,2025-01-10,2025-01-12,3,0.0,0.0,115.9,0.122,0.0
Ya_110,Запуск ЭЦН,2025-01-13,2025-01-15,3,37.1,0.639,104.1,0.321,0.48654400000000003
Ya_110,НУР,2025-01-16,2025-01-22,7,37.6,0.232,58.9,0.065,0.3427358571428571
Ya_110,Деградация ЭЦН,2025-01-23,2025-02-07,16,30.1,0.205,59.2,0.092,0.28734487500000006
Ya_110,Остановка,2025-02-08,2025-02-09,2,0.0,0.0,102.0,0.0,0.0
Ya_110,Запуск ЭЦН,2025-02-10,2025-02-12,3,19.8,0.53,129.1,0.071,0.0
Ya_110,НУР,2025-02-13,2025-02-19,7,39.6,0.212,71.5,0.119,0.016354285714285714
Ya_110,Деградация ЭЦН,2025-02-20,2025-03-07,16,33.9,0.22,60.6,0.155,0.12355174999999999
Ya_110,Снижение Рпл/КН,2025-03-08,2025-03-18,11,32.7,0.089,56.4,0.081,0.2068818181818182
Ya_110,Деградация ЭЦН,2025-03-19,2025-03-21,3,32.6,0.029,63.0,0.032,0.188686
Ya_110,Снижение Рпл/КН,2025-03-22,2025-04-03,13,30.4,0.28,66.6,0.081,0.16330476923076923
Ya_110,Остановка / КВД,2025-04-04,2025-04-20,17,0.0,0.0,120.7,0.402,0.011379058823529412
Ya_110,Запуск ЭЦН,2025-04-21,2025-04-23,3,45.6,0.199,97.8,0.13,0.23299733333333336
Ya_110,НУР,2025-04-24,2025-04-30,7,42.8,0.23,78.4,0.161,0.2987731428571429
Ya_110,Снижение Рпл/КН,2025-05-01,2025-05-05,5,37.8,0.071,68.6,0.01,0.055024399999999994
Ya_110,Деградация ЭЦН,2025-05-06,2025-05-14,9,38.6,0.06,66.8,0.038,0.123091
Ya_110,Снижение Рпл/КН,2025-05-15,2025-05-17,3,33.0,0.252,67.7,0.065,0.08003199999999999
Ya_110,Деградация ЭЦН,2025-05-18,2025-05-20,3,39.8,0.118,67.0,0.081,0.06294100000000001
Ya_110,Снижение Рпл/КН,2025-05-21,2025-05-23,3,33.6,0.185,67.1,0.061,0.19223466666666666
Ya_110,Деградация ЭЦН,2025-05-24,2025-05-26,3,38.8,0.115,71.1,0.094,0.07488399999999999
Ya_110,Снижение Рпл/КН,2025-05-27,2025-05-27,1,35.1,0.0,69.4,0.0,0.056092
Ya_110,Остановка,2025-05-28,2025-06-12,16,0.0,0.0,99.3,0.5,0.0136144375
Ya_110,Запуск ЭЦН,2025-06-13,2025-06-15,3,38.7,0.342,121.0,0.26,0.18193166666666669
Ya_110,НУР,2025-06-16,2025-06-20,5,42.2,0.382,75.8,0.093,0.183454
Ya_110,Остановка / КВД,2025-06-21,2025-06-21,1,2.4,0.0,122.7,0.0,0.0
Ya_110,Запуск ЭЦН,2025-06-22,2025-06-24,3,52.0,0.074,85.8,0.209,0.12023466666666667
Ya_110,НУР,2025-06-25,2025-07-01,7,47.3,0.115,74.9,0.121,0.13534942857142856
Ya_110,Снижение Рпл/КН,2025-07-02,2025-07-04,3,40.5,0.389,73.3,0.068,0.12342433333333334
Ya_110,Деградация ЭЦН,2025-07-05,2025-07-13,9,28.7,0.732,94.7,0.279,0.16264444444444445
Ya_110,Остановка / КВД,2025-07-14,2025-07-14,1,0.0,0.0,147.6,0.0,0.551262
Ya_110,Запуск ЭЦН,2025-07-15,2025-07-17,3,34.1,0.014,150.7,0.048,0.29012366666666667
Ya_110,НУР,2025-07-18,2025-07-24,7,43.7,0.219,89.4,0.187,0.21235514285714288
Ya_110,Остановка,2025-07-25,2025-07-25,1,0.0,0.0,112.6,0.0,0.394349
Ya_110,Запуск ЭЦН,2025-07-26,2025-07-27,2,19.5,0.0,141.8,0.0,0.358049
Ya_110,Остановка,2025-07-28,2025-08-22,26,0.2,3.508,99.7,0.585,0.08053400000000001
Ya_110,Запуск ЭЦН,2025-08-23,2025-08-25,3,41.9,0.035,176.4,0.108,0.4132833333333334
Ya_110,НУР,2025-08-26,2025-09-24,30,47.4,0.046,102.6,0.168,0.2613580333333333
Ya_110,Снижение Рпл/КН,2025-09-25,2025-09-30,6,46.0,0.135,90.5,0.026,0.3236115
Ya_110,НУР,2025-10-01,2025-10-06,6,49.0,0.0,87.3,0.026,0.4686941666666667
Ya_110,Снижение Рпл/КН,2025-10-07,2025-11-05,30,48.7,0.151,75.4,0.063,0.9056858000000002
Ya_110,Деградация ЭЦН,2025-11-06,2025-11-19,14,42.2,0.059,71.4,0.041,0.525744642857143
Ya_110,Снижение Рпл/КН,2025-11-20,2025-12-16,27,43.5,0.121,64.6,0.049,0.22693155555555555
Ya_110,Деградация ЭЦН,2025-12-17,2025-12-19,3,43.0,0.036,59.1,0.02,0.12759133333333333
Ya_110,Снижение Рпл/КН,2025-12-20,2025-12-22,3,41.5,0.084,56.7,0.003,0.14811
Ya_110,Деградация ЭЦН,2025-12-23,2025-12-25,3,40.2,0.095,56.4,0.023,0.170776
Ya_110,Снижение Рпл/КН,2025-12-26,2025-12-31,6,39.7,0.081,57.0,0.023,0.07892366666666667
Ya_110,Деградация ЭЦН,2026-01-01,2026-01-11,11,38.2,0.141,59.7,0.038,0.07478727272727273
Ya_110,Снижение Рпл/КН,2026-01-12,2026-02-03,23,41.5,0.091,55.6,0.05,0.47459243478260876
Ya_110,Деградация ЭЦН,2026-02-04,2026-02-11,8,40.4,0.041,53.7,0.02,0.00972625
Ya_110,Снижение Рпл/КН,2026-02-12,2026-03-05,22,39.2,0.089,53.9,0.041,0.2922113181818182
Ya_110,Деградация ЭЦН,2026-03-06,2026-03-10,5,38.1,0.039,54.6,0.032,0.39274760000000003
Ya_110,Снижение Рпл/КН,2026-03-11,2026-03-23,13,37.6,0.179,52.5,0.034,0.37170900000000007
Ya_110,Деградация ЭЦН,2026-03-24,2026-03-26,3,42.0,0.104,57.2,0.062,0.3364316666666667
Ya_110,Снижение Рпл/КН,2026-03-27,2026-04-13,18,37.8,0.125,57.0,0.079,0.028082777777777776
Ya_110,Деградация ЭЦН,2026-04-14,2026-04-16,3,39.9,0.043,55.0,0.04,0.023432333333333333
Ya_110,Снижение Рпл/КН,2026-04-17,2026-05-01,15,38.3,0.143,55.3,0.056,0.068585
Ya_155,Остановка,2025-01-01,2025-01-09,9,0.1,3.0,44.7,2.383,0.0
Ya_155,Запуск ЭЦН,2025-01-10,2025-01-12,3,33.8,0.057,209.1,0.199,0.913706
Ya_155,НУР,2025-01-13,2025-01-19,7,41.5,0.055,131.6,0.157,0.9550664285714288
Ya_155,Рост Рпл,2025-01-20,2025-01-22,3,45.3,0.022,94.4,0.081,1.5053953333333334
Ya_155,НУР,2025-01-23,2025-02-05,14,46.0,0.0,79.3,0.052,0.6762880714285713
Ya_155,Снижение Рпл/КН,2025-02-06,2025-02-24,19,44.5,0.107,68.5,0.328,0.16015205263157894
Ya_155,Деградация ЭЦН,2025-02-25,2025-03-01,5,45.8,0.032,62.1,0.102,0.1092344
Ya_155,Остановка / КВД,2025-03-02,2025-03-03,2,0.0,0.0,223.8,0.0,0.0
Ya_155,Запуск ЭЦН,2025-03-04,2025-03-06,3,34.1,0.602,127.8,0.868,0.10291533333333332
Ya_155,НУР,2025-03-07,2025-03-13,7,46.8,0.064,48.8,0.09,0.069663
Ya_155,Снижение Рпл/КН,2025-03-14,2025-03-16,3,37.0,0.181,69.2,0.459,0.049425666666666666
Ya_155,Деградация ЭЦН,2025-03-17,2025-04-02,17,37.0,0.081,58.7,0.078,0.03742035294117647
Ya_155,Снижение Рпл/КН,2025-04-03,2025-04-09,7,32.0,0.329,72.8,0.345,0.031928000000000005
Ya_155,Деградация ЭЦН,2025-04-10,2025-04-17,8,35.6,0.128,67.7,0.395,0.021284875
Ya_155,Снижение Рпл/КН,2025-04-18,2025-05-20,33,35.6,0.127,58.0,0.206,0.03614227272727273
Ya_155,Деградация ЭЦН,2025-05-21,2025-05-23,3,41.4,0.032,55.1,0.071,0.0
Ya_155,Снижение Рпл/КН,2025-05-24,2025-06-10,18,35.9,0.054,54.1,0.048,0.05119322222222222
Ya_155,Деградация ЭЦН,2025-06-11,2025-06-13,3,34.7,0.034,53.5,0.011,0.014578333333333334
Ya_155,Снижение Рпл/КН,2025-06-14,2025-06-16,3,32.7,0.008,58.1,0.105,0.06642233333333332
Ya_155,Деградация ЭЦН,2025-06-17,2025-06-23,7,32.3,0.141,60.8,0.195,0.03736585714285714
Ya_155,Снижение Рпл/КН,2025-06-24,2025-06-26,3,31.3,0.096,62.0,0.034,0.05706
Ya_155,Деградация ЭЦН,2025-06-27,2025-06-29,3,37.0,0.028,53.6,0.073,0.03193633333333334
Ya_155,Снижение Рпл/КН,2025-06-30,2025-07-15,16,33.0,0.128,61.8,0.344,0.030389500000000003
Ya_155,Деградация ЭЦН,2025-07-16,2025-07-28,13,31.3,0.082,61.8,0.068,0.04108569230769231
Ya_155,Снижение Рпл/КН,2025-07-29,2025-07-31,3,21.2,0.689,101.1,0.43,0.01569066666666667
Ya_155,Деградация ЭЦН,2025-08-01,2025-08-03,3,34.6,0.081,57.6,0.069,0.04258066666666666
Ya_155,Снижение Рпл/КН,2025-08-04,2025-08-29,26,30.4,0.147,64.3,0.194,0.021619807692307688
Ya_155,Деградация ЭЦН,2025-08-30,2025-09-04,6,30.1,0.338,61.0,0.745,0.015328
Ya_155,Снижение Рпл/КН,2025-09-05,2025-09-17,13,29.0,0.192,81.1,0.475,0.0
Ya_155,Деградация ЭЦН,2025-09-18,2025-09-22,5,16.5,0.131,167.7,0.089,0.0
Ya_155,НУР,2025-09-23,2025-09-27,5,9.9,0.206,213.3,0.066,0.0
Ya_155,Рост Рпл,2025-09-28,2025-09-28,1,5.9,0.0,240.9,0.0,0.0
Ya_155,Остановка / КВД,2025-09-29,2025-10-01,3,3.1,0.444,260.0,0.037,0.0
Ya_155,Запуск ЭЦН,2025-10-02,2025-10-04,3,27.9,0.482,278.9,0.004,0.19760933333333333
Ya_155,НУР,2025-10-05,2025-10-07,3,27.1,0.389,279.9,0.008,0.31790033333333334
Ya_155,Остановка / КВД,2025-10-08,2025-10-08,1,0.0,0.0,286.3,0.0,0.0
Ya_155,Запуск ЭЦН,2025-10-09,2025-10-11,3,33.6,0.169,276.7,0.013,1.616602
Ya_155,НУР,2025-10-12,2025-10-18,7,31.6,0.35,271.7,0.02,1.0678707142857145
Ya_155,Остановка / КВД,2025-10-19,2025-10-24,6,0.6,2.224,220.9,0.505,0.0
Ya_155,Запуск ЭЦН,2025-10-25,2025-10-27,3,39.2,0.297,261.4,0.05,0.378115
Ya_155,НУР,2025-10-28,2025-11-03,7,46.8,0.145,207.6,0.146,0.4808097142857143
Ya_155,Рост Рпл,2025-11-04,2025-11-08,5,43.0,0.382,127.0,0.4,0.1705352
Ya_155,Остановка / КВД,2025-11-09,2025-12-12,34,0.1,5.831,148.5,0.557,0.0
Ya_155,Запуск ЭЦН,2025-12-13,2025-12-15,3,25.0,0.508,224.9,0.494,0.575303
Ya_155,НУР,2025-12-16,2025-12-19,4,20.4,0.59,289.6,0.012,0.38284275
Ya_155,Остановка / КВД,2025-12-20,2025-12-20,1,0.0,0.0,296.5,0.0,0.0
Ya_155,Запуск ЭЦН,2025-12-21,2025-12-21,1,5.0,0.0,297.6,0.0,0.111242
Ya_155,Остановка,2025-12-22,2025-12-25,4,0.0,0.0,70.4,2.0,0.0
Ya_155,Запуск ЭЦН,2025-12-26,2025-12-28,3,32.5,0.522,213.8,0.467,0.40753466666666666
Ya_155,НУР,2025-12-29,2026-01-04,7,43.4,0.033,192.9,0.29,0.5102307142857143
Ya_155,Рост Рпл,2026-01-05,2026-01-15,11,42.5,0.127,84.3,0.275,0.108955
Ya_155,НУР,2026-01-16,2026-01-22,7,45.2,0.103,58.8,0.115,0.10189057142857141
Ya_155,Снижение Рпл/КН,2026-01-23,2026-02-03,12,43.9,0.095,44.3,0.108,0.06319433333333334
Ya_155,Деградация ЭЦН,2026-02-04,2026-02-17,14,38.6,0.139,65.0,0.291,0.048985357142857136
Ya_155,Снижение Рпл/КН,2026-02-18,2026-03-05,16,38.4,0.113,45.8,0.08,0.0347230625
Ya_155,Деградация ЭЦН,2026-03-06,2026-03-11,6,37.3,0.081,45.6,0.133,0.043548
Ya_155,Снижение Рпл/КН,2026-03-12,2026-05-01,51,37.3,0.085,51.3,0.109,0.04779666666666667
Ya_203,Запуск ЭЦН,2025-01-01,2025-01-03,3,46.7,0.094,46.1,0.266,0.3917026666666667
Ya_203,НУР,2025-01-04,2025-01-08,5,45.1,0.206,43.7,0.709,0.3544344
Ya_203,Остановка / КВД,2025-01-09,2025-01-10,2,0.0,0.0,231.6,0.0,0.0
Ya_203,Запуск ЭЦН,2025-01-11,2025-01-13,3,33.3,0.738,89.9,1.002,0.4224483333333333
Ya_203,Остановка / КВД,2025-01-14,2025-01-18,5,0.0,0.0,233.9,0.004,0.0
Ya_203,Запуск ЭЦН,2025-01-19,2025-01-21,3,30.8,0.7,125.9,0.599,0.33487500000000003
Ya_203,НУР,2025-01-22,2025-01-28,7,49.3,0.0,38.1,0.283,0.3593984285714286
Ya_203,Снижение Рпл/КН,2025-01-29,2025-01-31,3,49.3,0.0,24.3,0.041,0.34263400000000005
Ya_203,Рост обводненности | Рост Рпл,2025-02-01,2025-02-07,7,43.8,0.224,44.0,0.91,0.461017
Ya_203,Деградация ЭЦН,2025-02-08,2025-02-12,5,48.9,0.02,32.1,0.461,0.6212139999999999
Ya_203,Снижение Рпл/КН,2025-02-13,2025-02-15,3,37.6,0.31,85.1,0.398,0.26996566666666666
Ya_203,Деградация ЭЦН,2025-02-16,2025-02-18,3,49.3,0.0,31.6,0.174,0.315164
Ya_203,Снижение Рпл/КН,2025-02-19,2025-02-22,4,37.7,0.354,78.0,0.881,0.31907975
Ya_203,Деградация ЭЦН,2025-02-23,2025-02-25,3,49.3,0.0,38.3,0.172,0.45325066666666664
Ya_203,Снижение Рпл/КН,2025-02-26,2025-03-01,4,38.3,0.473,74.7,1.095,0.252791
Ya_203,Деградация ЭЦН,2025-03-02,2025-03-04,3,49.3,0.0,39.0,0.146,0.39042266666666664
Ya_203,Снижение Рпл/КН,2025-03-05,2025-03-10,6,39.8,0.389,62.3,1.087,0.32823566666666665
Ya_203,Деградация ЭЦН,2025-03-11,2025-03-13,3,46.7,0.088,40.8,0.211,0.394256
Ya_203,Снижение Рпл/КН,2025-03-14,2025-03-16,3,43.3,0.125,47.1,0.542,0.3956473333333333
Ya_203,Деградация ЭЦН,2025-03-17,2025-03-27,11,36.7,0.376,90.0,0.731,0.2983593636363637
Ya_203,Снижение Рпл/КН,2025-03-28,2025-04-10,14,42.1,0.233,58.1,0.71,0.23915150000000002
Ya_203,Остановка / КВД,2025-04-11,2025-04-11,1,0.0,0.0,222.6,0.0,0.0
Ya_203,Запуск ЭЦН,2025-04-12,2025-04-14,3,6.4,0.429,203.0,0.101,0.0
Ya_203,Остановка / КВД,2025-04-15,2025-04-15,1,0.0,0.0,246.7,0.0,0.0
Ya_203,Запуск ЭЦН,2025-04-16,2025-04-17,2,17.8,0.0,173.5,0.0,0.076266
Ya_203,Остановка / КВД,2025-04-18,2025-04-19,2,0.0,0.0,232.1,0.0,0.0
Ya_203,Запуск ЭЦН,2025-04-20,2025-04-22,3,7.1,0.15,207.7,0.005,0.04771166666666667
Ya_203,НУР,2025-04-23,2025-04-23,1,5.9,0.0,211.8,0.0,0.0
Ya_203,Остановка / КВД,2025-04-24,2025-04-25,2,0.0,0.0,229.6,0.0,0.0
Ya_203,Запуск ЭЦН,2025-04-26,2025-04-27,2,8.5,0.0,175.5,0.0,0.0
Ya_203,Остановка / КВД,2025-04-28,2025-04-28,1,0.0,0.0,229.5,0.0,0.0
Ya_203,Запуск ЭЦН,2025-04-29,2025-05-01,3,35.8,0.258,108.4,0.381,0.161697
Ya_203,НУР,2025-05-02,2025-05-08,7,43.2,0.095,60.2,0.261,0.1867735714285714
Ya_203,Снижение Рпл/КН,2025-05-09,2025-05-14,6,40.6,0.253,61.8,0.805,0.18525683333333332
Ya_203,Деградация ЭЦН,2025-05-15,2025-05-17,3,44.8,0.063,61.3,0.153,0.13483900000000001
Ya_203,Снижение Рпл/КН,2025-05-18,2025-05-20,3,39.0,0.236,60.8,0.37,0.18074366666666666
Ya_203,Деградация ЭЦН,2025-05-21,2025-05-27,7,33.6,0.3,119.9,0.375,0.13190100000000002
Ya_203,Остановка / КВД,2025-05-28,2025-07-05,39,0.0,0.0,229.8,0.004,0.0
Ya_203,Запуск ЭЦН,2025-07-06,2025-07-08,3,33.4,0.531,108.6,0.657,0.25962033333333334
Ya_203,НУР,2025-07-09,2025-07-15,7,40.8,0.234,75.3,0.696,0.335729
Ya_203,Деградация ЭЦН,2025-07-16,2025-07-20,5,46.1,0.036,64.7,0.178,0.28722400000000003
Ya_203,Снижение Рпл/КН,2025-07-21,2025-07-26,6,41.2,0.265,74.6,0.748,0.3504768333333333
Ya_203,Деградация ЭЦН,2025-07-27,2025-07-29,3,46.3,0.004,72.7,0.073,0.626571
Ya_203,Снижение Рпл/КН,2025-07-30,2025-08-07,9,42.9,0.353,62.2,0.895,0.40159544444444445
Ya_203,Деградация ЭЦН,2025-08-08,2025-08-12,5,42.4,0.152,80.4,0.391,0.395813
Ya_203,Снижение Рпл/КН,2025-08-13,2025-08-16,4,43.5,0.14,58.2,0.355,0.62577775
Ya_203,Деградация ЭЦН,2025-08-17,2025-08-19,3,46.2,0.043,41.0,0.25,0.788113
Ya_203,Снижение Рпл/КН,2025-08-20,2025-08-22,3,28.5,0.635,125.8,0.652,0.3082336666666667
Ya_203,Деградация ЭЦН,2025-08-23,2025-08-25,3,45.7,0.007,59.8,0.085,0.6186883333333334
Ya_203,Снижение Рпл/КН,2025-08-26,2025-08-30,5,37.1,0.537,77.1,1.051,0.5074468000000001
Ya_203,Деградация ЭЦН,2025-08-31,2025-09-08,9,36.3,0.463,83.9,0.804,0.5574954444444445
Ya_203,Снижение Рпл/КН,2025-09-09,2025-09-11,3,31.6,0.282,97.3,0.51,0.17689233333333335
Ya_203,Деградация ЭЦН,2025-09-12,2025-09-15,4,37.9,0.508,80.6,1.161,0.16599825
Ya_203,Снижение Рпл/КН,2025-09-16,2025-09-18,3,27.5,0.637,126.4,0.637,0.3880329999999999
Ya_203,НУР,2025-09-19,2025-09-21,3,47.3,0.004,36.3,0.082,0.5778583333333334
Ya_203,Снижение Рпл/КН,2025-09-22,2025-09-22,1,45.1,0.0,34.7,0.0,0.520598
Ya_203,Остановка / КВД,2025-09-23,2025-09-23,1,0.0,0.0,264.7,0.0,0.0
Ya_203,Запуск ЭЦН,2025-09-24,2025-09-26,3,36.2,0.46,108.4,0.776,0.180812
Ya_203,НУР,2025-09-27,2025-10-03,7,46.3,0.01,51.3,0.128,0.3845512857142857
Ya_203,Снижение Рпл/КН,2025-10-04,2025-10-06,3,26.7,0.753,134.3,0.681,0.22900633333333334
Ya_203,Деградация ЭЦН,2025-10-07,2025-10-12,6,46.8,0.008,44.4,0.119,0.3806693333333333
Ya_203,Снижение Рпл/КН,2025-10-13,2025-10-15,3,24.7,0.828,142.1,0.682,0.39769799999999994
Ya_203,Деградация ЭЦН,2025-10-16,2025-10-19,4,46.6,0.018,43.5,0.086,0.673933
Ya_203,Снижение Рпл/КН,2025-10-20,2025-10-22,3,31.9,0.7,103.9,1.063,0.40451166666666666
Ya_203,Деградация ЭЦН,2025-10-23,2025-10-25,3,46.7,0.034,34.2,0.047,0.6125263333333334
Ya_203,Остановка / КВД,2025-10-26,2025-10-26,1,0.0,0.0,255.4,0.0,0.268696
Ya_203,Запуск ЭЦН,2025-10-27,2025-10-29,3,43.6,0.135,60.0,0.494,0.6233890000000001
Ya_203,НУР,2025-10-30,2025-11-07,9,39.4,0.342,88.5,0.734,0.7209845555555556
Ya_203,Снижение Рпл/КН,2025-11-08,2025-11-13,6,32.5,0.438,106.8,0.678,0.6700078333333334
Ya_203,НУР,2025-11-14,2025-11-16,3,46.4,0.004,51.3,0.056,1.0506593333333334
Ya_203,Снижение Рпл/КН,2025-11-17,2025-11-20,4,34.8,0.539,97.4,0.858,0.8144085000000001
Ya_203,НУР,2025-11-21,2025-11-23,3,42.6,0.172,57.8,0.418,1.067836
Ya_203,Остановка / КВД,2025-11-24,2025-11-24,1,0.0,0.0,285.3,0.0,0.139159
Ya_203,Запуск ЭЦН,2025-11-25,2025-11-27,3,41.8,0.135,86.4,0.289,0.0
Ya_203,НУР,2025-11-28,2025-12-04,7,39.8,0.291,81.3,0.66,0.3606625714285715
Ya_203,Деградация ЭЦН,2025-12-05,2025-12-07,3,25.9,0.728,134.4,0.654,0.7258836666666667
Ya_203,НУР,2025-12-08,2025-12-10,3,46.6,0.01,48.6,0.149,1.094876
Ya_203,Деградация ЭЦН,2025-12-11,2025-12-11,1,25.7,0.0,125.9,0.0,0.581426
Ya_203,Остановка / КВД,2025-12-12,2025-12-12,1,0.0,0.0,266.0,0.0,0.0
Ya_203,Запуск ЭЦН,2025-12-13,2025-12-15,3,34.1,0.54,136.4,0.558,0.5802623333333333
Ya_203,НУР,2025-12-16,2025-12-22,7,44.3,0.053,71.7,0.212,1.0922814285714286
Ya_203,Остановка / КВД,2025-12-23,2025-12-23,1,0.0,0.0,263.4,0.0,0.0
Ya_203,Запуск ЭЦН,2025-12-24,2025-12-26,3,41.2,0.16,90.4,0.351,0.8379256666666667
Ya_203,НУР,2025-12-27,2026-01-08,13,35.9,0.4,95.0,0.625,0.9363342307692307
Ya_203,Остановка / КВД,2026-01-09,2026-01-09,1,0.3,0.0,260.2,0.0,0.377031
Ya_203,Запуск ЭЦН,2026-01-10,2026-01-12,3,45.5,0.006,65.8,0.096,1.0073053333333333
Ya_203,НУР,2026-01-13,2026-01-21,9,39.8,0.374,86.2,0.778,0.9271884444444445
Ya_203,Снижение Рпл/КН,2026-01-22,2026-01-23,2,18.8,0.0,149.9,0.0,0.46965100000000004
Ya_203,Остановка / КВД,2026-01-24,2026-01-24,1,0.3,0.0,277.9,0.0,0.0
Ya_203,Запуск ЭЦН,2026-01-25,2026-01-27,3,44.7,0.01,86.3,0.055,1.3937083333333333
Ya_203,НУР,2026-01-28,2026-02-09,13,40.9,0.283,89.0,0.609,0.7220236153846155
Ya_203,Снижение Рпл/КН,2026-02-10,2026-02-12,3,27.2,0.626,154.0,0.46,0.6323856666666666
Ya_203,НУР,2026-02-13,2026-02-28,16,42.0,0.269,80.1,0.671,0.8939515625000001
Ya_203,Снижение Рпл/КН,2026-03-01,2026-03-03,3,3.0,0.88,225.8,0.054,0.44922466666666666
Ya_203,Остановка / КВД,2026-03-04,2026-03-04,1,0.0,0.0,252.2,0.0,0.0
Ya_203,Запуск ЭЦН,2026-03-05,2026-03-05,1,36.9,0.0,81.0,0.0,0.0
Ya_203,Остановка / КВД,2026-03-06,2026-03-06,1,0.0,0.0,252.2,0.0,0.0
Ya_203,Запуск ЭЦН,2026-03-07,2026-03-09,3,27.5,0.766,145.7,0.588,0.46687066666666666
Ya_203,НУР,2026-03-10,2026-03-16,7,45.2,0.008,64.2,0.085,0.9378727142857143
Ya_203,Снижение Рпл/КН,2026-03-17,2026-03-21,5,43.1,0.183,61.7,0.524,0.8864684
Ya_203,Деградация ЭЦН,2026-03-22,2026-03-25,4,43.2,0.158,65.0,0.548,0.8522942499999999
Ya_203,Снижение Рпл/КН,2026-03-26,2026-03-30,5,38.8,0.354,72.6,0.88,0.9512025999999999
Ya_203,Деградация ЭЦН,2026-03-31,2026-04-05,6,32.2,0.608,111.4,0.795,0.7872208333333334
Ya_203,Остановка / КВД,2026-04-06,2026-04-08,3,0.0,0.0,241.2,0.001,0.0
Ya_203,Запуск ЭЦН,2026-04-09,2026-04-11,3,45.1,0.081,63.4,0.32,0.6671183333333334
Ya_203,НУР,2026-04-12,2026-04-18,7,48.5,0.015,41.1,0.123,0.8965635714285715
Ya_203,Снижение Рпл/КН,2026-04-19,2026-04-19,1,35.8,0.0,85.0,0.0,0.741042
Ya_203,Остановка / КВД,2026-04-20,2026-04-20,1,0.0,0.0,273.6,0.0,0.648295
Ya_203,Запуск ЭЦН,2026-04-21,2026-04-23,3,45.7,0.059,80.4,0.205,0.973377
Ya_203,НУР,2026-04-24,2026-04-28,5,42.7,0.307,74.8,0.621,0.8577204
Ya_203,Остановка / КВД,2026-04-29,2026-04-29,1,0.0,0.0,271.5,0.0,0.134537
Ya_203,Запуск ЭЦН,2026-04-30,2026-05-01,2,46.2,0.0,96.3,0.0,0.900748
Ya_219,Запуск ЭЦН,2025-01-01,2025-01-03,3,56.9,0.002,78.6,0.002,0.142693
Ya_219,НУР,2025-01-04,2025-01-10,7,57.0,0.0,78.6,0.016,0.146198
Ya_219,Снижение Рпл/КН,2025-01-11,2025-02-23,44,56.1,0.084,62.5,0.203,0.16635572727272727
Ya_219,Остановка / КВД,2025-02-24,2025-02-24,1,0.0,0.0,190.9,0.0,1.270793
Ya_219,Запуск ЭЦН,2025-02-25,2025-02-27,3,43.7,0.567,121.9,0.451,0.36540833333333333
Ya_219,НУР,2025-02-28,2025-03-06,7,57.9,0.006,56.5,0.153,0.13861328571428572
Ya_219,Снижение Рпл/КН,2025-03-07,2025-04-08,33,54.9,0.105,44.6,0.273,0.08377987878787878
Ya_219,Деградация ЭЦН,2025-04-09,2025-04-14,6,53.5,0.107,66.0,0.435,0.07733299999999999
Ya_219,Снижение Рпл/КН,2025-04-15,2025-05-17,33,54.2,0.139,54.4,0.43,0.06363357575757575
Ya_219,Деградация ЭЦН,2025-05-18,2025-05-20,3,57.0,0.0,53.1,0.134,0.053419
Ya_219,Снижение Рпл/КН,2025-05-21,2025-06-17,28,55.8,0.108,45.6,0.312,0.12162378571428568
Ya_219,Деградация ЭЦН,2025-06-18,2025-06-26,9,52.5,0.133,67.6,0.384,0.18025511111111112
Ya_219,Снижение Рпл/КН,2025-06-27,2025-07-27,31,55.6,0.112,42.1,0.346,0.3598713225806452
Ya_219,Деградация ЭЦН,2025-07-28,2025-08-01,5,56.7,0.011,53.2,0.397,0.3003874
Ya_219,Снижение Рпл/КН,2025-08-02,2025-09-17,47,56.5,0.024,36.5,0.2,0.290466255319149
Ya_219,Рост обводненности | Рост Рпл,2025-09-18,2025-09-20,3,56.8,0.007,35.6,0.279,0.15011266666666667
Ya_219,Снижение Рпл/КН,2025-09-21,2025-09-23,3,56.9,0.004,31.2,0.045,0.1300853333333333
Ya_219,Рост обводненности | Рост Рпл,2025-09-24,2025-09-26,3,56.5,0.008,46.2,0.279,0.15032700000000002
Ya_219,Снижение Рпл/КН,2025-09-27,2025-10-03,7,52.1,0.234,42.1,0.422,0.24588414285714283
Ya_219,Остановка / КВД,2025-10-04,2025-10-05,2,0.0,0.0,181.4,0.0,1.0618135
Ya_219,Запуск ЭЦН,2025-10-06,2025-10-08,3,42.9,0.569,121.9,0.433,0.07007866666666666
Ya_219,НУР,2025-10-09,2025-10-15,7,56.7,0.01,48.9,0.338,0.1363444285714286
Ya_219,Снижение Рпл/КН,2025-10-16,2025-10-27,12,53.6,0.167,44.6,0.559,0.13403791666666667
Ya_219,Деградация ЭЦН,2025-10-28,2025-11-01,5,56.5,0.07,51.1,0.494,0.12779259999999998
Ya_219,Снижение Рпл/КН,2025-11-02,2025-11-18,17,58.3,0.006,31.4,0.282,0.11508782352941176
Ya_219,Рост обводненности | Рост Рпл,2025-11-19,2026-01-05,48,58.2,0.013,34.2,0.224,0.43864283333333337
Ya_219,Снижение Рпл/КН,2026-01-06,2026-02-05,31,57.1,0.071,44.5,0.275,2.397903387096774
Ya_219,Деградация ЭЦН,2026-02-06,2026-02-08,3,58.3,0.005,33.4,0.296,1.874676
Ya_219,Снижение Рпл/КН,2026-02-09,2026-02-11,3,41.6,0.406,61.2,0.833,1.120577
Ya_219,Деградация ЭЦН,2026-02-12,2026-02-17,6,56.8,0.06,44.3,0.513,0.43009616666666667
Ya_219,Снижение Рпл/КН,2026-02-18,2026-02-27,10,58.5,0.0,22.9,0.079,1.6828054000000001
Ya_219,Рост обводненности | Рост Рпл,2026-02-28,2026-04-14,46,55.0,0.152,32.6,0.73,0.8275991086956521
Ya_219,Деградация ЭЦН,2026-04-15,2026-04-21,7,51.3,0.252,48.8,0.506,0.0016974285714285715
Ya_219,Снижение Рпл/КН,2026-04-22,2026-05-01,10,58.5,0.001,22.7,0.024,0.16012869999999998
Ya_289,Запуск ЭЦН,2025-01-01,2025-01-03,3,50.0,0.002,89.4,0.065,2.2730786666666667
Ya_289,НУР,2025-01-04,2025-01-10,7,49.1,0.049,80.6,0.031,1.2526930000000003
Ya_289,Снижение Рпл/КН,2025-01-11,2025-01-29,19,49.3,0.045,74.6,0.049,1.428784842105263
Ya_289,Остановка / КВД,2025-01-30,2025-02-02,4,0.0,0.0,120.7,0.125,0.00763125
Ya_289,Запуск ЭЦН,2025-02-03,2025-02-05,3,33.5,0.629,121.9,0.112,1.5809053333333332
Ya_289,НУР,2025-02-06,2025-02-12,7,50.0,0.0,91.7,0.057,1.6848134285714287
Ya_289,Снижение Рпл/КН,2025-02-13,2025-03-09,25,50.1,0.004,74.3,0.085,1.2210176
Ya_289,Остановка,2025-03-10,2025-03-10,1,0.9,0.0,97.9,0.0,0.125808
Ya_289,Запуск ЭЦН,2025-03-11,2025-03-13,3,43.6,0.256,107.6,0.105,0.9737816666666667
Ya_289,НУР,2025-03-14,2025-03-20,7,47.9,0.117,87.7,0.033,0.9771880000000001
Ya_289,Деградация ЭЦН,2025-03-21,2025-03-26,6,48.5,0.05,91.9,0.031,0.45981350000000004
Ya_289,Снижение Рпл/КН,2025-03-27,2025-04-29,34,48.9,0.085,79.9,0.068,0.7459514411764706
Ya_289,Остановка,2025-04-30,2025-05-03,4,0.0,0.0,113.1,0.092,0.0231575
Ya_289,Запуск ЭЦН,2025-05-04,2025-05-06,3,39.7,0.451,109.4,0.122,0.978062
Ya_289,НУР,2025-05-07,2025-05-13,7,50.0,0.0,83.3,0.081,1.2188498571428572
Ya_289,Снижение Рпл/КН,2025-05-14,2025-05-16,3,28.6,0.669,86.5,0.365,0.5027796666666666
Ya_289,Деградация ЭЦН,2025-05-17,2025-05-22,6,50.0,0.0,93.0,0.081,1.099001
Ya_289,Снижение Рпл/КН,2025-05-23,2025-06-27,36,48.8,0.093,78.5,0.073,0.7835456388888891
Ya_289,Деградация ЭЦН,2025-06-28,2025-06-30,3,50.0,0.001,87.3,0.057,0.6628673333333334
Ya_289,Снижение Рпл/КН,2025-07-01,2025-07-28,28,48.4,0.128,77.9,0.083,0.6458631428571427
Ya_289,Деградация ЭЦН,2025-07-29,2025-08-01,4,50.5,0.007,86.5,0.046,0.820013
Ya_289,Снижение Рпл/КН,2025-08-02,2025-12-12,133,53.1,0.087,65.7,0.168,0.6547156842105263
Ya_289,Деградация ЭЦН,2025-12-13,2025-12-15,3,57.5,0.014,69.5,0.111,0.18535500000000002
Ya_289,Снижение Рпл/КН,2025-12-16,2026-01-03,19,55.7,0.127,54.5,0.082,0.723512894736842
Ya_289,Деградация ЭЦН,2026-01-04,2026-01-06,3,55.8,0.068,67.6,0.128,0.6132196666666667
Ya_289,Снижение Рпл/КН,2026-01-07,2026-01-18,12,54.6,0.147,52.6,0.181,0.6533929999999999
Ya_289,Деградация ЭЦН,2026-01-19,2026-01-21,3,58.0,0.0,65.3,0.064,0.6457876666666666
Ya_289,Снижение Рпл/КН,2026-01-22,2026-02-22,32,56.2,0.129,54.9,0.125,0.48411059375
Ya_289,Деградация ЭЦН,2026-02-23,2026-02-25,3,58.0,0.0,55.7,0.028,0.23498266666666667
Ya_289,Снижение Рпл/КН,2026-02-26,2026-03-28,31,56.4,0.11,54.7,0.105,0.706964806451613
Ya_289,Деградация ЭЦН,2026-03-29,2026-03-31,3,58.0,0.0,56.7,0.038,0.4263836666666667
Ya_289,Снижение Рпл/КН,2026-04-01,2026-05-01,31,56.7,0.085,55.0,0.106,0.3967236451612904
Ya_293,Запуск ЭЦН,2025-01-01,2025-01-03,3,16.0,0.024,31.4,0.007,0.013253666666666665
Ya_293,НУР,2025-07-01,2025-07-07,7,18.1,0.131,45.0,0.072,0.024980000000000002
Ya_293,Деградация ЭЦН,2025-07-08,2025-07-10,3,19.8,0.076,53.1,0.172,0.017809000000000002
Ya_293,Снижение Рпл/КН,2025-07-11,2025-07-17,7,17.9,0.174,54.8,0.125,0.02519785714285714
Ya_293,Деградация ЭЦН,2025-07-18,2025-07-23,6,18.4,0.27,71.7,0.1,0.042958500000000004
Ya_293,Снижение Рпл/КН,2025-07-24,2025-08-12,20,21.3,0.093,47.4,0.064,0.020314
Ya_293,Деградация ЭЦН,2025-08-13,2025-08-15,3,20.6,0.031,44.1,0.003,0.035112000000000004
Ya_293,Снижение Рпл/КН,2025-08-16,2025-08-27,12,19.7,0.061,45.3,0.078,0.01967725
Ya_293,Деградация ЭЦН,2025-08-28,2025-08-30,3,20.8,0.149,51.0,0.06,0.022423
Ya_293,Снижение Рпл/КН,2025-08-31,2025-09-18,19,19.7,0.174,56.4,0.145,0.015113210526315791
Ya_293,Деградация ЭЦН,2025-09-19,2025-09-21,3,22.8,0.125,46.8,0.072,0.0007959999999999999
Ya_293,Снижение Рпл/КН,2025-09-22,2025-10-09,18,19.5,0.084,49.4,0.087,0.0013556666666666667
Ya_293,Деградация ЭЦН,2025-10-10,2025-10-12,3,19.5,0.015,49.1,0.01,0.0006863333333333334
Ya_293,Снижение Рпл/КН,2025-10-13,2025-12-17,66,20.6,0.052,41.6,0.09,0.0020772424242424237
Ya_293,Деградация ЭЦН,2025-12-18,2025-12-20,3,20.2,0.067,39.1,0.007,1.633333333333333e-05
Ya_293,Снижение Рпл/КН,2025-12-21,2026-04-19,120,19.6,0.097,43.2,0.092,0.004261908333333333
Ya_293,Остановка,2026-04-20,2026-04-20,1,0.0,0.0,69.2,0.0,0.020249
Ya_293,Запуск ЭЦН,2026-04-21,2026-04-23,3,19.8,0.145,50.8,0.203,0.004947
Ya_293,НУР,2026-04-24,2026-04-30,7,18.8,0.157,46.8,0.144,0.004447285714285714
Ya_293,Снижение Рпл/КН,2026-05-01,2026-05-01,1,21.5,0.0,42.8,0.0,0.0
Ya_357,Запуск ЭЦН,2025-01-01,2025-01-03,3,54.0,0.0,59.6,0.001,0.520626
Ya_357,НУР,2025-01-04,2025-01-10,7,50.6,0.18,62.3,0.098,0.2595835714285714
Ya_357,Деградация ЭЦН,2025-01-11,2025-01-13,3,54.0,0.0,60.6,0.003,0.33468633333333336
Ya_357,Снижение Рпл/КН,2025-01-14,2025-03-05,51,53.8,0.114,57.8,0.057,0.6160768235294117
Ya_357,Остановка,2025-03-06,2025-03-07,2,0.0,0.0,87.3,0.0,0.0
Ya_357,Запуск ЭЦН,2025-03-08,2025-03-10,3,39.3,0.723,73.5,0.169,0.150423
Ya_357,НУР,2025-03-11,2025-03-17,7,58.0,0.002,56.4,0.027,0.21363514285714286
Ya_357,Снижение Рпл/КН,2025-03-18,2025-03-20,3,56.1,0.057,55.4,0.024,0.26512399999999997
Ya_357,Деградация ЭЦН,2025-03-21,2025-03-29,9,50.4,0.34,61.3,0.154,0.3672014444444444
Ya_357,Снижение Рпл/КН,2025-03-30,2025-04-24,26,56.4,0.132,55.6,0.143,0.30074776923076924
Ya_357,Остановка / КВД,2025-04-25,2025-04-26,2,0.0,0.0,128.4,0.0,0.0
Ya_357,Запуск ЭЦН,2025-04-27,2025-04-29,3,35.7,0.675,71.7,0.271,0.16513433333333336
Ya_357,НУР,2025-04-30,2025-05-06,7,57.9,0.0,54.7,0.019,0.31092842857142855
Ya_357,Снижение Рпл/КН,2025-05-07,2025-07-01,56,57.3,0.084,49.8,0.053,1.5779980178571427
Ya_357,Остановка,2025-07-02,2025-07-09,8,0.0,0.0,82.4,0.07,0.0
Ya_357,Запуск ЭЦН,2025-07-10,2025-07-12,3,39.7,0.794,70.0,0.187,0.28643799999999997
Ya_357,НУР,2025-07-13,2025-07-17,5,55.9,0.082,55.5,0.028,0.1519508
Ya_357,Остановка,2025-07-18,2025-07-19,2,0.0,0.0,85.2,0.0,0.0
Ya_357,Запуск ЭЦН,2025-07-20,2025-07-22,3,52.3,0.137,61.1,0.126,0.0
Ya_357,НУР,2025-07-23,2025-07-29,7,56.5,0.0,52.1,0.028,0.0
Ya_357,Снижение Рпл/КН,2025-07-30,2025-08-16,18,54.3,0.151,53.5,0.102,0.1728211666666667
Ya_357,Деградация ЭЦН,2025-08-17,2025-08-21,5,56.9,0.002,55.9,0.025,0.1775572
Ya_357,Снижение Рпл/КН,2025-08-22,2025-09-18,28,55.9,0.085,54.0,0.038,0.1464686785714286
Ya_357,Деградация ЭЦН,2025-09-19,2025-10-03,15,35.6,0.524,70.4,0.087,0.10679393333333334
Ya_357,Снижение Рпл/КН,2025-10-04,2025-11-02,30,51.5,0.148,60.1,0.09,0.1720827666666667
Ya_357,Деградация ЭЦН,2025-11-03,2025-11-05,3,56.9,0.0,54.4,0.024,0.23187499999999997
Ya_357,Снижение Рпл/КН,2025-11-06,2025-11-24,19,54.9,0.114,53.7,0.055,0.26375305263157894
Ya_357,Деградация ЭЦН,2025-11-25,2025-12-05,11,48.4,0.251,59.2,0.115,0.20989772727272726
Ya_357,Снижение Рпл/КН,2025-12-06,2026-05-01,147,58.8,0.009,49.8,0.038,0.2739755918367347
Ya_410,Запуск ЭЦН,2025-01-01,2025-01-03,3,56.5,0.007,29.2,0.019,0.0002556666666666667
Ya_410,НУР,2025-01-04,2025-01-10,7,56.9,0.003,27.0,0.028,0.015292857142857144
Ya_410,Рост обводненности,2025-01-11,2025-03-07,56,54.3,0.128,30.7,0.293,0.007449160714285713
Ya_410,Остановка / КВД,2025-03-08,2025-03-10,3,0.0,0.0,134.0,0.021,0.0
Ya_410,Запуск ЭЦН,2025-03-11,2025-03-13,3,56.3,0.029,33.4,0.249,0.0
Ya_410,НУР,2025-03-14,2025-03-20,7,54.6,0.042,26.2,0.043,0.0
Ya_410,Рост обводненности,2025-03-21,2025-05-13,54,54.3,0.068,31.6,0.167,0.030910185185185183
Ya_410,Рост обводненности | Рост Рпл,2025-05-14,2025-05-27,14,51.5,0.246,41.3,0.686,0.21841492857142852
Ya_410,Деградация ЭЦН,2025-05-28,2025-06-03,7,53.4,0.042,39.0,0.284,0.0
Ya_410,Снижение Рпл/КН,2025-06-04,2025-06-18,15,54.6,0.013,35.0,0.077,0.0036056666666666667
Ya_410,Рост обводненности,2025-06-19,2025-07-17,29,53.5,0.129,34.5,0.453,0.002969241379310345
Ya_410,Деградация ЭЦН,2025-07-18,2025-07-23,6,45.3,0.358,45.3,0.467,0.0035949999999999997
Ya_410,Остановка / КВД,2025-07-24,2025-07-24,1,0.0,0.0,151.5,0.0,0.0
Ya_410,Запуск ЭЦН,2025-07-25,2025-07-27,3,44.5,0.335,55.1,0.452,0.007247
Ya_410,НУР,2025-07-28,2025-08-01,5,35.4,0.327,67.5,0.666,0.0454566
Ya_410,Остановка,2025-08-02,2025-08-03,2,0.0,0.0,115.6,0.0,0.0120375
Ya_410,Запуск ЭЦН,2025-08-04,2025-08-04,1,32.0,0.0,105.9,0.0,0.194117
Ya_410,Остановка,2025-08-05,2025-10-08,65,0.0,8.062,48.0,0.145,0.030421707692307693
Ya_410,Запуск ЭЦН,2025-10-09,2025-10-10,2,16.8,0.0,104.9,0.0,0.0458745
Ya_410,Остановка,2025-10-11,2025-11-12,33,0.0,0.0,40.7,0.079,0.0035004242424242424
Ya_410,Запуск ЭЦН,2025-11-13,2025-11-13,1,4.2,0.0,45.6,0.0,0.0
Ya_410,Остановка,2025-11-14,2025-11-26,13,0.0,0.0,33.6,0.033,0.0
Ya_410,Запуск ЭЦН,2025-11-27,2025-11-27,1,7.6,0.0,34.4,0.0,0.0
Ya_410,Остановка,2025-11-28,2025-11-29,2,0.0,0.0,34.6,0.0,0.0
Ya_410,Запуск ЭЦН,2025-11-30,2025-11-30,1,5.3,0.0,48.4,0.0,0.0
Ya_410,Остановка,2025-12-01,2025-12-18,18,0.0,0.0,37.1,0.047,0.0
Ya_410,Запуск ЭЦН,2025-12-19,2025-12-20,2,19.6,0.0,72.6,0.0,0.0
Ya_410,Остановка,2025-12-21,2026-01-07,18,0.0,0.0,41.0,0.172,0.0
Ya_410,Запуск ЭЦН,2026-01-08,2026-01-08,1,5.4,0.0,65.0,0.0,0.0
Ya_410,Остановка,2026-01-09,2026-01-18,10,0.0,0.0,40.3,0.057,0.0
Ya_410,Запуск ЭЦН,2026-01-19,2026-01-19,1,3.1,0.0,48.8,0.0,0.0
Ya_410,Остановка,2026-01-20,2026-01-24,5,0.0,0.0,46.8,0.327,0.0
Ya_410,Запуск ЭЦН,2026-01-25,2026-01-25,1,12.4,0.0,69.9,0.0,0.000313
Ya_410,Остановка,2026-01-26,2026-02-14,20,0.0,0.0,40.5,0.116,0.0201425
Ya_410,Запуск ЭЦН,2026-02-15,2026-02-15,1,5.0,0.0,49.9,0.0,0.095453
Ya_410,Остановка,2026-02-16,2026-02-19,4,0.0,0.0,37.0,0.027,0.0
Ya_410,Запуск ЭЦН,2026-02-20,2026-02-20,1,26.0,0.0,107.2,0.0,0.0
Ya_410,Остановка,2026-02-21,2026-03-01,9,0.2,3.0,46.6,0.269,0.011206666666666667
Ya_410,Запуск ЭЦН,2026-03-02,2026-03-02,1,25.7,0.0,69.3,0.0,0.0
Ya_410,Остановка,2026-03-03,2026-03-23,21,0.0,0.0,36.8,0.107,0.013623238095238096
Ya_410,Запуск ЭЦН,2026-03-24,2026-03-25,2,20.7,0.0,83.6,0.0,0.38521950000000005
Ya_410,Остановка,2026-03-26,2026-03-31,6,0.1,2.449,45.0,0.048,0.04907883333333333
Ya_410,Запуск ЭЦН,2026-04-01,2026-04-02,2,15.0,0.0,84.5,0.0,0.3503105
Ya_410,Остановка,2026-04-03,2026-04-06,4,0.0,0.0,44.8,0.043,0.08658975
Ya_410,Запуск ЭЦН,2026-04-07,2026-04-08,2,16.1,0.0,83.2,0.0,0.32367199999999996
Ya_410,Остановка,2026-04-09,2026-04-22,14,0.0,0.0,38.5,0.068,0.05834057142857144
Ya_410,Запуск ЭЦН,2026-04-23,2026-04-24,2,12.9,0.0,80.2,0.0,0.1646105
Ya_410,Остановка,2026-04-25,2026-05-01,7,0.0,0.0,40.5,0.1,0.047268428571428565
Ya_502,Запуск ЭЦН,2025-01-01,2025-01-03,3,57.0,0.001,39.9,0.004,0.37114
Ya_502,НУР,2025-01-04,2025-01-10,7,57.0,0.0,40.4,0.002,0.3098755714285715
Ya_502,Снижение Рпл/КН,2025-01-11,2025-03-17,66,56.4,0.018,41.6,0.138,0.13894710606060603
Ya_502,Остановка / КВД,2025-03-18,2025-03-20,3,0.0,0.0,227.0,0.057,0.025478666666666667
Ya_502,Запуск ЭЦН,2025-03-21,2025-03-23,3,45.5,0.398,91.3,0.876,0.08322433333333333
Ya_502,НУР,2025-03-24,2025-03-30,7,55.4,0.028,37.5,0.195,0.10144857142857143
Ya_502,Снижение Рпл/КН,2025-03-31,2025-04-23,24,55.7,0.009,35.3,0.124,0.21069466666666667
Ya_502,Рост обводненности | Рост Рпл,2025-04-24,2025-05-21,28,56.2,0.026,34.0,0.216,0.32819614285714277
Ya_502,Снижение Рпл/КН,2025-05-22,2025-06-24,34,55.5,0.066,43.6,0.313,0.26315932352941174
Ya_502,Деградация ЭЦН,2025-06-25,2025-06-27,3,56.5,0.0,31.4,0.017,0.25866466666666665
Ya_502,Снижение Рпл/КН,2025-06-28,2025-07-14,17,56.1,0.027,33.2,0.262,0.3062435882352941
Ya_502,Рост обводненности | Рост Рпл,2025-07-15,2025-07-23,9,55.9,0.03,35.6,0.254,0.24484133333333333
Ya_502,Снижение Рпл/КН,2025-07-24,2025-07-26,3,57.0,0.0,27.9,0.014,0.24352733333333332
Ya_502,Рост обводненности | Рост Рпл,2025-07-27,2026-05-01,279,54.8,0.056,16.9,0.771,0.23928671326164874
Ya_514,Запуск ЭЦН,2025-01-01,2025-01-03,3,56.0,0.0,124.3,0.001,1.061291
Ya_514,НУР,2025-01-04,2025-01-10,7,56.0,0.0,124.5,0.001,1.4105701428571429
Ya_514,Снижение Рпл/КН,2025-01-11,2025-04-16,96,56.6,0.098,120.6,0.026,1.33730625
Ya_514,НУР,2025-04-17,2025-04-17,1,3.7,0.0,188.6,0.0,0.0
Ya_514,Остановка / КВД,2025-04-18,2025-04-27,10,0.0,2.304,176.8,0.594,0.0
Ya_514,Запуск ЭЦН,2025-04-28,2025-04-30,3,31.2,0.555,209.9,0.269,0.39225
Ya_514,НУР,2025-05-01,2025-05-07,7,49.4,0.054,137.9,0.102,0.7461344285714286
Ya_514,Рост Рпл,2025-05-08,2025-05-12,5,51.9,0.004,117.5,0.025,0.520765
Ya_514,НУР,2025-05-13,2025-05-25,13,51.0,0.064,112.0,0.042,1.151547076923077
Ya_514,Снижение Рпл/КН,2025-05-26,2025-06-09,15,52.3,0.008,102.0,0.031,2.729735933333333
Ya_514,НУР,2025-06-10,2025-06-12,3,52.5,0.0,98.3,0.003,1.7646886666666666
Ya_514,Снижение Рпл/КН,2025-06-13,2025-06-20,8,50.0,0.096,102.6,0.065,2.6715530000000003
Ya_514,НУР,2025-06-21,2025-07-01,11,44.1,0.276,122.6,0.134,2.4611354545454542
Ya_514,Остановка / КВД,2025-07-02,2025-07-09,8,0.0,0.0,214.0,0.04,0.0
Ya_514,Запуск ЭЦН,2025-07-10,2025-07-12,3,44.4,0.1,156.9,0.046,0.6682766666666667
Ya_514,НУР,2025-07-13,2025-07-19,7,58.2,0.211,173.3,0.053,0.9792667142857143
Ya_514,Рост Рпл,2025-07-20,2025-08-16,28,64.2,0.047,162.0,0.022,1.0673549285714288
Ya_514,Остановка,2025-08-17,2025-08-24,8,0.0,0.0,112.8,0.571,0.0
Ya_514,Запуск ЭЦН,2025-08-25,2025-08-27,3,35.0,0.385,138.1,0.207,0.5917996666666666
Ya_514,НУР,2025-08-28,2025-09-21,25,49.7,0.08,93.9,0.163,0.2350836
Ya_514,Снижение Рпл/КН,2025-09-22,2025-09-29,8,47.4,0.215,90.6,0.208,0.099480875
Ya_514,Деградация ЭЦН,2025-09-30,2025-10-05,6,49.4,0.028,97.7,0.162,0.3950038333333334
Ya_514,Снижение Рпл/КН,2025-10-06,2026-05-01,208,51.5,0.039,77.1,0.069,1.692643778846154
Ya_549,Запуск ЭЦН,2025-01-01,2025-01-03,3,205.4,0.001,106.4,0.019,1.0280706666666666
Ya_549,НУР,2025-01-04,2025-01-10,7,206.4,0.005,102.9,0.012,0.9485315714285714
Ya_549,Снижение Рпл/КН,2025-01-11,2025-07-14,185,204.9,0.024,97.3,0.051,0.6294660162162162
Ya_549,НУР,2025-07-15,2025-08-04,21,203.7,0.013,111.6,0.054,0.6639281904761904
Ya_549,Снижение Рпл/КН,2025-08-05,2025-08-19,15,195.7,0.166,109.6,0.175,0.433143
Ya_549,Остановка / КВД,2025-08-20,2025-08-20,1,0.0,0.0,243.4,0.0,0.0
Ya_549,Запуск ЭЦН,2025-08-21,2025-08-23,3,175.9,0.286,123.0,0.336,0.359959
Ya_549,НУР,2025-08-24,2025-08-30,7,203.9,0.014,98.8,0.045,0.5159921428571428
Ya_549,Снижение Рпл/КН,2025-08-31,2025-09-23,24,202.6,0.032,91.5,0.081,0.247902125
Ya_549,НУР,2025-09-24,2025-09-28,5,135.5,0.707,160.4,0.417,0.16566540000000002
Ya_549,Остановка / КВД,2025-09-29,2025-10-10,12,0.0,0.0,163.4,0.556,0.0
Ya_549,Запуск ЭЦН,2025-10-11,2025-10-13,3,50.8,0.568,171.5,0.453,0.5130123333333333
Ya_549,НУР,2025-10-14,2025-10-20,7,83.2,0.061,188.3,0.038,0.301224
Ya_549,Рост Рпл,2025-10-21,2026-01-10,82,90.4,0.083,162.8,0.086,0.4226450609756097
Ya_549,Остановка / КВД,2026-01-11,2026-02-12,33,0.0,0.0,184.2,0.6,0.0
Ya_549,Запуск ЭЦН,2026-02-13,2026-02-15,3,130.9,0.525,150.3,0.14,0.31653033333333336
Ya_549,НУР,2026-02-16,2026-03-18,31,212.7,0.054,100.2,0.171,0.4190433225806452
Ya_549,Снижение Рпл/КН,2026-03-19,2026-05-01,44,220.0,0.001,78.1,0.063,0.3793841590909091
Ya_588,Запуск ЭЦН,2025-01-01,2025-01-03,3,59.4,0.002,65.2,0.006,0.00020266666666666667
Ya_588,НУР,2025-01-04,2025-01-10,7,50.9,0.252,86.7,0.155,0.001310857142857143
Ya_588,Снижение Рпл/КН,2025-01-11,2025-01-13,3,43.6,0.634,84.1,0.254,0.00016166666666666668
Ya_588,Деградация ЭЦН,2025-01-14,2025-01-16,3,55.6,0.137,79.7,0.195,0.0023713333333333334
Ya_588,Снижение Рпл/КН,2025-01-17,2025-02-01,16,50.7,0.308,93.2,0.216,0.0068939375
Ya_588,Остановка / КВД,2025-02-02,2025-02-04,3,1.3,1.732,136.2,0.048,0.0
Ya_588,Запуск ЭЦН,2025-02-05,2025-02-07,3,59.2,0.017,103.3,0.132,0.017579333333333332
Ya_588,НУР,2025-02-08,2025-02-18,11,34.1,0.658,128.3,0.185,0.010712
Ya_588,Остановка / КВД,2025-02-19,2025-03-19,29,0.0,0.0,169.4,0.248,0.006552482758620691
Ya_588,Запуск ЭЦН,2025-03-20,2025-03-22,3,40.0,0.213,121.0,0.08,0.043195000000000004
Ya_588,НУР,2025-03-23,2025-03-29,7,51.1,0.028,74.2,0.2,0.0055177142857142855
Ya_588,Снижение Рпл/КН,2025-03-30,2025-04-17,19,49.9,0.073,52.6,0.163,0.003707526315789473
Ya_588,Деградация ЭЦН,2025-04-18,2025-05-09,22,39.6,0.239,54.8,0.348,0.0026545909090909094
Ya_588,Снижение Рпл/КН,2025-05-10,2025-05-18,9,37.7,0.216,62.1,0.17,0.0013408888888888889
Ya_588,Деградация ЭЦН,2025-05-19,2025-06-09,22,31.1,0.123,57.0,0.084,0.0030055
Ya_588,Снижение Рпл/КН,2025-06-10,2025-06-24,15,29.0,0.14,46.5,0.148,0.002888133333333334
Ya_588,Остановка,2025-06-25,2025-07-19,25,0.0,0.0,0.0,0.0,0.0
Ya_588,Запуск ЭЦН,2025-07-20,2025-07-22,3,31.9,0.485,153.7,0.406,0.178868
Ya_588,НУР,2025-07-23,2025-07-29,7,47.6,0.089,163.8,0.074,0.18390257142857142
Ya_588,Рост Рпл,2025-07-30,2025-08-15,17,54.6,0.021,123.6,0.09,0.117177
Ya_588,НУР,2025-08-16,2025-09-03,19,56.7,0.013,87.3,0.112,0.05580210526315789
Ya_588,Снижение Рпл/КН,2025-09-04,2025-09-09,6,51.6,0.284,72.0,0.114,0.12039783333333336
Ya_588,Деградация ЭЦН,2025-09-10,2025-09-13,4,57.3,0.012,69.6,0.119,0.00960825
Ya_588,Снижение Рпл/КН,2025-09-14,2025-10-13,30,56.0,0.092,45.8,0.154,0.022050733333333333
Ya_588,Деградация ЭЦН,2025-10-14,2025-10-19,6,55.0,0.077,39.4,0.101,0.014357166666666666
Ya_588,Снижение Рпл/КН,2025-10-20,2025-11-04,16,54.2,0.065,33.8,0.069,0.0634198125
Ya_588,Рост обводненности | Рост Рпл,2025-11-05,2025-11-14,10,53.6,0.044,34.4,0.082,0.013816100000000001
Ya_588,Рост обводненности,2025-11-15,2026-02-15,93,51.5,0.076,33.9,0.074,0.02102670967741935
Ya_588,Снижение Рпл/КН,2026-02-16,2026-02-18,3,50.6,0.063,36.2,0.052,0.05087033333333333
Ya_588,Рост обводненности,2026-02-19,2026-02-22,4,50.8,0.062,34.5,0.03,0.02186775
Ya_588,Снижение Рпл/КН,2026-02-23,2026-03-06,12,51.5,0.053,34.4,0.073,0.014782833333333334
Ya_588,Рост обводненности,2026-03-07,2026-05-01,56,50.9,0.076,32.7,0.059,0.025366553571428568
Ya_613,Запуск ЭЦН,2025-01-01,2025-01-03,3,47.8,0.081,32.9,0.088,0.08394233333333334
Ya_613,НУР,2025-01-04,2025-01-10,7,49.4,0.025,31.8,0.053,0.2587514285714286
Ya_613,Рост обводненности | Рост Рпл,2025-01-11,2025-03-05,54,49.3,0.06,33.6,0.129,0.38866579629629633
Ya_613,Снижение Рпл/КН,2025-03-06,2025-04-11,37,50.2,0.044,37.3,0.104,0.30068037837837835
Ya_613,Рост обводненности | Рост Рпл,2025-04-12,2025-10-23,195,47.7,0.117,28.3,0.282,0.23091630256410256
Ya_613,Снижение Рпл/КН,2025-10-24,2025-11-02,10,50.1,0.016,28.8,0.191,0.1754182
Ya_613,Рост обводненности | Рост Рпл,2025-11-03,2026-01-15,74,47.1,0.088,25.0,0.141,0.11395952702702702
Ya_613,Рост обводненности,2026-01-16,2026-01-29,14,43.7,0.127,24.3,0.12,0.08065449999999999
Ya_613,Рост обводненности | Рост Рпл,2026-01-30,2026-05-01,92,47.4,0.11,22.0,0.189,0.12895535869565217
Ya_631,Запуск ЭЦН,2025-01-01,2025-01-03,3,209.9,0.001,71.0,0.002,0.458672
Ya_631,НУР,2025-01-04,2025-01-10,7,210.0,0.0,70.2,0.007,0.31441342857142857
Ya_631,Снижение Рпл/КН,2025-01-11,2025-04-28,108,208.5,0.034,62.1,0.091,0.361659
Ya_631,Деградация ЭЦН,2025-04-29,2025-05-01,3,208.1,0.016,65.9,0.069,0.4455913333333334
Ya_631,Снижение Рпл/КН,2025-05-02,2025-05-31,30,204.5,0.093,63.4,0.157,0.40402856666666676
Ya_631,Деградация ЭЦН,2025-06-01,2025-06-08,8,193.6,0.15,71.6,0.223,0.418384625
Ya_631,Снижение Рпл/КН,2025-06-09,2025-06-29,21,202.4,0.126,63.7,0.164,0.5144004761904762
Ya_631,Деградация ЭЦН,2025-06-30,2025-07-01,2,137.3,0.0,91.4,0.0,0.121192
Ya_631,Остановка / КВД,2025-07-02,2025-07-08,7,0.3,2.646,154.4,0.013,0.018188571428571425
Ya_631,Запуск ЭЦН,2025-07-09,2025-07-10,2,21.9,0.0,86.4,0.0,0.067102
Ya_631,Остановка,2025-07-11,2025-08-01,22,0.0,0.0,0.0,0.0,0.0
Ya_631,Запуск ЭЦН,2025-08-02,2025-08-04,3,146.0,0.455,125.3,0.213,0.2404936666666667
Ya_631,НУР,2025-08-05,2025-08-11,7,205.2,0.006,110.3,0.048,0.26098385714285716
Ya_631,Снижение Рпл/КН,2025-08-12,2025-08-17,6,205.7,0.003,99.4,0.023,0.26131600000000005
Ya_631,НУР,2025-08-18,2025-08-23,6,196.6,0.098,91.2,0.115,0.38999316666666667
Ya_631,Остановка,2025-08-24,2025-09-08,16,0.0,0.0,11.8,3.069,0.008635
Ya_631,Запуск ЭЦН,2025-09-09,2025-09-11,3,189.0,0.128,129.9,0.037,0.240312
Ya_631,НУР,2025-09-12,2025-09-18,7,217.5,0.013,109.7,0.053,0.2172
Ya_631,Снижение Рпл/КН,2025-09-19,2025-09-21,3,220.0,0.0,96.9,0.019,0.2961183333333333
Ya_631,НУР,2025-09-22,2025-10-08,17,220.0,0.0,87.2,0.056,0.08634370588235293
Ya_631,Снижение Рпл/КН,2025-10-09,2025-12-08,61,221.8,0.027,57.8,0.425,0.0779718360655738
Ya_631,Рост обводненности,2025-12-09,2025-12-21,13,229.7,0.022,39.9,0.488,0.09343823076923076
Ya_631,Рост обводненности | Рост Рпл,2025-12-22,2025-12-26,5,230.0,0.0,43.8,0.024,0.6007486
Ya_631,Снижение Рпл/КН,2025-12-27,2026-01-03,8,210.2,0.267,53.5,0.501,0.7947735
Ya_631,Деградация ЭЦН,2026-01-04,2026-01-15,12,205.6,0.277,70.7,0.333,0.225903
Ya_631,Снижение Рпл/КН,2026-01-16,2026-02-20,36,229.4,0.091,40.5,0.319,0.2432271944444445
Ya_631,Деградация ЭЦН,2026-02-21,2026-02-24,4,234.0,0.0,58.2,0.067,0.21615050000000002
Ya_631,Снижение Рпл/КН,2026-02-25,2026-02-25,1,228.9,0.0,55.1,0.0,0.253393
Ya_631,Остановка / КВД,2026-02-26,2026-02-26,1,0.0,0.0,139.1,0.0,0.0
Ya_631,Запуск ЭЦН,2026-02-27,2026-03-01,3,197.2,0.322,61.6,0.465,0.24449133333333337
Ya_631,НУР,2026-03-02,2026-03-08,7,234.0,0.0,41.3,0.015,0.25035099999999993
Ya_631,Снижение Рпл/КН,2026-03-09,2026-04-22,45,231.5,0.07,38.0,0.111,0.3556008
Ya_631,Остановка,2026-04-23,2026-05-01,9,0.0,0.0,0.0,0.0,0.0
Ya_676,Запуск ЭЦН,2025-01-01,2025-01-03,3,44.3,0.175,60.3,0.336,0.007
Ya_676,НУР,2025-01-04,2025-01-10,7,49.6,0.019,30.7,0.082,0.005565142857142858
Ya_676,Рост обводненности,2025-01-11,2025-06-10,151,44.3,0.111,28.6,0.161,0.018427629139072848
Ya_676,Рост обводненности | Рост Рпл,2025-06-11,2025-08-06,57,39.9,0.076,29.4,0.078,0.06479938596491228
Ya_676,Рост обводненности,2025-08-07,2026-02-06,184,40.4,0.158,29.7,0.148,0.013484733695652175
Ya_676,Рост обводненности | Рост Рпл,2026-02-07,2026-04-14,67,42.8,0.082,23.3,0.072,0.07222302985074627
Ya_676,Рост обводненности,2026-04-15,2026-04-26,12,38.6,0.07,25.9,0.053,0.08965650000000001
Ya_676,Рост обводненности | Рост Рпл,2026-04-27,2026-05-01,5,37.3,0.05,25.8,0.021,0.0725302
Ya_682,Запуск ЭЦН,2025-01-01,2025-01-03,3,51.5,0.043,72.9,0.025,0.14379166666666665
Ya_682,НУР,2025-01-04,2025-01-10,7,51.6,0.071,73.3,0.023,0.03968785714285715
Ya_682,Снижение Рпл/КН,2025-01-11,2025-03-08,57,53.1,0.125,73.7,0.123,0.06430064912280702
Ya_682,Остановка,2025-03-09,2025-03-13,5,0.0,2.236,1.2,2.236,0.017627200000000003
Ya_682,Запуск ЭЦН,2025-03-14,2025-03-16,3,43.0,0.079,105.1,0.096,0.2769146666666667
Ya_682,НУР,2025-03-17,2025-03-23,7,56.4,0.07,75.5,0.126,0.06392842857142857
Ya_682,Снижение Рпл/КН,2025-03-24,2025-06-10,79,56.9,0.082,43.0,0.178,0.05365562025316456
Ya_682,Деградация ЭЦН,2025-06-11,2025-06-13,3,55.0,0.075,36.1,0.053,0.21132900000000002
Ya_682,Снижение Рпл/КН,2025-06-14,2025-06-30,17,58.1,0.027,33.5,0.048,0.19842517647058824
Ya_682,Рост обводненности | Рост Рпл,2025-07-01,2025-08-15,46,58.2,0.037,31.6,0.043,0.11154926086956522
Ya_682,Рост обводненности,2025-08-16,2026-01-22,160,51.5,0.138,28.9,0.134,0.02793035625
Ya_682,Рост обводненности | Рост Рпл,2026-01-23,2026-05-01,99,41.6,0.113,27.0,0.111,0.32664996969696974
Ya_694,Запуск ЭЦН,2025-01-01,2025-01-03,3,19.2,0.032,42.3,0.003,0.05835066666666667
Ya_694,НУР,2025-01-04,2025-01-10,7,16.1,0.107,44.0,0.014,0.07198914285714286
Ya_694,Снижение Рпл/КН,2025-01-11,2025-01-18,8,15.5,0.206,44.7,0.02,0.1117875
Ya_694,Деградация ЭЦН,2025-01-19,2025-01-21,3,18.8,0.634,47.4,0.094,0.07764833333333333
Ya_694,Снижение Рпл/КН,2025-01-22,2025-02-04,14,16.8,0.208,44.0,0.017,0.10821014285714285
Ya_694,Деградация ЭЦН,2025-02-05,2025-02-13,9,16.6,0.076,43.9,0.009,0.19305344444444444
Ya_694,Снижение Рпл/КН,2025-02-14,2025-02-16,3,12.8,0.516,44.0,0.041,0.12308866666666668
Ya_694,Деградация ЭЦН,2025-02-17,2025-02-19,3,16.6,0.058,43.6,0.005,0.14712033333333333
Ya_694,Снижение Рпл/КН,2025-02-20,2025-02-25,6,14.3,0.286,44.0,0.009,0.070201
Ya_694,Деградация ЭЦН,2025-02-26,2025-03-06,9,14.0,0.137,45.6,0.055,0.11886544444444445
Ya_694,Снижение Рпл/КН,2025-03-07,2025-03-09,3,14.6,0.04,44.7,0.003,0.107572
Ya_694,Деградация ЭЦН,2025-03-10,2025-03-12,3,15.7,0.063,44.7,0.014,0.20678
Ya_694,Снижение Рпл/КН,2025-03-13,2025-03-31,19,15.1,0.137,45.1,0.042,0.11866642105263156
Ya_694,Деградация ЭЦН,2025-04-01,2025-04-03,3,15.5,0.061,44.1,0.003,0.10574366666666667
Ya_694,Снижение Рпл/КН,2025-04-04,2025-04-27,24,15.4,0.076,45.2,0.015,0.10184
Ya_694,Остановка,2025-04-28,2025-04-29,2,0.0,0.0,51.9,0.0,0.0
Ya_694,Запуск ЭЦН,2025-04-30,2025-05-02,3,16.1,0.321,51.3,0.145,0.07515899999999999
Ya_694,НУР,2025-05-03,2025-05-09,7,15.4,0.062,45.7,0.015,0.10573214285714284
Ya_694,Снижение Рпл/КН,2025-05-10,2025-05-13,4,14.5,0.227,46.2,0.022,0.0487555
Ya_694,Деградация ЭЦН,2025-05-14,2025-05-16,3,15.5,0.048,45.8,0.004,0.12180333333333333
Ya_694,Снижение Рпл/КН,2025-05-17,2025-05-24,8,14.8,0.112,46.1,0.005,0.144314875
Ya_694,Остановка,2025-05-25,2025-05-30,6,0.0,0.0,61.3,0.108,0.0
Ya_694,Запуск ЭЦН,2025-05-31,2025-05-31,1,6.0,0.0,69.7,0.0,0.0
Ya_694,Остановка,2025-06-01,2025-06-16,16,0.0,0.0,75.8,0.047,0.0
Ya_694,Запуск ЭЦН,2025-06-17,2025-06-19,3,39.2,0.355,62.4,0.161,0.8476796666666667
Ya_694,НУР,2025-06-20,2025-06-26,7,23.2,0.39,50.9,0.016,0.33292700000000003
Ya_694,Деградация ЭЦН,2025-06-27,2025-06-27,1,9.8,0.0,37.0,0.0,0.076233
Ya_694,Остановка,2025-06-28,2025-06-28,1,0.0,0.0,41.9,0.0,0.0
Ya_694,Запуск ЭЦН,2025-06-29,2025-07-01,3,26.8,0.752,59.2,0.191,0.12242433333333334
Ya_694,НУР,2025-07-02,2025-07-06,5,22.9,0.372,46.9,0.076,0.19570579999999999
Ya_694,Остановка,2025-07-07,2025-07-07,1,2.2,0.0,43.4,0.0,0.212587
Ya_694,Запуск ЭЦН,2025-07-08,2025-07-10,3,25.3,0.099,53.5,0.101,0.40850933333333334
Ya_694,НУР,2025-07-11,2025-07-17,7,23.1,0.075,47.3,0.02,0.44694128571428576
Ya_694,Снижение Рпл/КН,2025-07-18,2025-09-02,47,24.9,0.163,40.1,0.092,0.13887019148936172
Ya_694,Деградация ЭЦН,2025-09-03,2025-09-05,3,26.1,0.17,39.5,0.085,0.09612966666666667
Ya_694,Снижение Рпл/КН,2025-09-06,2025-09-29,24,26.8,0.197,35.5,0.041,0.09647066666666666
Ya_694,Деградация ЭЦН,2025-09-30,2025-10-05,6,21.5,0.139,34.7,0.018,0.110861
Ya_694,Рост обводненности | Рост Рпл,2025-10-06,2025-11-12,38,30.8,0.385,30.3,0.113,0.14700071052631583
Ya_694,Остановка,2025-11-13,2025-11-13,1,0.0,0.0,39.9,0.0,0.0
Ya_694,Запуск ЭЦН,2025-11-14,2025-11-16,3,47.5,0.055,31.5,0.102,0.472741
Ya_694,НУР,2025-11-17,2025-11-23,7,33.2,0.42,28.0,0.073,0.177354
Ya_694,Рост обводненности | Рост Рпл,2025-11-24,2025-11-28,5,17.8,0.478,31.7,0.158,0.13477979999999998
Ya_694,Остановка,2025-11-29,2025-12-04,6,0.0,0.0,41.7,0.044,0.19564966666666664
Ya_694,Запуск ЭЦН,2025-12-05,2025-12-07,3,30.8,0.7,41.9,0.132,0.04749766666666667
Ya_694,НУР,2025-12-08,2025-12-14,7,49.5,0.023,31.0,0.073,0.3524511428571429
Ya_694,Рост обводненности | Рост Рпл,2025-12-15,2026-01-16,33,33.4,0.51,31.1,0.128,0.21705463636363634
Ya_694,Остановка,2026-01-17,2026-01-17,1,4.0,0.0,34.7,0.0,0.133319
Ya_694,Запуск ЭЦН,2026-01-18,2026-01-20,3,43.7,0.284,32.7,0.149,0.15150766666666668
Ya_694,НУР,2026-01-21,2026-01-27,7,41.6,0.334,26.8,0.08,0.124402
Ya_694,Рост обводненности | Рост Рпл,2026-01-28,2026-02-26,30,28.1,0.577,31.7,0.122,0.1621557666666667
Ya_694,Остановка,2026-02-27,2026-02-27,1,1.7,0.0,41.8,0.0,0.172992
Ya_694,Запуск ЭЦН,2026-02-28,2026-03-02,3,46.3,0.062,35.5,0.161,0.285731
Ya_694,НУР,2026-03-03,2026-03-09,7,15.4,0.456,35.2,0.024,0.2052354285714286
Ya_694,Снижение Рпл/КН,2026-03-10,2026-03-19,10,40.3,0.339,34.7,0.097,0.1838904
Ya_694,Рост обводненности | Рост Рпл,2026-03-20,2026-03-29,10,39.5,0.47,29.1,0.129,0.0650684
Ya_694,Остановка,2026-03-30,2026-03-30,1,0.4,0.0,36.5,0.0,0.176574
Ya_694,Запуск ЭЦН,2026-03-31,2026-04-02,3,8.7,0.24,40.5,0.09,0.0
Ya_694,Остановка,2026-04-03,2026-04-04,2,0.5,0.0,39.6,0.0,0.0
Ya_694,Запуск ЭЦН,2026-04-05,2026-04-05,1,19.6,0.0,40.9,0.0,0.0
Ya_694,Остановка,2026-04-06,2026-04-08,3,0.9,0.68,41.2,0.097,0.0
Ya_694,Запуск ЭЦН,2026-04-09,2026-04-11,3,7.3,0.236,36.4,0.04,0.0
Ya_694,НУР,2026-04-12,2026-04-18,7,12.7,0.281,37.6,0.025,0.0
Ya_694,Деградация ЭЦН,2026-04-19,2026-04-21,3,19.7,0.308,40.1,0.031,0.03875666666666667
Ya_694,Снижение Рпл/КН,2026-04-22,2026-05-01,10,34.0,0.509,38.2,0.143,0.0948966
Ya_759,Запуск ЭЦН,2025-01-01,2025-01-03,3,39.0,0.263,138.6,0.291,0.40098100000000003
Ya_759,НУР,2025-01-04,2025-01-08,5,40.7,0.245,136.8,0.175,2.6582926000000002
Ya_759,Остановка / КВД,2025-01-09,2025-01-10,2,0.0,0.0,253.8,0.0,0.0
Ya_759,Запуск ЭЦН,2025-01-11,2025-01-13,3,43.8,0.047,145.5,0.118,1.3158086666666666
Ya_759,НУР,2025-01-14,2025-01-15,2,37.7,0.0,147.4,0.0,2.451769
Ya_759,Остановка / КВД,2025-01-16,2025-01-19,4,0.0,0.0,234.4,0.011,0.0
Ya_759,Запуск ЭЦН,2025-01-20,2025-01-20,1,6.5,0.0,226.5,0.0,0.0
Ya_759,Остановка / КВД,2025-01-21,2025-01-24,4,0.0,0.0,238.3,0.013,0.0
Ya_759,Запуск ЭЦН,2025-01-25,2025-01-27,3,42.3,0.111,161.9,0.142,1.6206556666666667
Ya_759,НУР,2025-01-28,2025-02-03,7,45.0,0.0,132.4,0.036,2.9571152857142855
Ya_759,Рост Рпл,2025-02-04,2025-02-06,3,45.0,0.0,121.2,0.02,0.5107896666666667
Ya_759,Снижение Рпл/КН,2025-02-07,2025-02-14,8,45.0,0.0,116.9,0.017,0.251894
Ya_759,НУР,2025-02-15,2025-02-17,3,42.9,0.083,118.7,0.053,0.0
Ya_759,Снижение Рпл/КН,2025-02-18,2025-09-02,197,45.3,0.056,115.6,0.056,0.6773675482233502
Ya_759,НУР,2025-09-03,2025-09-24,22,44.7,0.08,120.1,0.087,0.8250177727272727
Ya_759,Снижение Рпл/КН,2025-09-25,2025-11-29,66,45.3,0.025,125.1,0.047,0.34646699999999997
Ya_759,Рост Рпл,2025-11-30,2025-12-21,22,44.8,0.068,129.9,0.08,0.8554522727272729
Ya_759,НУР,2025-12-22,2025-12-24,3,45.5,0.0,124.0,0.003,0.5756553333333333
Ya_759,Снижение Рпл/КН,2025-12-25,2026-01-18,25,45.1,0.02,129.1,0.038,1.13623308
Ya_759,Рост Рпл,2026-01-19,2026-01-23,5,45.7,0.006,125.3,0.009,0.225022
Ya_759,Снижение Рпл/КН,2026-01-24,2026-04-05,72,44.7,0.097,127.1,0.086,0.9405560277777778
Ya_759,Остановка / КВД,2026-04-06,2026-04-08,3,0.0,0.0,246.6,0.011,0.012662333333333333
Ya_759,Запуск ЭЦН,2026-04-09,2026-04-11,3,42.9,0.115,144.5,0.149,0.12489966666666667
Ya_759,НУР,2026-04-12,2026-04-18,7,45.7,0.0,119.5,0.032,0.08102414285714286
Ya_759,Снижение Рпл/КН,2026-04-19,2026-04-30,12,45.7,0.0,120.6,0.02,0.11589658333333334
Ya_784,Запуск ЭЦН,2025-01-01,2025-01-03,3,46.1,0.088,43.9,0.124,0.1849586666666667
Ya_784,НУР,2025-01-04,2025-01-10,7,48.5,0.0,43.1,0.012,0.2563127142857143
Ya_784,Снижение Рпл/КН,2025-01-11,2025-02-01,22,46.7,0.178,38.8,0.45,0.3088575454545454
Ya_784,Деградация ЭЦН,2025-02-02,2025-02-07,6,48.5,0.0,51.6,0.12,0.2790263333333333
Ya_784,Снижение Рпл/КН,2025-02-08,2025-03-07,28,49.0,0.042,36.8,0.184,0.22303414285714282
Ya_784,Рост обводненности | Рост Рпл,2025-03-08,2025-03-12,5,32.7,0.364,52.5,0.707,0.0959034
Ya_784,Деградация ЭЦН,2025-03-13,2025-03-25,13,30.7,0.454,56.9,0.407,0.18420569230769232
Ya_784,Снижение Рпл/КН,2025-03-26,2025-04-09,15,35.4,0.135,44.0,0.095,0.18486406666666666
Ya_784,Деградация ЭЦН,2025-04-10,2025-04-17,8,32.1,0.338,53.6,0.502,0.133769875
Ya_784,Снижение Рпл/КН,2025-04-18,2025-05-07,20,35.8,0.125,48.3,0.05,0.13630589999999998
Ya_784,Деградация ЭЦН,2025-05-08,2025-05-10,3,37.6,0.076,45.3,0.013,0.12761966666666666
Ya_784,Снижение Рпл/КН,2025-05-11,2025-05-19,9,35.6,0.112,45.7,0.307,0.12164144444444444
Ya_784,Остановка / КВД,2025-05-20,2025-05-20,1,0.0,0.0,231.2,0.0,0.0
Ya_784,Запуск ЭЦН,2025-05-21,2025-05-23,3,47.2,0.03,73.5,0.3,0.11433866666666666
Ya_784,НУР,2025-05-24,2025-05-30,7,44.0,0.114,50.2,0.07,0.15424171428571426
Ya_784,Деградация ЭЦН,2025-05-31,2025-06-09,10,39.9,0.248,67.9,0.371,0.10746720000000001
Ya_784,Снижение Рпл/КН,2025-06-10,2025-09-02,85,50.3,0.08,42.9,0.139,0.36600200000000005
Ya_784,Деградация ЭЦН,2025-09-03,2025-09-10,8,48.8,0.115,33.5,0.261,0.341882
Ya_784,Снижение Рпл/КН,2025-09-11,2025-09-13,3,51.0,0.0,30.6,0.023,0.24576333333333333
Ya_784,Рост обводненности | Рост Рпл,2025-09-14,2025-09-18,5,38.5,0.405,50.8,0.905,0.20259339999999998
Ya_784,Деградация ЭЦН,2025-09-19,2025-09-21,3,51.0,0.0,54.0,0.076,0.45058766666666666
Ya_784,Снижение Рпл/КН,2025-09-22,2025-09-24,3,51.0,0.0,44.6,0.039,0.505718
Ya_784,Деградация ЭЦН,2025-09-25,2025-09-27,3,51.0,0.0,42.3,0.072,0.35181533333333337
Ya_784,Снижение Рпл/КН,2025-09-28,2025-10-22,25,51.0,0.0,35.1,0.092,0.3561321599999999
Ya_784,Рост обводненности | Рост Рпл,2025-10-23,2025-11-26,35,48.8,0.137,33.0,0.717,0.8056253999999999
Ya_784,Деградация ЭЦН,2025-11-27,2025-11-30,4,51.8,0.007,54.1,0.139,1.3589345
Ya_784,Снижение Рпл/КН,2025-12-01,2025-12-22,22,52.2,0.083,34.9,0.222,0.8868070454545456
Ya_784,Рост обводненности | Рост Рпл,2025-12-23,2026-01-19,28,54.5,0.043,23.7,0.109,0.8447678928571428
Ya_784,Остановка,2026-01-20,2026-02-02,14,0.1,3.742,0.7,3.742,0.014033928571428572
Ya_784,Запуск ЭЦН,2026-02-03,2026-02-05,3,43.1,0.052,113.4,0.133,1.7386819999999998
Ya_784,НУР,2026-02-06,2026-02-12,7,49.1,0.018,72.1,0.149,1.191883857142857
Ya_784,Снижение Рпл/КН,2026-02-13,2026-03-16,32,50.6,0.032,40.6,0.232,0.90043425
Ya_784,Рост обводненности | Рост Рпл,2026-03-17,2026-04-01,16,53.0,0.0,30.1,0.007,0.826059875
