model,well_id,label,start,end,dur_d,confidence,confidence_tier,sig_label,sig_margin,signals
episode_rules_v9_9,Da_515,ГДИ,2025-06-05 01:12:00,2025-08-11 05:00:00,67.16,0.0,low,,,"{'ip_kvd_rising': np.False_, 'ql_zero': np.False_}"
episode_rules_v9_9,Da_515,ГДИ,2025-09-03 09:58:00,2025-09-10 10:44:00,7.03,1.0,high,,,"{'ip_kvd_rising': np.True_, 'ql_zero': np.True_}"
episode_rules_v9_9,Da_515,ГДИ,2026-04-19 12:31:00,2026-05-01 16:00:00,12.15,0.5,medium,,,"{'ip_kvd_rising': np.True_, 'ql_zero': np.False_}"
episode_rules_v9_9,Da_515,НУР,2025-04-25 00:00:00,2025-04-28 23:00:00,3.96,0.667,medium,НУР,0.312,"{'ip_no_spike': np.True_, 'ip_smooth': True, 'ql_recovers': False}"
episode_rules_v9_9,Da_515,НУР,2025-05-17 00:00:00,2025-05-26 23:00:00,9.96,0.667,medium,НУР,0.541,"{'ip_no_spike': np.True_, 'ip_smooth': True, 'ql_recovers': False}"
episode_rules_v9_9,Da_515,НУР,2025-08-11 05:00:00,2025-09-03 09:58:00,23.21,0.667,medium,НУР,0.287,"{'ip_no_spike': np.True_, 'ip_smooth': True, 'ql_recovers': False}"
episode_rules_v9_9,Da_515,НУР,2025-09-10 10:44:00,2025-10-03 23:00:00,23.51,0.667,medium,НУР,0.262,"{'ip_no_spike': np.True_, 'ip_smooth': True, 'ql_recovers': False}"
episode_rules_v9_9,Da_515,Остановка,2025-01-10 14:53:00,2025-01-10 15:51:00,0.04,1.0,high,,,{}
episode_rules_v9_9,Da_515,Остановка,2025-01-22 23:23:00,2025-04-24 14:10:00,91.62,1.0,high,,,{}
episode_rules_v9_9,Da_515,Остановка,2025-04-29 07:35:00,2025-04-29 12:19:00,0.2,1.0,high,,,{}
episode_rules_v9_9,Da_515,Остановка,2025-04-30 00:00:00,2025-04-30 02:23:00,0.1,1.0,high,,,{}
episode_rules_v9_9,Da_515,Остановка,2025-04-30 06:44:00,2025-04-30 09:07:00,0.1,1.0,high,,,{}
episode_rules_v9_9,Da_515,Остановка,2025-05-09 17:05:00,2025-05-09 20:27:00,0.14,1.0,high,,,{}
episode_rules_v9_9,Da_515,Остановка,2025-05-14 09:31:00,2025-05-16 14:53:00,2.22,1.0,high,,,{}
episode_rules_v9_9,Da_515,Остановка,2025-05-27 06:12:00,2025-05-27 10:22:00,0.17,1.0,high,,,{}
episode_rules_v9_9,Da_515,Остановка,2025-05-28 09:29:00,2025-05-28 12:01:00,0.11,1.0,high,,,{}
episode_rules_v9_9,Da_515,Остановка,2025-06-05 01:12:00,2025-08-11 05:00:00,67.16,1.0,high,,,{}
episode_rules_v9_9,Da_515,Остановка,2025-09-03 09:58:00,2025-09-10 10:44:00,7.03,1.0,high,,,{}
episode_rules_v9_9,Da_515,Остановка,2025-10-04 16:04:00,2025-10-04 19:32:00,0.14,1.0,high,,,{}
episode_rules_v9_9,Da_515,Остановка,2025-10-10 05:00:00,2025-10-10 14:47:00,0.41,1.0,high,,,{}
episode_rules_v9_9,Da_515,Остановка,2025-10-27 12:30:00,2025-10-27 14:54:00,0.1,1.0,high,,,{}
episode_rules_v9_9,Da_515,Остановка,2025-10-30 07:27:00,2025-10-30 10:03:00,0.11,1.0,high,,,{}
episode_rules_v9_9,Da_515,Остановка,2025-11-09 00:37:00,2025-11-09 01:49:00,0.05,1.0,high,,,{}
episode_rules_v9_9,Da_515,Остановка,2025-11-15 13:38:00,2025-11-15 14:10:00,0.02,1.0,high,,,{}
episode_rules_v9_9,Da_515,Остановка,2025-11-21 15:30:00,2025-11-21 16:32:00,0.04,1.0,high,,,{}
episode_rules_v9_9,Da_515,Остановка,2025-11-22 18:03:00,2025-11-22 19:53:00,0.08,1.0,high,,,{}
episode_rules_v9_9,Da_515,Остановка,2025-11-23 18:45:00,2025-11-24 04:25:00,0.4,1.0,high,,,{}
episode_rules_v9_9,Da_515,Остановка,2026-02-24 20:20:00,2026-02-24 21:46:00,0.06,1.0,high,,,{}
episode_rules_v9_9,Da_515,Остановка,2026-03-12 04:55:00,2026-03-12 09:57:00,0.21,1.0,high,,,{}
episode_rules_v9_9,Da_515,Остановка,2026-04-19 12:31:00,2026-05-01 16:00:00,12.15,1.0,high,,,{}
episode_rules_v9_9,Da_515,Работа,2025-01-01 00:00:00,2025-01-10 14:53:00,9.62,1.0,high,,,{}
episode_rules_v9_9,Da_515,Работа,2025-01-10 15:51:00,2025-01-22 23:23:00,12.31,1.0,high,,,{}
episode_rules_v9_9,Da_515,Работа,2025-04-24 14:10:00,2025-04-29 07:35:00,4.73,1.0,high,,,{}
episode_rules_v9_9,Da_515,Работа,2025-04-29 12:19:00,2025-04-30 00:00:00,0.49,1.0,high,,,{}
episode_rules_v9_9,Da_515,Работа,2025-04-30 02:23:00,2025-04-30 06:44:00,0.18,1.0,high,,,{}
episode_rules_v9_9,Da_515,Работа,2025-04-30 09:07:00,2025-05-09 17:05:00,9.33,1.0,high,,,{}
episode_rules_v9_9,Da_515,Работа,2025-05-09 20:27:00,2025-05-14 09:31:00,4.54,1.0,high,,,{}
episode_rules_v9_9,Da_515,Работа,2025-05-16 14:53:00,2025-05-27 06:12:00,10.64,1.0,high,,,{}
episode_rules_v9_9,Da_515,Работа,2025-05-27 10:22:00,2025-05-28 09:29:00,0.96,1.0,high,,,{}
episode_rules_v9_9,Da_515,Работа,2025-05-28 12:01:00,2025-06-05 01:12:00,7.55,1.0,high,,,{}
episode_rules_v9_9,Da_515,Работа,2025-08-11 05:00:00,2025-09-03 09:58:00,23.21,1.0,high,,,{}
episode_rules_v9_9,Da_515,Работа,2025-09-10 10:44:00,2025-10-04 16:04:00,24.22,1.0,high,,,{}
episode_rules_v9_9,Da_515,Работа,2025-10-04 19:32:00,2025-10-10 05:00:00,5.39,1.0,high,,,{}
episode_rules_v9_9,Da_515,Работа,2025-10-10 14:47:00,2025-10-27 12:30:00,16.9,1.0,high,,,{}
episode_rules_v9_9,Da_515,Работа,2025-10-27 14:54:00,2025-10-30 07:27:00,2.69,1.0,high,,,{}
episode_rules_v9_9,Da_515,Работа,2025-10-30 10:03:00,2025-11-09 00:37:00,9.61,1.0,high,,,{}
episode_rules_v9_9,Da_515,Работа,2025-11-09 01:49:00,2025-11-15 13:38:00,6.49,1.0,high,,,{}
episode_rules_v9_9,Da_515,Работа,2025-11-15 14:10:00,2025-11-21 15:30:00,6.06,1.0,high,,,{}
episode_rules_v9_9,Da_515,Работа,2025-11-21 16:32:00,2025-11-22 18:03:00,1.06,1.0,high,,,{}
episode_rules_v9_9,Da_515,Работа,2025-11-22 19:53:00,2025-11-23 18:45:00,0.95,1.0,high,,,{}
episode_rules_v9_9,Da_515,Работа,2025-11-24 04:25:00,2026-02-24 20:20:00,92.66,1.0,high,,,{}
episode_rules_v9_9,Da_515,Работа,2026-02-24 21:46:00,2026-03-12 04:55:00,15.3,1.0,high,,,{}
episode_rules_v9_9,Da_515,Работа,2026-03-12 09:57:00,2026-04-19 12:31:00,38.11,1.0,high,,,{}
episode_rules_v9_9,Da_515,Рост обводненности,2025-05-13 00:00:00,2025-05-14 09:31:00,1.4,1.0,high,,,{}
episode_rules_v9_9,Da_515,Рост обводненности,2025-05-16 14:53:00,2025-05-26 23:00:00,10.34,1.0,high,,,{}
episode_rules_v9_9,Da_515,Рост обводненности,2025-11-03 00:00:00,2025-11-05 23:00:00,2.96,1.0,high,,,{}
episode_rules_v9_9,Da_515,Снижение Кпрод,2025-04-30 00:00:00,2025-05-14 09:31:00,14.4,0.25,medium,,,"{'ql_confirms': np.False_, 'ql_opz': None}"
episode_rules_v9_9,Da_515,Снижение Кпрод,2025-05-16 14:53:00,2025-06-05 01:12:00,19.43,0.25,medium,,,"{'ql_confirms': np.False_, 'ql_opz': None}"
episode_rules_v9_9,Da_515,Снижение Кпрод,2025-08-11 05:00:00,2025-08-21 00:00:00,9.79,0.25,medium,,,"{'ql_confirms': np.False_, 'ql_opz': None}"
episode_rules_v9_9,Da_515,Снижение Рпл,2025-10-10 00:00:00,2026-03-11 23:00:00,152.96,0.333,low,Снижение Рпл,0.301,"{'freq_stable': np.True_, 'ip_gradual': np.False_, 'ql_declining': np.False_}"
episode_rules_v9_9,Ic_002,НУР,2026-04-29 00:00:00,2026-05-11 23:00:00,12.96,0.667,medium,НУР,0.398,"{'ip_no_spike': np.True_, 'ip_smooth': True, 'ql_recovers': False}"
episode_rules_v9_9,Ic_002,Остановка,2025-01-01 00:00:00,2026-04-25 01:48:00,479.07,1.0,high,,,{}
episode_rules_v9_9,Ic_002,Остановка,2026-04-28 09:21:00,2026-04-28 23:39:00,0.6,1.0,high,,,{}
episode_rules_v9_9,Ic_002,Остановка,2026-05-02 17:52:00,2026-05-02 19:04:00,0.05,1.0,high,,,{}
episode_rules_v9_9,Ic_002,Остановка,2026-05-12 01:16:00,2026-05-12 03:12:00,0.08,1.0,high,,,{}
episode_rules_v9_9,Ic_002,Остановка,2026-05-12 10:13:00,2026-05-13 02:49:00,0.69,1.0,high,,,{}
episode_rules_v9_9,Ic_002,Работа,2026-04-25 01:48:00,2026-04-28 09:21:00,3.31,1.0,high,,,{}
episode_rules_v9_9,Ic_002,Работа,2026-04-28 23:39:00,2026-05-02 17:52:00,3.76,1.0,high,,,{}
episode_rules_v9_9,Ic_002,Работа,2026-05-02 19:04:00,2026-05-12 01:16:00,9.26,1.0,high,,,{}
episode_rules_v9_9,Ic_002,Работа,2026-05-12 03:12:00,2026-05-12 10:13:00,0.29,1.0,high,,,{}
episode_rules_v9_9,Ic_002,Работа,2026-05-13 02:49:00,2026-05-13 08:12:00,0.22,1.0,high,,,{}
episode_rules_v9_9,Ic_002,Снижение Рпл,2026-05-12 00:00:00,2026-05-12 10:13:00,0.43,0.5,medium,Снижение Рпл,0.266,"{'freq_stable': None, 'ip_gradual': None, 'ql_declining': None}"
episode_rules_v9_9,Ic_002,УВЧ,2026-04-27 00:00:00,2026-04-28 09:21:00,1.39,0.667,medium,,,"{'freq_net_ok': np.True_, 'freq_trend_up': None, 'ql_rises': None}"
episode_rules_v9_9,Ic_002,УВЧ,2026-04-28 23:39:00,2026-05-06 23:00:00,7.97,0.667,medium,,,"{'freq_net_ok': np.True_, 'freq_trend_up': True, 'ql_rises': False}"
episode_rules_v9_9,Ic_349,ГДИ,2025-01-01 00:00:00,2025-02-03 05:00:00,33.21,0.5,low,,,"{'ip_kvd_rising': np.False_, 'ql_zero': True}"
episode_rules_v9_9,Ic_349,НУР,2025-02-03 05:00:00,2025-03-03 10:48:00,28.24,0.667,medium,НУР,0.319,"{'ip_no_spike': np.True_, 'ip_smooth': True, 'ql_recovers': False}"
episode_rules_v9_9,Ic_349,НУР,2025-03-05 00:00:00,2025-03-09 12:39:00,4.53,0.833,medium,НУР,0.549,"{'ip_no_spike': np.True_, 'ip_smooth': True, 'ql_recovers': None}"
episode_rules_v9_9,Ic_349,НУР,2025-03-10 07:32:00,2025-03-20 11:53:00,10.18,0.833,medium,НУР,0.614,"{'ip_no_spike': np.True_, 'ip_smooth': True, 'ql_recovers': None}"
episode_rules_v9_9,Ic_349,НУР,2025-04-09 02:17:00,2025-04-22 23:00:00,13.86,1.0,high,НУР,0.357,"{'ip_no_spike': np.True_, 'ip_smooth': True, 'ql_recovers': True}"
episode_rules_v9_9,Ic_349,НУР,2025-06-10 11:52:00,2025-06-10 21:14:00,0.39,0.5,medium,НУР,0.214,"{'ip_no_spike': None, 'ip_smooth': None, 'ql_recovers': None}"
episode_rules_v9_9,Ic_349,НУР,2025-06-11 23:21:00,2025-06-13 23:00:00,1.99,0.5,medium,НУР,0.214,"{'ip_no_spike': None, 'ip_smooth': None, 'ql_recovers': None}"
episode_rules_v9_9,Ic_349,Остановка,2025-01-01 00:00:00,2025-02-03 05:00:00,33.21,1.0,high,,,{}
episode_rules_v9_9,Ic_349,Остановка,2025-03-03 10:48:00,2025-03-04 09:30:00,0.95,1.0,high,,,{}
episode_rules_v9_9,Ic_349,Остановка,2025-03-09 12:39:00,2025-03-10 07:32:00,0.79,1.0,high,,,{}
episode_rules_v9_9,Ic_349,Остановка,2025-03-20 11:53:00,2025-04-09 02:17:00,19.6,1.0,high,,,{}
episode_rules_v9_9,Ic_349,Остановка,2025-06-01 15:49:00,2025-06-02 23:14:00,1.31,1.0,high,,,{}
episode_rules_v9_9,Ic_349,Остановка,2025-06-07 19:30:00,2025-06-08 14:00:00,0.77,1.0,high,,,{}
episode_rules_v9_9,Ic_349,Остановка,2025-06-08 20:31:00,2025-06-09 13:26:00,0.7,1.0,high,,,{}
episode_rules_v9_9,Ic_349,Остановка,2025-06-09 21:55:00,2025-06-10 11:52:00,0.58,1.0,high,,,{}
episode_rules_v9_9,Ic_349,Остановка,2025-06-10 21:14:00,2025-06-11 23:21:00,1.09,1.0,high,,,{}
episode_rules_v9_9,Ic_349,Остановка,2025-06-21 14:58:00,2025-06-21 16:46:00,0.07,1.0,high,,,{}
episode_rules_v9_9,Ic_349,Остановка,2025-06-27 15:44:00,2025-06-27 17:48:00,0.09,1.0,high,,,{}
episode_rules_v9_9,Ic_349,Остановка,2025-12-27 01:24:00,2025-12-27 01:55:00,0.02,1.0,high,,,{}
episode_rules_v9_9,Ic_349,Остановка,2025-12-27 02:45:00,2025-12-27 04:54:00,0.09,1.0,high,,,{}
episode_rules_v9_9,Ic_349,Остановка,2026-04-05 14:48:00,2026-04-05 15:21:00,0.02,1.0,high,,,{}
episode_rules_v9_9,Ic_349,Работа,2025-02-03 05:00:00,2025-03-03 10:48:00,28.24,1.0,high,,,{}
episode_rules_v9_9,Ic_349,Работа,2025-03-04 09:30:00,2025-03-09 12:39:00,5.13,1.0,high,,,{}
episode_rules_v9_9,Ic_349,Работа,2025-03-10 07:32:00,2025-03-20 11:53:00,10.18,1.0,high,,,{}
episode_rules_v9_9,Ic_349,Работа,2025-04-09 02:17:00,2025-06-01 15:49:00,53.56,1.0,high,,,{}
episode_rules_v9_9,Ic_349,Работа,2025-06-02 23:14:00,2025-06-07 19:30:00,4.84,1.0,high,,,{}
episode_rules_v9_9,Ic_349,Работа,2025-06-08 14:00:00,2025-06-08 20:31:00,0.27,1.0,high,,,{}
episode_rules_v9_9,Ic_349,Работа,2025-06-09 13:26:00,2025-06-09 21:55:00,0.35,1.0,high,,,{}
episode_rules_v9_9,Ic_349,Работа,2025-06-10 11:52:00,2025-06-10 21:14:00,0.39,1.0,high,,,{}
episode_rules_v9_9,Ic_349,Работа,2025-06-11 23:21:00,2025-06-21 14:58:00,9.65,1.0,high,,,{}
episode_rules_v9_9,Ic_349,Работа,2025-06-21 16:46:00,2025-06-27 15:44:00,5.96,1.0,high,,,{}
episode_rules_v9_9,Ic_349,Работа,2025-06-27 17:48:00,2025-12-27 01:24:00,182.32,1.0,high,,,{}
episode_rules_v9_9,Ic_349,Работа,2025-12-27 01:55:00,2025-12-27 02:45:00,0.03,1.0,high,,,{}
episode_rules_v9_9,Ic_349,Работа,2025-12-27 04:54:00,2026-04-05 14:48:00,99.41,1.0,high,,,{}
episode_rules_v9_9,Ic_349,Работа,2026-04-05 15:21:00,2026-04-11 00:00:00,5.36,1.0,high,,,{}
episode_rules_v9_9,Ic_349,Снижение Кпрод,2025-04-09 02:17:00,2025-05-24 00:00:00,44.9,0.5,medium,,,"{'ql_confirms': None, 'ql_opz': None}"
episode_rules_v9_9,Ic_349,Снижение Рпл,2025-05-31 00:00:00,2025-06-01 15:49:00,1.66,0.333,low,Снижение Рпл,0.357,"{'freq_stable': np.False_, 'ip_gradual': None, 'ql_declining': None}"
episode_rules_v9_9,Ic_349,Снижение Рпл,2025-06-16 00:00:00,2025-06-26 23:00:00,10.96,0.5,low,НУР,0.298,"{'freq_stable': np.True_, 'ip_gradual': np.False_, 'ql_declining': None}"
episode_rules_v9_9,Ic_349,Снижение Рпл,2025-07-12 00:00:00,2025-07-16 23:00:00,4.96,0.833,medium,Снижение Рпл,0.114,"{'freq_stable': np.True_, 'ip_gradual': np.True_, 'ql_declining': None}"
episode_rules_v9_9,Ic_349,Снижение Рпл,2025-07-20 00:00:00,2026-04-11 23:00:00,265.96,0.667,low,Снижение Рпл,0.645,"{'freq_stable': np.False_, 'ip_gradual': np.True_, 'ql_declining': np.True_}"
episode_rules_v9_9,Ic_349,УВЧ,2025-02-09 00:00:00,2025-02-13 23:00:00,4.96,0.833,medium,,,"{'freq_net_ok': np.True_, 'freq_trend_up': True, 'ql_rises': None}"
episode_rules_v9_9,Ic_349,УВЧ,2025-03-15 00:00:00,2025-03-19 23:00:00,4.96,0.833,medium,,,"{'freq_net_ok': np.True_, 'freq_trend_up': True, 'ql_rises': None}"
episode_rules_v9_9,Ic_349,УВЧ,2025-05-05 00:00:00,2025-05-08 23:00:00,3.96,0.5,low,,,"{'freq_net_ok': np.False_, 'freq_trend_up': True, 'ql_rises': None}"
episode_rules_v9_9,Ic_349,УВЧ,2025-07-01 00:00:00,2025-07-08 23:00:00,7.96,0.833,medium,,,"{'freq_net_ok': np.True_, 'freq_trend_up': True, 'ql_rises': None}"
episode_rules_v9_9,Ic_349,УВЧ,2025-07-15 00:00:00,2025-07-20 23:00:00,5.96,0.833,medium,,,"{'freq_net_ok': np.True_, 'freq_trend_up': True, 'ql_rises': None}"
episode_rules_v9_9,Ic_349,УВЧ,2025-08-02 00:00:00,2025-08-06 23:00:00,4.96,0.833,medium,,,"{'freq_net_ok': np.True_, 'freq_trend_up': True, 'ql_rises': None}"
episode_rules_v9_9,Ic_349,УВЧ,2025-08-31 00:00:00,2025-09-03 23:00:00,3.96,0.5,low,,,"{'freq_net_ok': np.False_, 'freq_trend_up': True, 'ql_rises': None}"
episode_rules_v9_9,Ic_349,УВЧ,2025-11-02 00:00:00,2025-11-10 23:00:00,8.96,0.833,medium,,,"{'freq_net_ok': np.True_, 'freq_trend_up': True, 'ql_rises': None}"
episode_rules_v9_9,Ic_349,УВЧ,2025-11-14 00:00:00,2025-11-17 23:00:00,3.96,0.5,low,,,"{'freq_net_ok': np.False_, 'freq_trend_up': True, 'ql_rises': None}"
episode_rules_v9_9,Ic_359,ГДИ,2025-06-08 20:33:00,2025-06-11 23:26:00,3.12,1.0,high,,,"{'ip_kvd_rising': np.True_, 'ql_zero': True}"
episode_rules_v9_9,Ic_359,НУР,2025-03-05 00:00:00,2025-03-09 12:30:00,4.52,0.667,medium,НУР,0.282,"{'ip_no_spike': np.True_, 'ip_smooth': True, 'ql_recovers': False}"
episode_rules_v9_9,Ic_359,НУР,2025-03-11 00:00:00,2025-04-10 23:00:00,30.96,0.667,medium,НУР,0.305,"{'ip_no_spike': np.True_, 'ip_smooth': True, 'ql_recovers': False}"
episode_rules_v9_9,Ic_359,НУР,2025-06-03 00:00:00,2025-06-07 19:34:00,4.82,0.833,medium,НУР,0.557,"{'ip_no_spike': np.True_, 'ip_smooth': True, 'ql_recovers': None}"
episode_rules_v9_9,Ic_359,НУР,2025-06-12 00:00:00,2025-06-26 23:00:00,14.96,0.667,medium,НУР,0.14,"{'ip_no_spike': np.True_, 'ip_smooth': True, 'ql_recovers': False}"
episode_rules_v9_9,Ic_359,Остановка,2025-03-03 10:29:00,2025-03-04 06:43:00,0.84,1.0,high,,,{}
episode_rules_v9_9,Ic_359,Остановка,2025-03-09 12:30:00,2025-03-10 05:31:00,0.71,1.0,high,,,{}
episode_rules_v9_9,Ic_359,Остановка,2025-03-22 15:07:00,2025-03-22 15:35:00,0.02,1.0,high,,,{}
episode_rules_v9_9,Ic_359,Остановка,2025-05-01 09:26:00,2025-05-01 11:04:00,0.07,1.0,high,,,{}
episode_rules_v9_9,Ic_359,Остановка,2025-06-01 15:51:00,2025-06-02 22:32:00,1.28,1.0,high,,,{}
episode_rules_v9_9,Ic_359,Остановка,2025-06-03 01:03:00,2025-06-03 01:48:00,0.03,1.0,high,,,{}
episode_rules_v9_9,Ic_359,Остановка,2025-06-07 19:34:00,2025-06-08 14:13:00,0.78,1.0,high,,,{}
episode_rules_v9_9,Ic_359,Остановка,2025-06-08 20:33:00,2025-06-11 23:26:00,3.12,1.0,high,,,{}
episode_rules_v9_9,Ic_359,Остановка,2025-06-12 01:50:00,2025-06-12 02:33:00,0.03,1.0,high,,,{}
episode_rules_v9_9,Ic_359,Остановка,2025-06-12 07:15:00,2025-06-12 08:59:00,0.07,1.0,high,,,{}
episode_rules_v9_9,Ic_359,Остановка,2025-06-21 14:58:00,2025-06-21 16:49:00,0.08,1.0,high,,,{}
episode_rules_v9_9,Ic_359,Остановка,2025-06-27 15:44:00,2025-06-27 18:29:00,0.11,1.0,high,,,{}
episode_rules_v9_9,Ic_359,Остановка,2025-09-02 00:51:00,2025-09-02 02:55:00,0.09,1.0,high,,,{}
episode_rules_v9_9,Ic_359,Остановка,2025-10-05 18:03:00,2025-10-05 22:53:00,0.2,1.0,high,,,{}
episode_rules_v9_9,Ic_359,Остановка,2025-12-28 14:54:00,2025-12-28 16:26:00,0.06,1.0,high,,,{}
episode_rules_v9_9,Ic_359,Остановка,2026-01-21 17:47:00,2026-01-21 18:35:00,0.03,1.0,high,,,{}
episode_rules_v9_9,Ic_359,Остановка,2026-01-21 19:50:00,2026-01-21 21:50:00,0.08,1.0,high,,,{}
episode_rules_v9_9,Ic_359,Остановка,2026-01-28 01:38:00,2026-01-28 05:24:00,0.16,1.0,high,,,{}
episode_rules_v9_9,Ic_359,Остановка,2026-01-31 08:21:00,2026-01-31 17:09:00,0.37,1.0,high,,,{}
episode_rules_v9_9,Ic_359,РПТЧ,2025-11-06 00:00:00,2026-01-12 23:00:00,67.96,1.0,high,,,"{'ql_oscillates': np.True_, 'round_hz': np.True_}"
episode_rules_v9_9,Ic_359,Работа,2025-01-01 00:00:00,2025-03-03 10:29:00,61.44,1.0,high,,,{}
episode_rules_v9_9,Ic_359,Работа,2025-03-04 06:43:00,2025-03-09 12:30:00,5.24,1.0,high,,,{}
episode_rules_v9_9,Ic_359,Работа,2025-03-10 05:31:00,2025-03-22 15:07:00,12.4,1.0,high,,,{}
episode_rules_v9_9,Ic_359,Работа,2025-03-22 15:35:00,2025-05-01 09:26:00,39.74,1.0,high,,,{}
episode_rules_v9_9,Ic_359,Работа,2025-05-01 11:04:00,2025-06-01 15:51:00,31.2,1.0,high,,,{}
episode_rules_v9_9,Ic_359,Работа,2025-06-02 22:32:00,2025-06-03 01:03:00,0.1,1.0,high,,,{}
episode_rules_v9_9,Ic_359,Работа,2025-06-03 01:48:00,2025-06-07 19:34:00,4.74,1.0,high,,,{}
episode_rules_v9_9,Ic_359,Работа,2025-06-08 14:13:00,2025-06-08 20:33:00,0.26,1.0,high,,,{}
episode_rules_v9_9,Ic_359,Работа,2025-06-11 23:26:00,2025-06-12 01:50:00,0.1,1.0,high,,,{}
episode_rules_v9_9,Ic_359,Работа,2025-06-12 02:33:00,2025-06-12 07:15:00,0.2,1.0,high,,,{}
episode_rules_v9_9,Ic_359,Работа,2025-06-12 08:59:00,2025-06-21 14:58:00,9.25,1.0,high,,,{}
episode_rules_v9_9,Ic_359,Работа,2025-06-21 16:49:00,2025-06-27 15:44:00,5.95,1.0,high,,,{}
episode_rules_v9_9,Ic_359,Работа,2025-06-27 18:29:00,2025-09-02 00:51:00,66.27,1.0,high,,,{}
episode_rules_v9_9,Ic_359,Работа,2025-09-02 02:55:00,2025-10-05 18:03:00,33.63,1.0,high,,,{}
episode_rules_v9_9,Ic_359,Работа,2025-10-05 22:53:00,2025-12-28 14:54:00,83.67,1.0,high,,,{}
episode_rules_v9_9,Ic_359,Работа,2025-12-28 16:26:00,2026-01-21 17:47:00,24.06,1.0,high,,,{}
episode_rules_v9_9,Ic_359,Работа,2026-01-21 18:35:00,2026-01-21 19:50:00,0.05,1.0,high,,,{}
episode_rules_v9_9,Ic_359,Работа,2026-01-21 21:50:00,2026-01-28 01:38:00,6.16,1.0,high,,,{}
episode_rules_v9_9,Ic_359,Работа,2026-01-28 05:24:00,2026-01-31 08:21:00,3.12,1.0,high,,,{}
episode_rules_v9_9,Ic_359,Работа,2026-01-31 17:09:00,2026-05-01 22:21:00,90.22,1.0,high,,,{}
episode_rules_v9_9,Ic_359,Рост Рпл,2025-08-15 00:00:00,2025-11-14 00:00:00,91.0,1.0,high,,,{}
episode_rules_v9_9,Ic_359,Рост обводненности,2025-01-27 00:00:00,2025-02-10 23:00:00,14.96,1.0,high,,,{}
episode_rules_v9_9,Ic_359,Рост обводненности,2025-05-06 00:00:00,2025-05-25 23:00:00,19.96,1.0,high,,,{}
episode_rules_v9_9,Ic_359,Рост обводненности,2025-08-31 00:00:00,2025-09-07 23:00:00,7.96,1.0,high,,,{}
episode_rules_v9_9,Ic_359,Рост обводненности,2025-09-11 00:00:00,2025-09-13 23:00:00,2.96,1.0,high,,,{}
episode_rules_v9_9,Ic_359,Рост обводненности,2025-10-02 00:00:00,2025-10-05 23:00:00,3.96,1.0,high,,,{}
episode_rules_v9_9,Ic_359,Рост обводненности,2025-12-10 00:00:00,2025-12-15 23:00:00,5.96,1.0,high,,,{}
episode_rules_v9_9,Ic_359,Снижение Кпрод,2025-01-03 00:00:00,2025-02-17 00:00:00,45.0,0.75,high,,,"{'ql_confirms': np.True_, 'ql_opz': None}"
episode_rules_v9_9,Ic_359,Снижение Рпл,2025-01-02 00:00:00,2025-01-03 00:00:00,1.0,0.667,medium,Снижение Рпл,0.357,"{'freq_stable': np.True_, 'ip_gradual': None, 'ql_declining': None}"
episode_rules_v9_9,Ic_359,Снижение Рпл,2025-02-17 00:00:00,2025-03-03 10:29:00,14.44,0.667,medium,Снижение Рпл,0.025,"{'freq_stable': np.True_, 'ip_gradual': np.True_, 'ql_declining': np.False_}"
episode_rules_v9_9,Ic_359,Снижение Рпл,2025-04-30 00:00:00,2025-05-26 23:00:00,26.96,1.0,high,Снижение Рпл,0.285,"{'freq_stable': np.True_, 'ip_gradual': np.True_, 'ql_declining': np.True_}"
episode_rules_v9_9,Ic_359,Снижение Рпл,2025-06-28 00:00:00,2025-07-18 23:00:00,20.96,0.667,low,НУР,0.351,"{'freq_stable': np.True_, 'ip_gradual': np.True_, 'ql_declining': np.False_}"
episode_rules_v9_9,Ic_359,Снижение Рпл,2025-08-03 00:00:00,2025-09-01 23:00:00,29.96,0.333,low,Снижение Рпл,0.067,"{'freq_stable': np.True_, 'ip_gradual': np.False_, 'ql_declining': np.False_}"
episode_rules_v9_9,Ic_359,Снижение Рпл,2025-12-27 00:00:00,2026-01-27 23:00:00,31.96,0.333,low,НУР,0.026,"{'freq_stable': np.True_, 'ip_gradual': np.False_, 'ql_declining': np.False_}"
episode_rules_v9_9,Ic_359,Снижение Рпл,2026-02-03 00:00:00,2026-05-01 23:00:00,87.96,1.0,high,Снижение Рпл,0.167,"{'freq_stable': np.True_, 'ip_gradual': np.True_, 'ql_declining': np.True_}"
episode_rules_v9_9,Ic_359,УВЧ,2025-03-13 00:00:00,2025-03-16 23:00:00,3.96,0.667,medium,,,"{'freq_net_ok': np.True_, 'freq_trend_up': True, 'ql_rises': False}"
episode_rules_v9_9,Ic_359,УВЧ,2025-04-17 00:00:00,2025-04-20 23:00:00,3.96,0.667,low,,,"{'freq_net_ok': np.False_, 'freq_trend_up': True, 'ql_rises': True}"
episode_rules_v9_9,Ic_359,УВЧ,2025-06-04 00:00:00,2025-06-06 23:00:00,2.96,0.833,medium,,,"{'freq_net_ok': np.True_, 'freq_trend_up': True, 'ql_rises': None}"
episode_rules_v9_9,Ic_359,УВЧ,2025-06-15 00:00:00,2025-06-19 23:00:00,4.96,0.667,medium,,,"{'freq_net_ok': np.True_, 'freq_trend_up': True, 'ql_rises': False}"
episode_rules_v9_9,Ic_359,УВЧ,2025-11-02 00:00:00,2025-11-07 23:00:00,5.96,0.833,medium,,,"{'freq_net_ok': np.True_, 'freq_trend_up': True, 'ql_rises': None}"
episode_rules_v9_9,Ic_367,ГДИ,2025-01-01 00:00:00,2025-03-15 05:00:00,73.21,0.0,low,,,"{'ip_kvd_rising': np.False_, 'ql_zero': np.False_}"
episode_rules_v9_9,Ic_367,ГДИ,2025-05-05 05:31:00,2025-05-08 22:33:00,3.71,0.5,low,,,"{'ip_kvd_rising': np.False_, 'ql_zero': True}"
episode_rules_v9_9,Ic_367,ГДИ,2025-06-09 19:52:00,2025-06-11 22:21:00,2.1,1.0,high,,,"{'ip_kvd_rising': np.True_, 'ql_zero': True}"
episode_rules_v9_9,Ic_367,ГДИ,2025-09-15 15:25:00,2025-09-24 10:25:00,8.79,1.0,high,,,"{'ip_kvd_rising': np.True_, 'ql_zero': True}"
episode_rules_v9_9,Ic_367,ГДИ,2025-10-01 11:35:00,2025-10-04 05:00:00,2.73,0.5,low,,,"{'ip_kvd_rising': np.False_, 'ql_zero': True}"
episode_rules_v9_9,Ic_367,НУР,2025-03-16 00:00:00,2025-04-08 23:00:00,23.96,0.667,medium,НУР,0.045,"{'ip_no_spike': np.True_, 'ip_smooth': True, 'ql_recovers': False}"
episode_rules_v9_9,Ic_367,НУР,2025-05-09 00:00:00,2025-05-17 23:00:00,8.96,0.833,medium,НУР,0.35,"{'ip_no_spike': np.True_, 'ip_smooth': True, 'ql_recovers': None}"
episode_rules_v9_9,Ic_367,НУР,2025-06-09 00:00:00,2025-06-17 23:00:00,8.96,0.5,low,НУР,0.74,"{'ip_no_spike': np.False_, 'ip_smooth': True, 'ql_recovers': None}"
episode_rules_v9_9,Ic_367,НУР,2025-09-24 00:00:00,2025-09-26 23:00:00,2.96,0.833,low,Снижение Рпл,0.439,"{'ip_no_spike': np.True_, 'ip_smooth': True, 'ql_recovers': None}"
episode_rules_v9_9,Ic_367,НУР,2025-09-29 00:00:00,2025-10-01 23:00:00,2.96,0.833,medium,НУР,0.212,"{'ip_no_spike': np.True_, 'ip_smooth': True, 'ql_recovers': None}"
episode_rules_v9_9,Ic_367,НУР,2025-10-07 00:00:00,2025-10-11 23:00:00,4.96,0.5,low,НУР,0.405,"{'ip_no_spike': np.False_, 'ip_smooth': True, 'ql_recovers': None}"
episode_rules_v9_9,Ic_367,НУР,2025-10-16 00:00:00,2025-10-17 23:00:00,1.96,0.5,medium,НУР,0.028,"{'ip_no_spike': None, 'ip_smooth': None, 'ql_recovers': None}"
episode_rules_v9_9,Ic_367,НУР,2026-02-12 00:00:00,2026-02-13 23:00:00,1.96,0.5,medium,НУР,0.031,"{'ip_no_spike': None, 'ip_smooth': None, 'ql_recovers': None}"
episode_rules_v9_9,Ic_367,Осложнённый фонд,2025-02-04 00:00:00,2025-06-04 23:00:00,120.96,1.0,high,,,{}
episode_rules_v9_9,Ic_367,Остановка,2025-01-01 00:00:00,2025-03-15 05:00:00,73.21,1.0,high,,,{}
episode_rules_v9_9,Ic_367,Остановка,2025-03-26 10:37:00,2025-03-26 11:19:00,0.03,1.0,high,,,{}
episode_rules_v9_9,Ic_367,Остановка,2025-04-03 22:10:00,2025-04-03 23:21:00,0.05,1.0,high,,,{}
episode_rules_v9_9,Ic_367,Остановка,2025-04-07 00:52:00,2025-04-07 02:07:00,0.05,1.0,high,,,{}
episode_rules_v9_9,Ic_367,Остановка,2025-04-16 14:58:00,2025-04-16 16:28:00,0.06,1.0,high,,,{}
episode_rules_v9_9,Ic_367,Остановка,2025-05-05 05:31:00,2025-05-08 22:33:00,3.71,1.0,high,,,{}
episode_rules_v9_9,Ic_367,Остановка,2025-05-09 05:35:00,2025-05-09 07:24:00,0.08,1.0,high,,,{}
episode_rules_v9_9,Ic_367,Остановка,2025-05-09 10:52:00,2025-05-09 17:29:00,0.28,1.0,high,,,{}
episode_rules_v9_9,Ic_367,Остановка,2025-06-01 15:52:00,2025-06-02 22:24:00,1.27,1.0,high,,,{}
episode_rules_v9_9,Ic_367,Остановка,2025-06-07 19:30:00,2025-06-08 13:54:00,0.77,1.0,high,,,{}
episode_rules_v9_9,Ic_367,Остановка,2025-06-09 04:32:00,2025-06-09 12:02:00,0.31,1.0,high,,,{}
episode_rules_v9_9,Ic_367,Остановка,2025-06-09 19:52:00,2025-06-11 22:21:00,2.1,1.0,high,,,{}
episode_rules_v9_9,Ic_367,Остановка,2025-06-12 01:06:00,2025-06-12 02:09:00,0.04,1.0,high,,,{}
episode_rules_v9_9,Ic_367,Остановка,2025-06-14 05:55:00,2025-06-14 09:12:00,0.14,1.0,high,,,{}
episode_rules_v9_9,Ic_367,Остановка,2025-06-21 14:58:00,2025-06-21 17:05:00,0.09,1.0,high,,,{}
episode_rules_v9_9,Ic_367,Остановка,2025-06-27 15:43:00,2025-06-27 18:16:00,0.11,1.0,high,,,{}
episode_rules_v9_9,Ic_367,Остановка,2025-07-02 22:46:00,2025-07-02 23:22:00,0.03,1.0,high,,,{}
episode_rules_v9_9,Ic_367,Остановка,2025-07-19 16:27:00,2025-07-19 18:22:00,0.08,1.0,high,,,{}
episode_rules_v9_9,Ic_367,Остановка,2025-07-19 18:46:00,2025-07-19 23:00:00,0.18,1.0,high,,,{}
episode_rules_v9_9,Ic_367,Остановка,2025-07-19 23:32:00,2025-07-20 02:39:00,0.13,1.0,high,,,{}
episode_rules_v9_9,Ic_367,Остановка,2025-07-26 18:34:00,2025-07-26 19:49:00,0.05,1.0,high,,,{}
episode_rules_v9_9,Ic_367,Остановка,2025-08-04 01:27:00,2025-08-04 02:44:00,0.05,1.0,high,,,{}
episode_rules_v9_9,Ic_367,Остановка,2025-09-01 17:59:00,2025-09-01 22:46:00,0.2,1.0,high,,,{}
episode_rules_v9_9,Ic_367,Остановка,2025-09-05 09:10:00,2025-09-05 10:20:00,0.05,1.0,high,,,{}
episode_rules_v9_9,Ic_367,Остановка,2025-09-12 17:10:00,2025-09-12 18:44:00,0.07,1.0,high,,,{}
episode_rules_v9_9,Ic_367,Остановка,2025-09-15 15:25:00,2025-09-24 10:25:00,8.79,1.0,high,,,{}
episode_rules_v9_9,Ic_367,Остановка,2025-09-24 17:01:00,2025-09-24 17:46:00,0.03,1.0,high,,,{}
episode_rules_v9_9,Ic_367,Остановка,2025-09-24 20:47:00,2025-09-25 03:21:00,0.27,1.0,high,,,{}
episode_rules_v9_9,Ic_367,Остановка,2025-09-27 19:29:00,2025-09-27 20:45:00,0.05,1.0,high,,,{}
episode_rules_v9_9,Ic_367,Остановка,2025-09-28 17:01:00,2025-09-29 00:24:00,0.31,1.0,high,,,{}
episode_rules_v9_9,Ic_367,Остановка,2025-09-29 04:00:00,2025-09-29 04:59:00,0.04,1.0,high,,,{}
episode_rules_v9_9,Ic_367,Остановка,2025-09-29 19:45:00,2025-09-30 01:22:00,0.23,1.0,high,,,{}
episode_rules_v9_9,Ic_367,Остановка,2025-09-30 16:28:00,2025-09-30 20:46:00,0.18,1.0,high,,,{}
episode_rules_v9_9,Ic_367,Остановка,2025-10-01 11:35:00,2025-10-04 05:00:00,2.73,1.0,high,,,{}
episode_rules_v9_9,Ic_367,Остановка,2025-10-06 05:04:00,2025-10-06 09:51:00,0.2,1.0,high,,,{}
episode_rules_v9_9,Ic_367,Остановка,2025-10-07 05:27:00,2025-10-07 10:02:00,0.19,1.0,high,,,{}
episode_rules_v9_9,Ic_367,Остановка,2025-10-08 15:32:00,2025-10-08 19:09:00,0.15,1.0,high,,,{}
episode_rules_v9_9,Ic_367,Остановка,2025-10-10 07:37:00,2025-10-10 18:41:00,0.46,1.0,high,,,{}
episode_rules_v9_9,Ic_367,Остановка,2025-10-13 21:58:00,2025-10-14 00:44:00,0.12,1.0,high,,,{}
episode_rules_v9_9,Ic_367,Остановка,2025-10-16 08:37:00,2025-10-16 17:41:00,0.38,1.0,high,,,{}
episode_rules_v9_9,Ic_367,Остановка,2025-10-20 01:27:00,2025-10-20 02:59:00,0.06,1.0,high,,,{}
episode_rules_v9_9,Ic_367,Остановка,2025-10-22 18:13:00,2025-10-22 19:21:00,0.05,1.0,high,,,{}
episode_rules_v9_9,Ic_367,Остановка,2025-10-25 16:52:00,2025-10-25 18:15:00,0.06,1.0,high,,,{}
episode_rules_v9_9,Ic_367,Остановка,2025-10-29 06:48:00,2025-10-29 08:23:00,0.07,1.0,high,,,{}
episode_rules_v9_9,Ic_367,Остановка,2025-11-03 15:18:00,2025-11-03 16:26:00,0.05,1.0,high,,,{}
episode_rules_v9_9,Ic_367,Остановка,2025-11-08 19:11:00,2025-11-08 20:52:00,0.07,1.0,high,,,{}
episode_rules_v9_9,Ic_367,Остановка,2025-11-12 11:47:00,2025-11-12 12:52:00,0.05,1.0,high,,,{}
episode_rules_v9_9,Ic_367,Остановка,2025-11-16 05:50:00,2025-11-16 07:27:00,0.07,1.0,high,,,{}
episode_rules_v9_9,Ic_367,Остановка,2025-11-20 11:59:00,2025-11-20 14:30:00,0.1,1.0,high,,,{}
episode_rules_v9_9,Ic_367,Остановка,2025-11-24 15:29:00,2025-11-24 17:28:00,0.08,1.0,high,,,{}
episode_rules_v9_9,Ic_367,Остановка,2025-11-27 23:19:00,2025-11-28 01:20:00,0.08,1.0,high,,,{}
episode_rules_v9_9,Ic_367,Остановка,2025-11-30 14:54:00,2025-11-30 17:07:00,0.09,1.0,high,,,{}
episode_rules_v9_9,Ic_367,Остановка,2025-12-03 12:35:00,2025-12-03 16:16:00,0.15,1.0,high,,,{}
episode_rules_v9_9,Ic_367,Остановка,2025-12-09 00:29:00,2025-12-09 01:53:00,0.06,1.0,high,,,{}
episode_rules_v9_9,Ic_367,Остановка,2025-12-12 00:15:00,2025-12-12 02:13:00,0.08,1.0,high,,,{}
episode_rules_v9_9,Ic_367,Остановка,2025-12-15 03:20:00,2025-12-15 04:32:00,0.05,1.0,high,,,{}
episode_rules_v9_9,Ic_367,Остановка,2025-12-17 22:49:00,2025-12-18 00:06:00,0.05,1.0,high,,,{}
episode_rules_v9_9,Ic_367,Остановка,2025-12-21 01:54:00,2025-12-21 02:57:00,0.04,1.0,high,,,{}
episode_rules_v9_9,Ic_367,Остановка,2025-12-30 09:51:00,2025-12-30 10:59:00,0.05,1.0,high,,,{}
episode_rules_v9_9,Ic_367,Остановка,2026-01-02 13:12:00,2026-01-02 14:20:00,0.05,1.0,high,,,{}
episode_rules_v9_9,Ic_367,Остановка,2026-01-05 11:31:00,2026-01-05 12:25:00,0.04,1.0,high,,,{}
episode_rules_v9_9,Ic_367,Остановка,2026-01-08 11:36:00,2026-01-08 12:43:00,0.05,1.0,high,,,{}
episode_rules_v9_9,Ic_367,Остановка,2026-01-17 05:16:00,2026-01-17 06:51:00,0.07,1.0,high,,,{}
episode_rules_v9_9,Ic_367,Остановка,2026-01-20 06:09:00,2026-01-20 07:20:00,0.05,1.0,high,,,{}
episode_rules_v9_9,Ic_367,Остановка,2026-01-23 08:26:00,2026-01-23 09:33:00,0.05,1.0,high,,,{}
episode_rules_v9_9,Ic_367,Остановка,2026-01-26 13:18:00,2026-01-26 14:36:00,0.05,1.0,high,,,{}
episode_rules_v9_9,Ic_367,Остановка,2026-02-01 01:53:00,2026-02-01 05:47:00,0.16,1.0,high,,,{}
episode_rules_v9_9,Ic_367,Остановка,2026-02-03 02:01:00,2026-02-03 03:26:00,0.06,1.0,high,,,{}
episode_rules_v9_9,Ic_367,Остановка,2026-02-08 22:23:00,2026-02-09 00:09:00,0.07,1.0,high,,,{}
episode_rules_v9_9,Ic_367,Остановка,2026-02-09 23:32:00,2026-02-10 01:43:00,0.09,1.0,high,,,{}
episode_rules_v9_9,Ic_367,Остановка,2026-02-11 21:56:00,2026-02-12 00:01:00,0.09,1.0,high,,,{}
episode_rules_v9_9,Ic_367,Остановка,2026-02-12 00:52:00,2026-02-12 04:56:00,0.17,1.0,high,,,{}
episode_rules_v9_9,Ic_367,Остановка,2026-02-12 07:05:00,2026-02-12 13:56:00,0.29,1.0,high,,,{}
episode_rules_v9_9,Ic_367,Остановка,2026-02-12 14:36:00,2026-02-12 15:07:00,0.02,1.0,high,,,{}
episode_rules_v9_9,Ic_367,Остановка,2026-02-13 03:25:00,2026-02-13 04:50:00,0.06,1.0,high,,,{}
episode_rules_v9_9,Ic_367,Остановка,2026-02-13 05:52:00,2026-02-13 10:44:00,0.2,1.0,high,,,{}
episode_rules_v9_9,Ic_367,Остановка,2026-02-20 10:35:00,2026-02-20 11:17:00,0.03,1.0,high,,,{}
episode_rules_v9_9,Ic_367,Остановка,2026-02-25 03:07:00,2026-02-25 03:58:00,0.04,1.0,high,,,{}
episode_rules_v9_9,Ic_367,Остановка,2026-03-06 11:33:00,2026-03-06 12:56:00,0.06,1.0,high,,,{}
episode_rules_v9_9,Ic_367,Остановка,2026-03-14 08:14:00,2026-03-14 09:29:00,0.05,1.0,high,,,{}
episode_rules_v9_9,Ic_367,Остановка,2026-03-25 09:36:00,2026-03-25 10:36:00,0.04,1.0,high,,,{}
episode_rules_v9_9,Ic_367,Остановка,2026-03-31 03:01:00,2026-03-31 04:42:00,0.07,1.0,high,,,{}
episode_rules_v9_9,Ic_367,Остановка,2026-04-11 20:18:00,2026-04-11 22:45:00,0.1,1.0,high,,,{}
episode_rules_v9_9,Ic_367,Остановка,2026-04-23 21:57:00,2026-04-23 22:35:00,0.03,1.0,high,,,{}
episode_rules_v9_9,Ic_367,Периодическая работа,2025-09-18 00:00:00,2025-11-05 00:00:00,48.0,0.25,low,,,"{'ql_cyclic': None, 'rhythm_ok': False}"
episode_rules_v9_9,Ic_367,Периодическая работа,2026-01-31 00:00:00,2026-02-26 00:00:00,26.0,0.25,low,,,"{'ql_cyclic': None, 'rhythm_ok': False}"
episode_rules_v9_9,Ic_367,РПТЧ,2025-03-15 05:00:00,2026-05-01 17:07:00,412.5,1.0,high,,,"{'ql_oscillates': np.True_, 'round_hz': np.True_}"
episode_rules_v9_9,Ic_367,Работа,2025-03-15 05:00:00,2025-03-26 10:37:00,11.23,1.0,high,,,{}
episode_rules_v9_9,Ic_367,Работа,2025-03-26 11:19:00,2025-04-03 22:10:00,8.45,1.0,high,,,{}
episode_rules_v9_9,Ic_367,Работа,2025-04-03 23:21:00,2025-04-07 00:52:00,3.06,1.0,high,,,{}
episode_rules_v9_9,Ic_367,Работа,2025-04-07 02:07:00,2025-04-16 14:58:00,9.54,1.0,high,,,{}
episode_rules_v9_9,Ic_367,Работа,2025-04-16 16:28:00,2025-05-05 05:31:00,18.54,1.0,high,,,{}
episode_rules_v9_9,Ic_367,Работа,2025-05-08 22:33:00,2025-05-09 05:35:00,0.29,1.0,high,,,{}
episode_rules_v9_9,Ic_367,Работа,2025-05-09 07:24:00,2025-05-09 10:52:00,0.14,1.0,high,,,{}
episode_rules_v9_9,Ic_367,Работа,2025-05-09 17:29:00,2025-06-01 15:52:00,22.93,1.0,high,,,{}
episode_rules_v9_9,Ic_367,Работа,2025-06-02 22:24:00,2025-06-07 19:30:00,4.88,1.0,high,,,{}
episode_rules_v9_9,Ic_367,Работа,2025-06-08 13:54:00,2025-06-09 04:32:00,0.61,1.0,high,,,{}
episode_rules_v9_9,Ic_367,Работа,2025-06-09 12:02:00,2025-06-09 19:52:00,0.33,1.0,high,,,{}
episode_rules_v9_9,Ic_367,Работа,2025-06-11 22:21:00,2025-06-12 01:06:00,0.11,1.0,high,,,{}
episode_rules_v9_9,Ic_367,Работа,2025-06-12 02:09:00,2025-06-14 05:55:00,2.16,1.0,high,,,{}
episode_rules_v9_9,Ic_367,Работа,2025-06-14 09:12:00,2025-06-21 14:58:00,7.24,1.0,high,,,{}
episode_rules_v9_9,Ic_367,Работа,2025-06-21 17:05:00,2025-06-27 15:43:00,5.94,1.0,high,,,{}
episode_rules_v9_9,Ic_367,Работа,2025-06-27 18:16:00,2025-07-02 22:46:00,5.19,1.0,high,,,{}
episode_rules_v9_9,Ic_367,Работа,2025-07-02 23:22:00,2025-07-19 16:27:00,16.71,1.0,high,,,{}
episode_rules_v9_9,Ic_367,Работа,2025-07-19 18:22:00,2025-07-19 18:46:00,0.02,1.0,high,,,{}
episode_rules_v9_9,Ic_367,Работа,2025-07-19 23:00:00,2025-07-19 23:32:00,0.02,1.0,high,,,{}
episode_rules_v9_9,Ic_367,Работа,2025-07-20 02:39:00,2025-07-26 18:34:00,6.66,1.0,high,,,{}
episode_rules_v9_9,Ic_367,Работа,2025-07-26 19:49:00,2025-08-04 01:27:00,8.23,1.0,high,,,{}
episode_rules_v9_9,Ic_367,Работа,2025-08-04 02:44:00,2025-09-01 17:59:00,28.64,1.0,high,,,{}
episode_rules_v9_9,Ic_367,Работа,2025-09-01 22:46:00,2025-09-05 09:10:00,3.43,1.0,high,,,{}
episode_rules_v9_9,Ic_367,Работа,2025-09-05 10:20:00,2025-09-12 17:10:00,7.28,1.0,high,,,{}
episode_rules_v9_9,Ic_367,Работа,2025-09-12 18:44:00,2025-09-15 15:25:00,2.86,1.0,high,,,{}
episode_rules_v9_9,Ic_367,Работа,2025-09-24 10:25:00,2025-09-24 17:01:00,0.28,1.0,high,,,{}
episode_rules_v9_9,Ic_367,Работа,2025-09-24 17:46:00,2025-09-24 20:47:00,0.13,1.0,high,,,{}
episode_rules_v9_9,Ic_367,Работа,2025-09-25 03:21:00,2025-09-27 19:29:00,2.67,1.0,high,,,{}
episode_rules_v9_9,Ic_367,Работа,2025-09-27 20:45:00,2025-09-28 17:01:00,0.84,1.0,high,,,{}
episode_rules_v9_9,Ic_367,Работа,2025-09-29 00:24:00,2025-09-29 04:00:00,0.15,1.0,high,,,{}
episode_rules_v9_9,Ic_367,Работа,2025-09-29 04:59:00,2025-09-29 19:45:00,0.62,1.0,high,,,{}
episode_rules_v9_9,Ic_367,Работа,2025-09-30 01:22:00,2025-09-30 16:28:00,0.63,1.0,high,,,{}
episode_rules_v9_9,Ic_367,Работа,2025-09-30 20:46:00,2025-10-01 11:35:00,0.62,1.0,high,,,{}
episode_rules_v9_9,Ic_367,Работа,2025-10-04 05:00:00,2025-10-06 05:04:00,2.0,1.0,high,,,{}
episode_rules_v9_9,Ic_367,Работа,2025-10-06 09:51:00,2025-10-07 05:27:00,0.82,1.0,high,,,{}
episode_rules_v9_9,Ic_367,Работа,2025-10-07 10:02:00,2025-10-08 15:32:00,1.23,1.0,high,,,{}
episode_rules_v9_9,Ic_367,Работа,2025-10-08 19:09:00,2025-10-10 07:37:00,1.52,1.0,high,,,{}
episode_rules_v9_9,Ic_367,Работа,2025-10-10 18:41:00,2025-10-13 21:58:00,3.14,1.0,high,,,{}
episode_rules_v9_9,Ic_367,Работа,2025-10-14 00:44:00,2025-10-16 08:37:00,2.33,1.0,high,,,{}
episode_rules_v9_9,Ic_367,Работа,2025-10-16 17:41:00,2025-10-20 01:27:00,3.32,1.0,high,,,{}
episode_rules_v9_9,Ic_367,Работа,2025-10-20 02:59:00,2025-10-22 18:13:00,2.63,1.0,high,,,{}
episode_rules_v9_9,Ic_367,Работа,2025-10-22 19:21:00,2025-10-25 16:52:00,2.9,1.0,high,,,{}
episode_rules_v9_9,Ic_367,Работа,2025-10-25 18:15:00,2025-10-29 06:48:00,3.52,1.0,high,,,{}
episode_rules_v9_9,Ic_367,Работа,2025-10-29 08:23:00,2025-11-03 15:18:00,5.29,1.0,high,,,{}
episode_rules_v9_9,Ic_367,Работа,2025-11-03 16:26:00,2025-11-08 19:11:00,5.11,1.0,high,,,{}
episode_rules_v9_9,Ic_367,Работа,2025-11-08 20:52:00,2025-11-12 11:47:00,3.62,1.0,high,,,{}
episode_rules_v9_9,Ic_367,Работа,2025-11-12 12:52:00,2025-11-16 05:50:00,3.71,1.0,high,,,{}
episode_rules_v9_9,Ic_367,Работа,2025-11-16 07:27:00,2025-11-20 11:59:00,4.19,1.0,high,,,{}
episode_rules_v9_9,Ic_367,Работа,2025-11-20 14:30:00,2025-11-24 15:29:00,4.04,1.0,high,,,{}
episode_rules_v9_9,Ic_367,Работа,2025-11-24 17:28:00,2025-11-27 23:19:00,3.24,1.0,high,,,{}
episode_rules_v9_9,Ic_367,Работа,2025-11-28 01:20:00,2025-11-30 14:54:00,2.57,1.0,high,,,{}
episode_rules_v9_9,Ic_367,Работа,2025-11-30 17:07:00,2025-12-03 12:35:00,2.81,1.0,high,,,{}
episode_rules_v9_9,Ic_367,Работа,2025-12-03 16:16:00,2025-12-09 00:29:00,5.34,1.0,high,,,{}
episode_rules_v9_9,Ic_367,Работа,2025-12-09 01:53:00,2025-12-12 00:15:00,2.93,1.0,high,,,{}
episode_rules_v9_9,Ic_367,Работа,2025-12-12 02:13:00,2025-12-15 03:20:00,3.05,1.0,high,,,{}
episode_rules_v9_9,Ic_367,Работа,2025-12-15 04:32:00,2025-12-17 22:49:00,2.76,1.0,high,,,{}
episode_rules_v9_9,Ic_367,Работа,2025-12-18 00:06:00,2025-12-21 01:54:00,3.08,1.0,high,,,{}
episode_rules_v9_9,Ic_367,Работа,2025-12-21 02:57:00,2025-12-30 09:51:00,9.29,1.0,high,,,{}
episode_rules_v9_9,Ic_367,Работа,2025-12-30 10:59:00,2026-01-02 13:12:00,3.09,1.0,high,,,{}
episode_rules_v9_9,Ic_367,Работа,2026-01-02 14:20:00,2026-01-05 11:31:00,2.88,1.0,high,,,{}
episode_rules_v9_9,Ic_367,Работа,2026-01-05 12:25:00,2026-01-08 11:36:00,2.97,1.0,high,,,{}
episode_rules_v9_9,Ic_367,Работа,2026-01-08 12:43:00,2026-01-17 05:16:00,8.69,1.0,high,,,{}
episode_rules_v9_9,Ic_367,Работа,2026-01-17 06:51:00,2026-01-20 06:09:00,2.97,1.0,high,,,{}
episode_rules_v9_9,Ic_367,Работа,2026-01-20 07:20:00,2026-01-23 08:26:00,3.05,1.0,high,,,{}
episode_rules_v9_9,Ic_367,Работа,2026-01-23 09:33:00,2026-01-26 13:18:00,3.16,1.0,high,,,{}
episode_rules_v9_9,Ic_367,Работа,2026-01-26 14:36:00,2026-02-01 01:53:00,5.47,1.0,high,,,{}
episode_rules_v9_9,Ic_367,Работа,2026-02-01 05:47:00,2026-02-03 02:01:00,1.84,1.0,high,,,{}
episode_rules_v9_9,Ic_367,Работа,2026-02-03 03:26:00,2026-02-08 22:23:00,5.79,1.0,high,,,{}
episode_rules_v9_9,Ic_367,Работа,2026-02-09 00:09:00,2026-02-09 23:32:00,0.97,1.0,high,,,{}
episode_rules_v9_9,Ic_367,Работа,2026-02-10 01:43:00,2026-02-11 21:56:00,1.84,1.0,high,,,{}
episode_rules_v9_9,Ic_367,Работа,2026-02-12 00:01:00,2026-02-12 00:52:00,0.04,1.0,high,,,{}
episode_rules_v9_9,Ic_367,Работа,2026-02-12 04:56:00,2026-02-12 07:05:00,0.09,1.0,high,,,{}
episode_rules_v9_9,Ic_367,Работа,2026-02-12 13:56:00,2026-02-12 14:36:00,0.03,1.0,high,,,{}
episode_rules_v9_9,Ic_367,Работа,2026-02-12 15:07:00,2026-02-13 03:25:00,0.51,1.0,high,,,{}
episode_rules_v9_9,Ic_367,Работа,2026-02-13 04:50:00,2026-02-13 05:52:00,0.04,1.0,high,,,{}
episode_rules_v9_9,Ic_367,Работа,2026-02-13 10:44:00,2026-02-20 10:35:00,6.99,1.0,high,,,{}
episode_rules_v9_9,Ic_367,Работа,2026-02-20 11:17:00,2026-02-25 03:07:00,4.66,1.0,high,,,{}
episode_rules_v9_9,Ic_367,Работа,2026-02-25 03:58:00,2026-03-06 11:33:00,9.32,1.0,high,,,{}
episode_rules_v9_9,Ic_367,Работа,2026-03-06 12:56:00,2026-03-14 08:14:00,7.8,1.0,high,,,{}
episode_rules_v9_9,Ic_367,Работа,2026-03-14 09:29:00,2026-03-25 09:36:00,11.0,1.0,high,,,{}
episode_rules_v9_9,Ic_367,Работа,2026-03-25 10:36:00,2026-03-31 03:01:00,5.68,1.0,high,,,{}
episode_rules_v9_9,Ic_367,Работа,2026-03-31 04:42:00,2026-04-11 20:18:00,11.65,1.0,high,,,{}
episode_rules_v9_9,Ic_367,Работа,2026-04-11 22:45:00,2026-04-23 21:57:00,11.97,1.0,high,,,{}
episode_rules_v9_9,Ic_367,Работа,2026-04-23 22:35:00,2026-05-01 17:07:00,7.77,1.0,high,,,{}
episode_rules_v9_9,Ic_367,Снижение Кпрод,2025-03-21 00:00:00,2025-04-03 23:00:00,13.96,0.5,medium,,,"{'ql_confirms': None, 'ql_opz': None}"
episode_rules_v9_9,Ic_367,Снижение Кпрод,2025-04-18 00:00:00,2025-04-20 23:00:00,2.96,0.5,medium,,,"{'ql_confirms': None, 'ql_opz': None}"
episode_rules_v9_9,Ic_367,Снижение Кпрод,2025-08-17 00:00:00,2025-08-19 23:00:00,2.96,0.5,medium,,,"{'ql_confirms': None, 'ql_opz': None}"
episode_rules_v9_9,Ic_367,Снижение Кпрод,2025-12-17 00:00:00,2025-12-22 23:00:00,5.96,0.5,medium,,,"{'ql_confirms': None, 'ql_opz': None}"
episode_rules_v9_9,Ic_367,Снижение Кпрод,2026-02-14 00:00:00,2026-02-16 23:00:00,2.96,0.5,medium,,,"{'ql_confirms': None, 'ql_opz': None}"
episode_rules_v9_9,Ic_367,Снижение Рпл,2025-04-09 17:15:30,2026-01-17 22:03:30,283.2,0.5,low,Снижение Рпл,0.073,"{'freq_stable': np.False_, 'ip_gradual': np.True_, 'ql_declining': None}"
episode_rules_v9_9,Ic_367,УВЧ,2025-03-19 00:00:00,2025-03-23 23:00:00,4.96,0.833,medium,,,"{'freq_net_ok': np.True_, 'freq_trend_up': True, 'ql_rises': None}"
episode_rules_v9_9,Ic_367,УВЧ,2025-03-27 00:00:00,2025-03-30 23:00:00,3.96,0.5,low,,,"{'freq_net_ok': np.False_, 'freq_trend_up': True, 'ql_rises': None}"
episode_rules_v9_9,Ic_367,УВЧ,2025-04-02 00:00:00,2025-04-05 23:00:00,3.96,0.5,low,,,"{'freq_net_ok': np.False_, 'freq_trend_up': True, 'ql_rises': None}"
episode_rules_v9_9,Ic_367,УВЧ,2025-04-08 00:00:00,2025-04-22 23:00:00,14.96,0.833,medium,,,"{'freq_net_ok': np.True_, 'freq_trend_up': True, 'ql_rises': None}"
episode_rules_v9_9,Ic_367,УВЧ,2025-05-02 00:00:00,2025-05-31 23:00:00,29.96,0.5,low,,,"{'freq_net_ok': np.False_, 'freq_trend_up': True, 'ql_rises': None}"
episode_rules_v9_9,Ic_367,УВЧ,2025-06-06 00:00:00,2025-06-18 23:00:00,12.96,0.833,medium,,,"{'freq_net_ok': np.True_, 'freq_trend_up': True, 'ql_rises': None}"
episode_rules_v9_9,Ic_367,УВЧ,2025-06-19 00:00:00,2025-06-28 23:00:00,9.96,0.5,low,,,"{'freq_net_ok': np.False_, 'freq_trend_up': True, 'ql_rises': None}"
episode_rules_v9_9,Ic_367,УВЧ,2025-07-01 00:00:00,2025-09-14 23:00:00,75.96,0.833,medium,,,"{'freq_net_ok': np.True_, 'freq_trend_up': True, 'ql_rises': None}"
episode_rules_v9_9,Ic_367,УВЧ,2025-10-09 00:00:00,2025-10-18 23:00:00,9.96,0.5,low,,,"{'freq_net_ok': np.False_, 'freq_trend_up': True, 'ql_rises': None}"
episode_rules_v9_9,Ic_367,УВЧ,2025-10-19 00:00:00,2025-10-27 23:00:00,8.96,0.5,low,,,"{'freq_net_ok': np.False_, 'freq_trend_up': True, 'ql_rises': None}"
episode_rules_v9_9,Ic_367,УВЧ,2025-11-01 00:00:00,2025-12-15 23:00:00,44.96,0.5,low,,,"{'freq_net_ok': np.False_, 'freq_trend_up': True, 'ql_rises': None}"
episode_rules_v9_9,Ic_367,УВЧ,2026-01-06 00:00:00,2026-01-10 23:00:00,4.96,0.5,low,,,"{'freq_net_ok': np.False_, 'freq_trend_up': True, 'ql_rises': None}"
episode_rules_v9_9,Ic_367,УВЧ,2026-03-22 00:00:00,2026-04-03 23:00:00,12.96,0.5,low,,,"{'freq_net_ok': np.False_, 'freq_trend_up': True, 'ql_rises': None}"
episode_rules_v9_9,Ic_368,ГДИ,2025-06-08 20:26:00,2025-06-11 23:26:00,3.12,1.0,high,,,"{'ip_kvd_rising': np.True_, 'ql_zero': True}"
episode_rules_v9_9,Ic_368,Деградация ЭЦН,2025-01-01 00:00:00,2025-01-17 00:00:00,16.0,1.0,high,,,{}
episode_rules_v9_9,Ic_368,НУР,2025-05-24 00:00:00,2025-05-31 23:00:00,7.96,1.0,high,НУР,0.512,"{'ip_no_spike': np.True_, 'ip_smooth': True, 'ql_recovers': True}"
episode_rules_v9_9,Ic_368,НУР,2025-06-03 00:00:00,2025-06-06 23:00:00,3.96,0.833,medium,НУР,0.61,"{'ip_no_spike': np.True_, 'ip_smooth': True, 'ql_recovers': None}"
episode_rules_v9_9,Ic_368,НУР,2025-06-13 00:00:00,2025-06-26 23:00:00,13.96,0.833,medium,НУР,0.251,"{'ip_no_spike': np.True_, 'ip_smooth': True, 'ql_recovers': None}"
episode_rules_v9_9,Ic_368,НУР,2025-08-28 00:00:00,2025-09-27 23:00:00,30.96,0.667,medium,НУР,0.447,"{'ip_no_spike': np.True_, 'ip_smooth': True, 'ql_recovers': False}"
episode_rules_v9_9,Ic_368,Остановка,2025-02-25 05:01:00,2025-02-25 08:10:00,0.13,1.0,high,,,{}
episode_rules_v9_9,Ic_368,Остановка,2025-04-20 17:23:00,2025-04-20 23:59:00,0.28,1.0,high,,,{}
episode_rules_v9_9,Ic_368,Остановка,2025-05-05 06:00:00,2025-05-23 10:49:00,18.2,1.0,high,,,{}
episode_rules_v9_9,Ic_368,Остановка,2025-06-01 15:52:00,2025-06-02 23:12:00,1.31,1.0,high,,,{}
episode_rules_v9_9,Ic_368,Остановка,2025-06-07 19:34:00,2025-06-08 14:36:00,0.79,1.0,high,,,{}
episode_rules_v9_9,Ic_368,Остановка,2025-06-08 20:26:00,2025-06-11 23:26:00,3.12,1.0,high,,,{}
episode_rules_v9_9,Ic_368,Остановка,2025-07-26 06:29:00,2025-07-26 13:28:00,0.29,1.0,high,,,{}
episode_rules_v9_9,Ic_368,Остановка,2025-08-26 07:42:00,2025-08-27 04:33:00,0.87,1.0,high,,,{}
episode_rules_v9_9,Ic_368,Остановка,2026-01-11 21:07:00,2026-01-11 22:38:00,0.06,1.0,high,,,{}
episode_rules_v9_9,Ic_368,Остановка,2026-01-11 23:10:00,2026-01-12 03:03:00,0.16,1.0,high,,,{}
episode_rules_v9_9,Ic_368,Остановка,2026-01-18 02:19:00,2026-01-18 05:18:00,0.12,1.0,high,,,{}
episode_rules_v9_9,Ic_368,Остановка,2026-04-15 18:54:00,2026-04-15 19:25:00,0.02,1.0,high,,,{}
episode_rules_v9_9,Ic_368,Работа,2025-01-01 00:00:00,2025-02-25 05:01:00,55.21,1.0,high,,,{}
episode_rules_v9_9,Ic_368,Работа,2025-02-25 08:10:00,2025-04-20 17:23:00,54.38,1.0,high,,,{}
episode_rules_v9_9,Ic_368,Работа,2025-04-20 23:59:00,2025-05-05 06:00:00,14.25,1.0,high,,,{}
episode_rules_v9_9,Ic_368,Работа,2025-05-23 10:49:00,2025-06-01 15:52:00,9.21,1.0,high,,,{}
episode_rules_v9_9,Ic_368,Работа,2025-06-02 23:12:00,2025-06-07 19:34:00,4.85,1.0,high,,,{}
episode_rules_v9_9,Ic_368,Работа,2025-06-08 14:36:00,2025-06-08 20:26:00,0.24,1.0,high,,,{}
episode_rules_v9_9,Ic_368,Работа,2025-06-11 23:26:00,2025-07-26 06:29:00,44.29,1.0,high,,,{}
episode_rules_v9_9,Ic_368,Работа,2025-07-26 13:28:00,2025-08-26 07:42:00,30.76,1.0,high,,,{}
episode_rules_v9_9,Ic_368,Работа,2025-08-27 04:33:00,2026-01-11 21:07:00,137.69,1.0,high,,,{}
episode_rules_v9_9,Ic_368,Работа,2026-01-11 22:38:00,2026-01-11 23:10:00,0.02,1.0,high,,,{}
episode_rules_v9_9,Ic_368,Работа,2026-01-12 03:03:00,2026-01-18 02:19:00,5.97,1.0,high,,,{}
episode_rules_v9_9,Ic_368,Работа,2026-01-18 05:18:00,2026-04-15 18:54:00,87.57,1.0,high,,,{}
episode_rules_v9_9,Ic_368,Работа,2026-04-15 19:25:00,2026-05-01 22:43:00,16.14,1.0,high,,,{}
episode_rules_v9_9,Ic_368,Снижение Кпрод,2025-05-26 00:00:00,2025-06-01 15:52:00,6.66,0.75,high,,,"{'ql_confirms': np.True_, 'ql_opz': None}"
episode_rules_v9_9,Ic_368,Снижение Кпрод,2025-06-02 23:12:00,2025-06-07 19:34:00,4.85,0.5,medium,,,"{'ql_confirms': None, 'ql_opz': None}"
episode_rules_v9_9,Ic_368,Снижение Кпрод,2025-06-08 14:36:00,2025-06-08 20:26:00,0.24,0.5,medium,,,"{'ql_confirms': None, 'ql_opz': None}"
episode_rules_v9_9,Ic_368,Снижение Кпрод,2025-06-11 23:26:00,2025-07-17 00:00:00,35.02,0.75,high,,,"{'ql_confirms': np.True_, 'ql_opz': None}"
episode_rules_v9_9,Ic_368,Снижение Рпл,2025-01-02 00:00:00,2025-02-13 23:00:00,42.96,0.667,medium,Снижение Рпл,0.265,"{'freq_stable': np.True_, 'ip_gradual': np.True_, 'ql_declining': np.False_}"
episode_rules_v9_9,Ic_368,Снижение Рпл,2025-02-22 00:00:00,2025-03-08 23:00:00,14.96,0.333,low,Снижение Рпл,0.022,"{'freq_stable': np.True_, 'ip_gradual': np.False_, 'ql_declining': np.False_}"
episode_rules_v9_9,Ic_368,Снижение Рпл,2025-04-22 00:00:00,2025-05-05 06:00:00,13.25,0.333,low,НУР,0.111,"{'freq_stable': np.False_, 'ip_gradual': None, 'ql_declining': None}"
episode_rules_v9_9,Ic_368,Снижение Рпл,2025-07-17 00:00:00,2025-08-26 07:42:00,40.32,0.833,medium,Снижение Рпл,0.515,"{'freq_stable': np.True_, 'ip_gradual': np.True_, 'ql_declining': None}"
episode_rules_v9_9,Ic_368,Снижение Рпл,2025-08-27 04:33:00,2025-08-27 23:00:00,0.77,0.5,medium,НУР,0.214,"{'freq_stable': None, 'ip_gradual': None, 'ql_declining': None}"
episode_rules_v9_9,Ic_368,Снижение Рпл,2025-09-28 00:00:00,2026-01-16 23:00:00,110.96,0.667,medium,Снижение Рпл,0.469,"{'freq_stable': np.True_, 'ip_gradual': np.True_, 'ql_declining': np.False_}"
episode_rules_v9_9,Ic_368,УВЧ,2025-05-26 00:00:00,2025-05-31 23:00:00,5.96,0.667,medium,,,"{'freq_net_ok': np.True_, 'freq_trend_up': True, 'ql_rises': False}"
episode_rules_v9_9,Ic_368,УВЧ,2025-06-03 00:00:00,2025-06-06 23:00:00,3.96,0.833,medium,,,"{'freq_net_ok': np.True_, 'freq_trend_up': True, 'ql_rises': None}"
episode_rules_v9_9,Ic_368,УВЧ,2025-06-15 00:00:00,2025-06-19 23:00:00,4.96,0.833,medium,,,"{'freq_net_ok': np.True_, 'freq_trend_up': True, 'ql_rises': None}"
episode_rules_v9_9,Ic_368,УВЧ,2025-07-01 00:00:00,2025-07-04 23:00:00,3.96,0.833,medium,,,"{'freq_net_ok': np.True_, 'freq_trend_up': True, 'ql_rises': None}"
episode_rules_v9_9,Ic_368,УВЧ,2025-11-04 00:00:00,2025-11-07 23:00:00,3.96,0.833,medium,,,"{'freq_net_ok': np.True_, 'freq_trend_up': True, 'ql_rises': None}"
episode_rules_v9_9,Ic_368,УВЧ,2025-11-14 00:00:00,2025-11-17 23:00:00,3.96,0.667,low,,,"{'freq_net_ok': np.False_, 'freq_trend_up': True, 'ql_rises': True}"
episode_rules_v9_9,Ic_368,УВЧ,2026-01-26 00:00:00,2026-01-30 23:00:00,4.96,0.833,medium,,,"{'freq_net_ok': np.True_, 'freq_trend_up': True, 'ql_rises': None}"
episode_rules_v9_9,Ic_370,ГДИ,2025-07-03 12:06:00,2025-07-05 12:39:00,2.02,0.5,medium,,,"{'ip_kvd_rising': np.True_, 'ql_zero': np.False_}"
episode_rules_v9_9,Ic_370,НУР,2025-02-03 00:00:00,2025-03-05 23:00:00,30.96,0.667,medium,НУР,0.2,"{'ip_no_spike': np.True_, 'ip_smooth': True, 'ql_recovers': False}"
episode_rules_v9_9,Ic_370,НУР,2025-07-07 00:00:00,2025-08-06 23:00:00,30.96,0.667,medium,НУР,0.191,"{'ip_no_spike': np.True_, 'ip_smooth': True, 'ql_recovers': False}"
episode_rules_v9_9,Ic_370,НУР,2025-09-18 00:00:00,2025-10-18 23:00:00,30.96,0.667,medium,НУР,0.088,"{'ip_no_spike': np.True_, 'ip_smooth': True, 'ql_recovers': False}"
episode_rules_v9_9,Ic_370,Остановка,2025-01-01 00:00:00,2025-02-02 05:00:00,32.21,1.0,high,,,{}
episode_rules_v9_9,Ic_370,Остановка,2025-02-11 21:54:00,2025-02-12 03:26:00,0.23,1.0,high,,,{}
episode_rules_v9_9,Ic_370,Остановка,2025-03-05 16:35:00,2025-03-05 18:55:00,0.1,1.0,high,,,{}
episode_rules_v9_9,Ic_370,Остановка,2025-04-28 02:21:00,2025-04-28 08:49:00,0.27,1.0,high,,,{}
episode_rules_v9_9,Ic_370,Остановка,2025-06-08 10:28:00,2025-06-08 14:53:00,0.18,1.0,high,,,{}
episode_rules_v9_9,Ic_370,Остановка,2025-06-21 14:58:00,2025-06-21 22:47:00,0.33,1.0,high,,,{}
episode_rules_v9_9,Ic_370,Остановка,2025-07-03 12:06:00,2025-07-05 12:39:00,2.02,1.0,high,,,{}
episode_rules_v9_9,Ic_370,Остановка,2025-09-13 16:55:00,2025-09-13 22:17:00,0.22,1.0,high,,,{}
episode_rules_v9_9,Ic_370,Остановка,2025-09-13 23:11:00,2025-09-14 14:02:00,0.62,1.0,high,,,{}
episode_rules_v9_9,Ic_370,Остановка,2025-09-14 15:15:00,2025-09-15 02:59:00,0.49,1.0,high,,,{}
episode_rules_v9_9,Ic_370,Остановка,2025-09-15 20:11:00,2025-09-15 23:36:00,0.14,1.0,high,,,{}
episode_rules_v9_9,Ic_370,Остановка,2025-11-06 08:35:00,2025-11-06 18:05:00,0.4,1.0,high,,,{}
episode_rules_v9_9,Ic_370,Остановка,2025-11-07 00:00:00,2025-11-07 08:20:00,0.35,1.0,high,,,{}
episode_rules_v9_9,Ic_370,Остановка,2025-11-07 09:20:00,2025-11-07 12:44:00,0.14,1.0,high,,,{}
episode_rules_v9_9,Ic_370,Остановка,2026-01-01 23:33:00,2026-01-02 03:04:00,0.15,1.0,high,,,{}
episode_rules_v9_9,Ic_370,РПТЧ,2025-02-02 05:00:00,2025-07-03 12:06:00,151.3,1.0,high,,,"{'ql_oscillates': np.True_, 'round_hz': np.True_}"
episode_rules_v9_9,Ic_370,РПТЧ,2025-09-14 14:02:00,2026-05-01 00:00:00,228.42,1.0,high,,,"{'ql_oscillates': np.True_, 'round_hz': np.True_}"
episode_rules_v9_9,Ic_370,Работа,2025-02-02 05:00:00,2025-02-11 21:54:00,9.7,1.0,high,,,{}
episode_rules_v9_9,Ic_370,Работа,2025-02-12 03:26:00,2025-03-05 16:35:00,21.55,1.0,high,,,{}
episode_rules_v9_9,Ic_370,Работа,2025-03-05 18:55:00,2025-04-28 02:21:00,53.31,1.0,high,,,{}
episode_rules_v9_9,Ic_370,Работа,2025-04-28 08:49:00,2025-06-08 10:28:00,41.07,1.0,high,,,{}
episode_rules_v9_9,Ic_370,Работа,2025-06-08 14:53:00,2025-06-21 14:58:00,13.0,1.0,high,,,{}
episode_rules_v9_9,Ic_370,Работа,2025-06-21 22:47:00,2025-07-03 12:06:00,11.55,1.0,high,,,{}
episode_rules_v9_9,Ic_370,Работа,2025-07-05 12:39:00,2025-09-13 16:55:00,70.18,1.0,high,,,{}
episode_rules_v9_9,Ic_370,Работа,2025-09-13 22:17:00,2025-09-13 23:11:00,0.04,1.0,high,,,{}
episode_rules_v9_9,Ic_370,Работа,2025-09-14 14:02:00,2025-09-14 15:15:00,0.05,1.0,high,,,{}
episode_rules_v9_9,Ic_370,Работа,2025-09-15 02:59:00,2025-09-15 20:11:00,0.72,1.0,high,,,{}
episode_rules_v9_9,Ic_370,Работа,2025-09-15 23:36:00,2025-11-06 08:35:00,51.37,1.0,high,,,{}
episode_rules_v9_9,Ic_370,Работа,2025-11-06 18:05:00,2025-11-07 00:00:00,0.25,1.0,high,,,{}
episode_rules_v9_9,Ic_370,Работа,2025-11-07 08:20:00,2025-11-07 09:20:00,0.04,1.0,high,,,{}
episode_rules_v9_9,Ic_370,Работа,2025-11-07 12:44:00,2026-01-01 23:33:00,55.45,1.0,high,,,{}
episode_rules_v9_9,Ic_370,Работа,2026-01-02 03:04:00,2026-05-01 00:00:00,118.87,1.0,high,,,{}
episode_rules_v9_9,Ic_370,Рост обводненности,2025-03-08 00:00:00,2025-03-15 23:00:00,7.96,1.0,high,,,{}
episode_rules_v9_9,Ic_370,Рост обводненности,2025-10-09 00:00:00,2025-10-09 23:00:00,0.96,1.0,high,,,{}
episode_rules_v9_9,Ic_370,Снижение Рпл,2025-03-27 00:00:00,2025-05-07 23:00:00,41.96,0.667,low,Снижение Рпл,0.388,"{'freq_stable': np.False_, 'ip_gradual': np.True_, 'ql_declining': np.True_}"
episode_rules_v9_9,Ic_370,Снижение Рпл,2025-08-27 00:00:00,2025-09-09 23:00:00,13.96,0.833,medium,Снижение Рпл,0.204,"{'freq_stable': np.True_, 'ip_gradual': np.True_, 'ql_declining': None}"
episode_rules_v9_9,Ic_370,УВЧ,2025-02-09 00:00:00,2025-02-15 23:00:00,6.96,1.0,high,,,"{'freq_net_ok': np.True_, 'freq_trend_up': True, 'ql_rises': True}"
episode_rules_v9_9,Ic_370,УВЧ,2025-03-07 00:00:00,2025-03-10 23:00:00,3.96,1.0,high,,,"{'freq_net_ok': np.True_, 'freq_trend_up': True, 'ql_rises': True}"
episode_rules_v9_9,Ic_370,УВЧ,2025-04-16 00:00:00,2025-04-20 23:00:00,4.96,0.833,medium,,,"{'freq_net_ok': np.True_, 'freq_trend_up': True, 'ql_rises': None}"
episode_rules_v9_9,Ic_370,УВЧ,2026-01-16 00:00:00,2026-01-24 23:00:00,8.96,0.833,medium,,,"{'freq_net_ok': np.True_, 'freq_trend_up': True, 'ql_rises': None}"
episode_rules_v9_9,Ic_805,ГДИ,2025-01-23 09:50:00,2025-02-03 05:00:00,10.8,0.5,medium,,,"{'ip_kvd_rising': np.True_, 'ql_zero': np.False_}"
episode_rules_v9_9,Ic_805,ГДИ,2025-02-19 16:48:00,2025-02-21 23:55:00,2.3,1.0,high,,,"{'ip_kvd_rising': np.True_, 'ql_zero': True}"
episode_rules_v9_9,Ic_805,ГДИ,2025-02-26 05:48:00,2025-03-01 13:09:00,3.31,1.0,high,,,"{'ip_kvd_rising': np.True_, 'ql_zero': True}"
episode_rules_v9_9,Ic_805,ГДИ,2025-03-03 13:14:00,2025-03-07 15:04:00,4.08,1.0,high,,,"{'ip_kvd_rising': np.True_, 'ql_zero': True}"
episode_rules_v9_9,Ic_805,ГДИ,2025-04-13 11:18:00,2025-04-29 15:23:00,16.17,1.0,high,,,"{'ip_kvd_rising': np.True_, 'ql_zero': True}"
episode_rules_v9_9,Ic_805,ГДИ,2025-06-14 11:32:00,2025-06-21 13:55:00,7.1,0.0,low,,,"{'ip_kvd_rising': np.False_, 'ql_zero': np.False_}"
episode_rules_v9_9,Ic_805,ГДИ,2025-08-04 14:18:00,2025-08-14 05:00:00,9.61,0.0,low,,,"{'ip_kvd_rising': np.False_, 'ql_zero': np.False_}"
episode_rules_v9_9,Ic_805,ГДИ,2025-09-26 19:28:00,2025-09-29 04:16:00,2.37,1.0,high,,,"{'ip_kvd_rising': np.True_, 'ql_zero': True}"
episode_rules_v9_9,Ic_805,ГДИ,2025-10-06 01:50:00,2025-10-08 04:59:00,2.13,1.0,high,,,"{'ip_kvd_rising': np.True_, 'ql_zero': True}"
episode_rules_v9_9,Ic_805,ГДИ,2025-12-08 02:09:00,2025-12-12 05:00:00,4.12,1.0,high,,,"{'ip_kvd_rising': np.True_, 'ql_zero': True}"
episode_rules_v9_9,Ic_805,НУР,2025-01-01 00:00:00,2025-01-05 23:00:00,4.96,0.667,medium,Снижение Рпл,0.214,"{'ip_no_spike': np.True_, 'ip_smooth': True, 'ql_recovers': False}"
episode_rules_v9_9,Ic_805,НУР,2025-01-13 00:00:00,2025-01-20 23:00:00,7.96,0.333,low,НУР,0.042,"{'ip_no_spike': np.False_, 'ip_smooth': True, 'ql_recovers': False}"
episode_rules_v9_9,Ic_805,НУР,2025-01-23 00:00:00,2025-04-07 00:00:00,74.0,0.333,low,НУР,0.108,"{'ip_no_spike': np.False_, 'ip_smooth': True, 'ql_recovers': False}"
episode_rules_v9_9,Ic_805,НУР,2025-04-07 00:00:00,2025-04-12 23:00:00,5.96,0.5,low,Снижение Рпл,0.348,"{'ip_no_spike': None, 'ip_smooth': None, 'ql_recovers': None}"
episode_rules_v9_9,Ic_805,НУР,2025-06-22 00:00:00,2025-06-25 23:00:00,3.96,0.5,low,НУР,0.283,"{'ip_no_spike': np.False_, 'ip_smooth': True, 'ql_recovers': None}"
episode_rules_v9_9,Ic_805,НУР,2025-08-24 00:00:00,2025-10-10 23:00:00,47.96,0.5,low,НУР,0.453,"{'ip_no_spike': np.False_, 'ip_smooth': True, 'ql_recovers': None}"
episode_rules_v9_9,Ic_805,НУР,2025-10-12 00:00:00,2025-10-23 23:00:00,11.96,0.5,low,НУР,0.748,"{'ip_no_spike': np.False_, 'ip_smooth': True, 'ql_recovers': None}"
episode_rules_v9_9,Ic_805,НУР,2025-11-16 00:00:00,2025-11-29 23:00:00,13.96,0.5,low,НУР,0.499,"{'ip_no_spike': np.False_, 'ip_smooth': True, 'ql_recovers': None}"
episode_rules_v9_9,Ic_805,НУР,2025-12-08 00:00:00,2026-01-08 23:00:00,31.96,0.5,low,НУР,0.544,"{'ip_no_spike': np.False_, 'ip_smooth': True, 'ql_recovers': None}"
episode_rules_v9_9,Ic_805,НУР,2026-01-17 00:00:00,2026-01-24 23:00:00,7.96,0.833,medium,НУР,0.585,"{'ip_no_spike': np.True_, 'ip_smooth': True, 'ql_recovers': None}"
episode_rules_v9_9,Ic_805,НУР,2026-02-15 00:00:00,2026-02-26 23:00:00,11.96,0.833,medium,НУР,0.61,"{'ip_no_spike': np.True_, 'ip_smooth': True, 'ql_recovers': None}"
episode_rules_v9_9,Ic_805,НУР,2026-03-03 00:00:00,2026-03-12 23:00:00,9.96,0.833,medium,НУР,0.498,"{'ip_no_spike': np.True_, 'ip_smooth': True, 'ql_recovers': None}"
episode_rules_v9_9,Ic_805,НУР,2026-03-15 00:00:00,2026-03-18 23:00:00,3.96,0.833,medium,НУР,0.596,"{'ip_no_spike': np.True_, 'ip_smooth': True, 'ql_recovers': None}"
episode_rules_v9_9,Ic_805,НУР,2026-03-23 00:00:00,2026-03-28 23:00:00,5.96,0.5,low,НУР,0.571,"{'ip_no_spike': np.False_, 'ip_smooth': True, 'ql_recovers': None}"
episode_rules_v9_9,Ic_805,НУР,2026-03-31 00:00:00,2026-04-11 00:00:00,11.0,0.5,medium,НУР,0.172,"{'ip_no_spike': None, 'ip_smooth': None, 'ql_recovers': None}"
episode_rules_v9_9,Ic_805,НУР,2026-04-11 00:00:00,2026-04-26 23:00:00,15.96,0.833,medium,Снижение Рпл,0.131,"{'ip_no_spike': np.True_, 'ip_smooth': True, 'ql_recovers': None}"
episode_rules_v9_9,Ic_805,НУР,2026-04-29 00:00:00,2026-05-01 23:00:00,2.96,0.833,medium,НУР,0.307,"{'ip_no_spike': np.True_, 'ip_smooth': True, 'ql_recovers': None}"
episode_rules_v9_9,Ic_805,Осложнённый фонд,2025-05-21 00:00:00,2026-05-01 20:44:00,345.86,1.0,high,,,{}
episode_rules_v9_9,Ic_805,Остановка,2025-01-01 00:00:00,2025-01-01 06:48:00,0.28,1.0,high,,,{}
episode_rules_v9_9,Ic_805,Остановка,2025-01-02 04:05:00,2025-01-02 04:59:00,0.04,1.0,high,,,{}
episode_rules_v9_9,Ic_805,Остановка,2025-01-03 03:45:00,2025-01-03 06:05:00,0.1,1.0,high,,,{}
episode_rules_v9_9,Ic_805,Остановка,2025-01-04 05:05:00,2025-01-04 06:15:00,0.05,1.0,high,,,{}
episode_rules_v9_9,Ic_805,Остановка,2025-01-05 05:45:00,2025-01-05 09:32:00,0.16,1.0,high,,,{}
episode_rules_v9_9,Ic_805,Остановка,2025-01-06 10:40:00,2025-01-06 12:50:00,0.09,1.0,high,,,{}
episode_rules_v9_9,Ic_805,Остановка,2025-01-06 15:59:00,2025-01-08 07:14:00,1.64,1.0,high,,,{}
episode_rules_v9_9,Ic_805,Остановка,2025-01-09 16:50:00,2025-01-09 18:50:00,0.08,1.0,high,,,{}
episode_rules_v9_9,Ic_805,Остановка,2025-01-10 15:40:00,2025-01-10 19:30:00,0.16,1.0,high,,,{}
episode_rules_v9_9,Ic_805,Остановка,2025-01-11 10:20:00,2025-01-11 12:30:00,0.09,1.0,high,,,{}
episode_rules_v9_9,Ic_805,Остановка,2025-01-11 13:05:00,2025-01-13 09:01:00,1.83,1.0,high,,,{}
episode_rules_v9_9,Ic_805,Остановка,2025-01-14 10:05:00,2025-01-14 11:50:00,0.07,1.0,high,,,{}
episode_rules_v9_9,Ic_805,Остановка,2025-01-15 10:35:00,2025-01-15 12:35:00,0.08,1.0,high,,,{}
episode_rules_v9_9,Ic_805,Остановка,2025-01-16 14:30:00,2025-01-16 16:40:00,0.09,1.0,high,,,{}
episode_rules_v9_9,Ic_805,Остановка,2025-01-17 02:03:00,2025-01-18 04:07:00,1.09,1.0,high,,,{}
episode_rules_v9_9,Ic_805,Остановка,2025-01-20 00:20:00,2025-01-20 03:00:00,0.11,1.0,high,,,{}
episode_rules_v9_9,Ic_805,Остановка,2025-01-21 02:40:00,2025-01-21 04:40:00,0.08,1.0,high,,,{}
episode_rules_v9_9,Ic_805,Остановка,2025-01-21 13:09:00,2025-01-22 16:24:00,1.14,1.0,high,,,{}
episode_rules_v9_9,Ic_805,Остановка,2025-01-23 09:50:00,2025-02-03 05:00:00,10.8,1.0,high,,,{}
episode_rules_v9_9,Ic_805,Остановка,2025-02-03 23:28:00,2025-02-04 02:02:00,0.11,1.0,high,,,{}
episode_rules_v9_9,Ic_805,Остановка,2025-02-04 21:59:00,2025-02-05 00:00:00,0.08,1.0,high,,,{}
episode_rules_v9_9,Ic_805,Остановка,2025-02-05 13:12:00,2025-02-05 20:41:00,0.31,1.0,high,,,{}
episode_rules_v9_9,Ic_805,Остановка,2025-02-05 22:13:00,2025-02-06 00:40:00,0.1,1.0,high,,,{}
episode_rules_v9_9,Ic_805,Остановка,2025-02-06 21:38:00,2025-02-06 23:35:00,0.08,1.0,high,,,{}
episode_rules_v9_9,Ic_805,Остановка,2025-02-07 11:48:00,2025-02-09 04:58:00,1.72,1.0,high,,,{}
episode_rules_v9_9,Ic_805,Остановка,2025-02-09 22:20:00,2025-02-10 02:50:00,0.19,1.0,high,,,{}
episode_rules_v9_9,Ic_805,Остановка,2025-02-11 02:30:00,2025-02-11 04:59:00,0.1,1.0,high,,,{}
episode_rules_v9_9,Ic_805,Остановка,2025-02-11 05:35:00,2025-02-11 12:10:00,0.27,1.0,high,,,{}
episode_rules_v9_9,Ic_805,Остановка,2025-02-12 07:26:00,2025-02-13 14:41:00,1.3,1.0,high,,,{}
episode_rules_v9_9,Ic_805,Остановка,2025-02-14 10:30:00,2025-02-14 12:36:00,0.09,1.0,high,,,{}
episode_rules_v9_9,Ic_805,Остановка,2025-02-15 10:00:00,2025-02-15 12:05:00,0.09,1.0,high,,,{}
episode_rules_v9_9,Ic_805,Остановка,2025-02-16 06:10:00,2025-02-17 09:03:00,1.12,1.0,high,,,{}
episode_rules_v9_9,Ic_805,Остановка,2025-02-18 14:40:00,2025-02-18 16:30:00,0.08,1.0,high,,,{}
episode_rules_v9_9,Ic_805,Остановка,2025-02-19 16:48:00,2025-02-21 23:55:00,2.3,1.0,high,,,{}
episode_rules_v9_9,Ic_805,Остановка,2025-02-22 09:39:00,2025-02-22 15:25:00,0.24,1.0,high,,,{}
episode_rules_v9_9,Ic_805,Остановка,2025-02-24 07:28:00,2025-02-25 04:49:00,0.89,1.0,high,,,{}
episode_rules_v9_9,Ic_805,Остановка,2025-02-25 13:13:00,2025-02-26 04:43:00,0.65,1.0,high,,,{}
episode_rules_v9_9,Ic_805,Остановка,2025-02-26 05:48:00,2025-03-01 13:09:00,3.31,1.0,high,,,{}
episode_rules_v9_9,Ic_805,Остановка,2025-03-01 13:52:00,2025-03-01 16:17:00,0.1,1.0,high,,,{}
episode_rules_v9_9,Ic_805,Остановка,2025-03-02 05:19:00,2025-03-03 12:31:00,1.3,1.0,high,,,{}
episode_rules_v9_9,Ic_805,Остановка,2025-03-03 13:14:00,2025-03-07 15:04:00,4.08,1.0,high,,,{}
episode_rules_v9_9,Ic_805,Остановка,2025-03-07 21:15:00,2025-03-09 09:35:00,1.51,1.0,high,,,{}
episode_rules_v9_9,Ic_805,Остановка,2025-03-09 23:14:00,2025-03-12 10:26:00,2.47,1.0,high,,,{}
episode_rules_v9_9,Ic_805,Остановка,2025-03-12 11:50:00,2025-03-14 06:55:00,1.8,1.0,high,,,{}
episode_rules_v9_9,Ic_805,Остановка,2025-03-14 19:29:00,2025-03-16 11:57:00,1.69,1.0,high,,,{}
episode_rules_v9_9,Ic_805,Остановка,2025-03-16 14:04:00,2025-03-17 07:43:00,0.74,1.0,high,,,{}
episode_rules_v9_9,Ic_805,Остановка,2025-03-18 07:27:00,2025-04-10 06:19:00,22.95,1.0,high,,,{}
episode_rules_v9_9,Ic_805,Остановка,2025-04-10 07:36:00,2025-04-11 02:56:00,0.81,1.0,high,,,{}
episode_rules_v9_9,Ic_805,Остановка,2025-04-11 05:37:00,2025-04-11 23:36:00,0.75,1.0,high,,,{}
episode_rules_v9_9,Ic_805,Остановка,2025-04-12 22:25:00,2025-04-12 23:53:00,0.06,1.0,high,,,{}
episode_rules_v9_9,Ic_805,Остановка,2025-04-13 11:18:00,2025-04-29 15:23:00,16.17,1.0,high,,,{}
episode_rules_v9_9,Ic_805,Остановка,2025-05-02 21:44:00,2025-05-03 00:00:00,0.09,1.0,high,,,{}
episode_rules_v9_9,Ic_805,Остановка,2025-05-05 00:45:00,2025-05-05 02:25:00,0.07,1.0,high,,,{}
episode_rules_v9_9,Ic_805,Остановка,2025-05-06 02:10:00,2025-05-06 04:15:00,0.09,1.0,high,,,{}
episode_rules_v9_9,Ic_805,Остановка,2025-05-07 00:20:00,2025-05-07 02:31:00,0.09,1.0,high,,,{}
episode_rules_v9_9,Ic_805,Остановка,2025-05-08 03:00:00,2025-05-08 04:42:00,0.07,1.0,high,,,{}
episode_rules_v9_9,Ic_805,Остановка,2025-05-08 21:57:00,2025-05-09 00:52:00,0.12,1.0,high,,,{}
episode_rules_v9_9,Ic_805,Остановка,2025-05-09 11:16:00,2025-05-09 17:27:00,0.26,1.0,high,,,{}
episode_rules_v9_9,Ic_805,Остановка,2025-05-10 05:01:00,2025-05-10 09:47:00,0.2,1.0,high,,,{}
episode_rules_v9_9,Ic_805,Остановка,2025-05-12 15:00:00,2025-05-12 17:00:00,0.08,1.0,high,,,{}
episode_rules_v9_9,Ic_805,Остановка,2025-05-13 17:05:00,2025-05-13 18:45:00,0.07,1.0,high,,,{}
episode_rules_v9_9,Ic_805,Остановка,2025-05-14 18:10:00,2025-05-14 20:20:00,0.09,1.0,high,,,{}
episode_rules_v9_9,Ic_805,Остановка,2025-05-15 14:50:00,2025-05-15 16:45:00,0.08,1.0,high,,,{}
episode_rules_v9_9,Ic_805,Остановка,2025-05-16 16:47:00,2025-05-16 19:55:00,0.13,1.0,high,,,{}
episode_rules_v9_9,Ic_805,Остановка,2025-05-18 21:43:00,2025-05-18 23:50:00,0.09,1.0,high,,,{}
episode_rules_v9_9,Ic_805,Остановка,2025-05-20 21:45:00,2025-05-20 23:45:00,0.08,1.0,high,,,{}
episode_rules_v9_9,Ic_805,Остановка,2025-05-22 21:45:00,2025-05-23 00:27:00,0.11,1.0,high,,,{}
episode_rules_v9_9,Ic_805,Остановка,2025-05-24 18:09:00,2025-05-24 19:46:00,0.07,1.0,high,,,{}
episode_rules_v9_9,Ic_805,Остановка,2025-05-26 11:53:00,2025-05-26 14:00:00,0.09,1.0,high,,,{}
episode_rules_v9_9,Ic_805,Остановка,2025-05-28 12:31:00,2025-05-28 14:00:00,0.06,1.0,high,,,{}
episode_rules_v9_9,Ic_805,Остановка,2025-05-30 11:03:00,2025-05-30 12:50:00,0.07,1.0,high,,,{}
episode_rules_v9_9,Ic_805,Остановка,2025-06-01 09:27:00,2025-06-01 10:43:00,0.05,1.0,high,,,{}
episode_rules_v9_9,Ic_805,Остановка,2025-06-03 09:40:00,2025-06-03 11:45:00,0.09,1.0,high,,,{}
episode_rules_v9_9,Ic_805,Остановка,2025-06-05 10:11:00,2025-06-05 11:27:00,0.05,1.0,high,,,{}
episode_rules_v9_9,Ic_805,Остановка,2025-06-07 10:22:00,2025-06-07 12:20:00,0.08,1.0,high,,,{}
episode_rules_v9_9,Ic_805,Остановка,2025-06-09 11:13:00,2025-06-09 13:05:00,0.08,1.0,high,,,{}
episode_rules_v9_9,Ic_805,Остановка,2025-06-11 15:56:00,2025-06-11 17:14:00,0.05,1.0,high,,,{}
episode_rules_v9_9,Ic_805,Остановка,2025-06-14 00:09:00,2025-06-14 03:45:00,0.15,1.0,high,,,{}
episode_rules_v9_9,Ic_805,Остановка,2025-06-14 05:27:00,2025-06-14 10:18:00,0.2,1.0,high,,,{}
episode_rules_v9_9,Ic_805,Остановка,2025-06-14 11:32:00,2025-06-21 13:55:00,7.1,1.0,high,,,{}
episode_rules_v9_9,Ic_805,Остановка,2025-06-22 00:00:00,2025-06-22 01:51:00,0.08,1.0,high,,,{}
episode_rules_v9_9,Ic_805,Остановка,2025-06-22 09:15:00,2025-06-22 10:11:00,0.04,1.0,high,,,{}
episode_rules_v9_9,Ic_805,Остановка,2025-06-23 00:00:00,2025-06-23 05:08:00,0.21,1.0,high,,,{}
episode_rules_v9_9,Ic_805,Остановка,2025-06-23 07:39:00,2025-06-24 22:44:00,1.63,1.0,high,,,{}
episode_rules_v9_9,Ic_805,Остановка,2025-06-27 22:49:00,2025-06-28 01:42:00,0.12,1.0,high,,,{}
episode_rules_v9_9,Ic_805,Остановка,2025-06-29 09:19:00,2025-06-29 12:30:00,0.13,1.0,high,,,{}
episode_rules_v9_9,Ic_805,Остановка,2025-06-30 22:17:00,2025-06-30 23:51:00,0.07,1.0,high,,,{}
episode_rules_v9_9,Ic_805,Остановка,2025-07-03 21:40:00,2025-07-04 00:06:00,0.1,1.0,high,,,{}
episode_rules_v9_9,Ic_805,Остановка,2025-07-04 12:38:00,2025-07-04 14:35:00,0.08,1.0,high,,,{}
episode_rules_v9_9,Ic_805,Остановка,2025-07-05 18:45:00,2025-07-05 23:45:00,0.21,1.0,high,,,{}
episode_rules_v9_9,Ic_805,Остановка,2025-07-06 23:39:00,2025-07-07 03:23:00,0.16,1.0,high,,,{}
episode_rules_v9_9,Ic_805,Остановка,2025-07-08 11:50:00,2025-07-08 13:50:00,0.08,1.0,high,,,{}
episode_rules_v9_9,Ic_805,Остановка,2025-07-10 00:01:00,2025-07-10 02:58:00,0.12,1.0,high,,,{}
episode_rules_v9_9,Ic_805,Остановка,2025-07-11 15:00:00,2025-07-11 16:30:00,0.06,1.0,high,,,{}
episode_rules_v9_9,Ic_805,Остановка,2025-07-12 23:55:00,2025-07-13 04:51:00,0.21,1.0,high,,,{}
episode_rules_v9_9,Ic_805,Остановка,2025-07-14 14:04:00,2025-07-14 19:39:00,0.23,1.0,high,,,{}
episode_rules_v9_9,Ic_805,Остановка,2025-07-15 20:11:00,2025-07-15 23:56:00,0.16,1.0,high,,,{}
episode_rules_v9_9,Ic_805,Остановка,2025-07-17 09:21:00,2025-07-17 13:45:00,0.18,1.0,high,,,{}
episode_rules_v9_9,Ic_805,Остановка,2025-07-18 11:14:00,2025-07-18 17:04:00,0.24,1.0,high,,,{}
episode_rules_v9_9,Ic_805,Остановка,2025-07-19 09:51:00,2025-07-19 12:37:00,0.12,1.0,high,,,{}
episode_rules_v9_9,Ic_805,Остановка,2025-07-20 12:42:00,2025-07-20 19:37:00,0.29,1.0,high,,,{}
episode_rules_v9_9,Ic_805,Остановка,2025-07-21 10:51:00,2025-07-21 16:20:00,0.23,1.0,high,,,{}
episode_rules_v9_9,Ic_805,Остановка,2025-07-22 09:02:00,2025-07-22 13:24:00,0.18,1.0,high,,,{}
episode_rules_v9_9,Ic_805,Остановка,2025-07-23 08:34:00,2025-07-23 15:10:00,0.28,1.0,high,,,{}
episode_rules_v9_9,Ic_805,Остановка,2025-07-24 14:51:00,2025-07-24 20:25:00,0.23,1.0,high,,,{}
episode_rules_v9_9,Ic_805,Остановка,2025-07-25 11:53:00,2025-07-25 13:27:00,0.07,1.0,high,,,{}
episode_rules_v9_9,Ic_805,Остановка,2025-07-26 09:07:00,2025-07-26 10:34:00,0.06,1.0,high,,,{}
episode_rules_v9_9,Ic_805,Остановка,2025-07-27 09:10:00,2025-07-27 11:15:00,0.09,1.0,high,,,{}
episode_rules_v9_9,Ic_805,Остановка,2025-07-28 09:08:00,2025-07-28 11:09:00,0.08,1.0,high,,,{}
episode_rules_v9_9,Ic_805,Остановка,2025-07-29 09:09:00,2025-07-29 10:50:00,0.07,1.0,high,,,{}
episode_rules_v9_9,Ic_805,Остановка,2025-07-30 09:33:00,2025-07-30 11:30:00,0.08,1.0,high,,,{}
episode_rules_v9_9,Ic_805,Остановка,2025-07-31 10:08:00,2025-07-31 12:10:00,0.08,1.0,high,,,{}
episode_rules_v9_9,Ic_805,Остановка,2025-08-01 11:44:00,2025-08-01 14:00:00,0.09,1.0,high,,,{}
episode_rules_v9_9,Ic_805,Остановка,2025-08-02 16:27:00,2025-08-02 17:34:00,0.05,1.0,high,,,{}
episode_rules_v9_9,Ic_805,Остановка,2025-08-03 21:13:00,2025-08-04 00:35:00,0.14,1.0,high,,,{}
episode_rules_v9_9,Ic_805,Остановка,2025-08-04 04:29:00,2025-08-04 09:55:00,0.23,1.0,high,,,{}
episode_rules_v9_9,Ic_805,Остановка,2025-08-04 14:18:00,2025-08-14 05:00:00,9.61,1.0,high,,,{}
episode_rules_v9_9,Ic_805,Остановка,2025-08-15 01:05:00,2025-08-15 03:30:00,0.1,1.0,high,,,{}
episode_rules_v9_9,Ic_805,Остановка,2025-08-15 21:20:00,2025-08-15 23:10:00,0.08,1.0,high,,,{}
episode_rules_v9_9,Ic_805,Остановка,2025-08-16 23:30:00,2025-08-17 02:00:00,0.1,1.0,high,,,{}
episode_rules_v9_9,Ic_805,Остановка,2025-08-17 21:00:00,2025-08-17 23:50:00,0.12,1.0,high,,,{}
episode_rules_v9_9,Ic_805,Остановка,2025-08-19 01:15:00,2025-08-19 04:59:00,0.16,1.0,high,,,{}
episode_rules_v9_9,Ic_805,Остановка,2025-08-19 20:59:00,2025-08-19 23:00:00,0.08,1.0,high,,,{}
episode_rules_v9_9,Ic_805,Остановка,2025-08-20 21:23:00,2025-08-20 23:15:00,0.08,1.0,high,,,{}
episode_rules_v9_9,Ic_805,Остановка,2025-08-22 00:30:00,2025-08-22 03:05:00,0.11,1.0,high,,,{}
episode_rules_v9_9,Ic_805,Остановка,2025-08-22 17:57:00,2025-08-23 14:32:00,0.86,1.0,high,,,{}
episode_rules_v9_9,Ic_805,Остановка,2025-08-23 15:11:00,2025-08-23 17:54:00,0.11,1.0,high,,,{}
episode_rules_v9_9,Ic_805,Остановка,2025-08-23 18:23:00,2025-08-23 19:21:00,0.04,1.0,high,,,{}
episode_rules_v9_9,Ic_805,Остановка,2025-08-24 22:15:00,2025-08-25 00:15:00,0.08,1.0,high,,,{}
episode_rules_v9_9,Ic_805,Остановка,2025-08-26 11:55:00,2025-08-26 18:17:00,0.27,1.0,high,,,{}
episode_rules_v9_9,Ic_805,Остановка,2025-08-27 21:23:00,2025-08-28 00:05:00,0.11,1.0,high,,,{}
episode_rules_v9_9,Ic_805,Остановка,2025-08-28 03:41:00,2025-08-28 12:43:00,0.38,1.0,high,,,{}
episode_rules_v9_9,Ic_805,Остановка,2025-08-28 13:25:00,2025-08-29 09:53:00,0.85,1.0,high,,,{}
episode_rules_v9_9,Ic_805,Остановка,2025-08-29 10:31:00,2025-08-29 11:57:00,0.06,1.0,high,,,{}
episode_rules_v9_9,Ic_805,Остановка,2025-08-30 08:55:00,2025-08-30 11:20:00,0.1,1.0,high,,,{}
episode_rules_v9_9,Ic_805,Остановка,2025-08-31 09:15:00,2025-08-31 12:20:00,0.13,1.0,high,,,{}
episode_rules_v9_9,Ic_805,Остановка,2025-09-01 14:03:00,2025-09-01 19:45:00,0.24,1.0,high,,,{}
episode_rules_v9_9,Ic_805,Остановка,2025-09-02 14:05:00,2025-09-02 15:40:00,0.07,1.0,high,,,{}
episode_rules_v9_9,Ic_805,Остановка,2025-09-02 22:34:00,2025-09-03 19:06:00,0.86,1.0,high,,,{}
episode_rules_v9_9,Ic_805,Остановка,2025-09-04 21:15:00,2025-09-05 00:12:00,0.12,1.0,high,,,{}
episode_rules_v9_9,Ic_805,Остановка,2025-09-05 20:05:00,2025-09-05 22:40:00,0.11,1.0,high,,,{}
episode_rules_v9_9,Ic_805,Остановка,2025-09-06 21:40:00,2025-09-07 02:35:00,0.2,1.0,high,,,{}
episode_rules_v9_9,Ic_805,Остановка,2025-09-07 20:10:00,2025-09-08 01:05:00,0.2,1.0,high,,,{}
episode_rules_v9_9,Ic_805,Остановка,2025-09-08 05:01:00,2025-09-09 00:18:00,0.8,1.0,high,,,{}
episode_rules_v9_9,Ic_805,Остановка,2025-09-09 20:35:00,2025-09-10 03:25:00,0.28,1.0,high,,,{}
episode_rules_v9_9,Ic_805,Остановка,2025-09-11 21:40:00,2025-09-12 02:50:00,0.22,1.0,high,,,{}
episode_rules_v9_9,Ic_805,Остановка,2025-09-12 21:15:00,2025-09-13 02:22:00,0.21,1.0,high,,,{}
episode_rules_v9_9,Ic_805,Остановка,2025-09-13 17:44:00,2025-09-14 15:05:00,0.89,1.0,high,,,{}
episode_rules_v9_9,Ic_805,Остановка,2025-09-15 21:35:00,2025-09-16 03:12:00,0.23,1.0,high,,,{}
episode_rules_v9_9,Ic_805,Остановка,2025-09-16 20:44:00,2025-09-17 02:25:00,0.24,1.0,high,,,{}
episode_rules_v9_9,Ic_805,Остановка,2025-09-17 21:20:00,2025-09-18 02:51:00,0.23,1.0,high,,,{}
episode_rules_v9_9,Ic_805,Остановка,2025-09-18 03:36:00,2025-09-19 02:55:00,0.97,1.0,high,,,{}
episode_rules_v9_9,Ic_805,Остановка,2025-09-19 20:35:00,2025-09-20 00:40:00,0.17,1.0,high,,,{}
episode_rules_v9_9,Ic_805,Остановка,2025-09-20 22:35:00,2025-09-21 04:22:00,0.24,1.0,high,,,{}
episode_rules_v9_9,Ic_805,Остановка,2025-09-22 02:01:00,2025-09-23 19:10:00,1.71,1.0,high,,,{}
episode_rules_v9_9,Ic_805,Остановка,2025-09-24 10:00:00,2025-09-24 17:10:00,0.3,1.0,high,,,{}
episode_rules_v9_9,Ic_805,Остановка,2025-09-25 08:50:00,2025-09-25 16:45:00,0.33,1.0,high,,,{}
episode_rules_v9_9,Ic_805,Остановка,2025-09-26 09:15:00,2025-09-26 16:35:00,0.31,1.0,high,,,{}
episode_rules_v9_9,Ic_805,Остановка,2025-09-26 19:28:00,2025-09-29 04:16:00,2.37,1.0,high,,,{}
episode_rules_v9_9,Ic_805,Остановка,2025-09-29 19:10:00,2025-09-30 03:40:00,0.35,1.0,high,,,{}
episode_rules_v9_9,Ic_805,Остановка,2025-09-30 14:21:00,2025-10-01 22:53:00,1.36,1.0,high,,,{}
episode_rules_v9_9,Ic_805,Остановка,2025-10-01 23:54:00,2025-10-02 04:59:00,0.21,1.0,high,,,{}
episode_rules_v9_9,Ic_805,Остановка,2025-10-03 03:40:00,2025-10-03 08:05:00,0.18,1.0,high,,,{}
episode_rules_v9_9,Ic_805,Остановка,2025-10-04 00:45:00,2025-10-04 02:40:00,0.08,1.0,high,,,{}
episode_rules_v9_9,Ic_805,Остановка,2025-10-04 05:01:00,2025-10-04 07:55:00,0.12,1.0,high,,,{}
episode_rules_v9_9,Ic_805,Остановка,2025-10-05 03:15:00,2025-10-05 12:55:00,0.4,1.0,high,,,{}
episode_rules_v9_9,Ic_805,Остановка,2025-10-06 01:50:00,2025-10-08 04:59:00,2.13,1.0,high,,,{}
episode_rules_v9_9,Ic_805,Остановка,2025-10-08 09:45:00,2025-10-08 17:10:00,0.31,1.0,high,,,{}
episode_rules_v9_9,Ic_805,Остановка,2025-10-09 10:45:00,2025-10-09 18:50:00,0.34,1.0,high,,,{}
episode_rules_v9_9,Ic_805,Остановка,2025-10-10 10:00:00,2025-10-10 13:40:00,0.15,1.0,high,,,{}
episode_rules_v9_9,Ic_805,Остановка,2025-10-11 08:33:00,2025-10-11 15:55:00,0.31,1.0,high,,,{}
episode_rules_v9_9,Ic_805,Остановка,2025-10-12 10:05:00,2025-10-12 12:14:00,0.09,1.0,high,,,{}
episode_rules_v9_9,Ic_805,Остановка,2025-10-14 16:35:00,2025-10-14 18:30:00,0.08,1.0,high,,,{}
episode_rules_v9_9,Ic_805,Остановка,2025-10-15 17:43:00,2025-10-15 18:47:00,0.04,1.0,high,,,{}
episode_rules_v9_9,Ic_805,Остановка,2025-10-16 12:44:00,2025-10-16 22:08:00,0.39,1.0,high,,,{}
episode_rules_v9_9,Ic_805,Остановка,2025-10-18 00:10:00,2025-10-18 02:48:00,0.11,1.0,high,,,{}
episode_rules_v9_9,Ic_805,Остановка,2025-10-18 21:53:00,2025-10-18 23:50:00,0.08,1.0,high,,,{}
episode_rules_v9_9,Ic_805,Остановка,2025-10-19 21:45:00,2025-10-19 23:50:00,0.09,1.0,high,,,{}
episode_rules_v9_9,Ic_805,Остановка,2025-10-20 19:18:00,2025-10-20 22:58:00,0.15,1.0,high,,,{}
episode_rules_v9_9,Ic_805,Остановка,2025-10-21 22:15:00,2025-10-22 01:40:00,0.14,1.0,high,,,{}
episode_rules_v9_9,Ic_805,Остановка,2025-10-23 01:57:00,2025-10-23 04:20:00,0.1,1.0,high,,,{}
episode_rules_v9_9,Ic_805,Остановка,2025-10-24 02:05:00,2025-10-24 03:55:00,0.08,1.0,high,,,{}
episode_rules_v9_9,Ic_805,Остановка,2025-10-24 04:15:00,2025-10-24 09:55:00,0.24,1.0,high,,,{}
episode_rules_v9_9,Ic_805,Остановка,2025-10-25 12:05:00,2025-10-25 14:30:00,0.1,1.0,high,,,{}
episode_rules_v9_9,Ic_805,Остановка,2025-10-26 11:21:00,2025-10-26 13:13:00,0.08,1.0,high,,,{}
episode_rules_v9_9,Ic_805,Остановка,2025-10-27 09:35:00,2025-10-27 11:00:00,0.06,1.0,high,,,{}
episode_rules_v9_9,Ic_805,Остановка,2025-10-27 17:06:00,2025-10-27 22:44:00,0.23,1.0,high,,,{}
episode_rules_v9_9,Ic_805,Остановка,2025-10-28 02:17:00,2025-10-28 02:53:00,0.03,1.0,high,,,{}
episode_rules_v9_9,Ic_805,Остановка,2025-10-28 21:38:00,2025-10-29 01:01:00,0.14,1.0,high,,,{}
episode_rules_v9_9,Ic_805,Остановка,2025-10-29 21:40:00,2025-10-29 23:40:00,0.08,1.0,high,,,{}
episode_rules_v9_9,Ic_805,Остановка,2025-10-31 00:19:00,2025-10-31 02:17:00,0.08,1.0,high,,,{}
episode_rules_v9_9,Ic_805,Остановка,2025-11-01 00:45:00,2025-11-01 03:12:00,0.1,1.0,high,,,{}
episode_rules_v9_9,Ic_805,Остановка,2025-11-02 01:19:00,2025-11-02 03:15:00,0.08,1.0,high,,,{}
episode_rules_v9_9,Ic_805,Остановка,2025-11-03 01:58:00,2025-11-03 04:20:00,0.1,1.0,high,,,{}
episode_rules_v9_9,Ic_805,Остановка,2025-11-03 17:24:00,2025-11-03 21:32:00,0.17,1.0,high,,,{}
episode_rules_v9_9,Ic_805,Остановка,2025-11-04 23:05:00,2025-11-05 00:45:00,0.07,1.0,high,,,{}
episode_rules_v9_9,Ic_805,Остановка,2025-11-06 05:01:00,2025-11-06 06:44:00,0.07,1.0,high,,,{}
episode_rules_v9_9,Ic_805,Остановка,2025-11-07 00:41:00,2025-11-07 04:10:00,0.15,1.0,high,,,{}
episode_rules_v9_9,Ic_805,Остановка,2025-11-07 21:40:00,2025-11-08 00:32:00,0.12,1.0,high,,,{}
episode_rules_v9_9,Ic_805,Остановка,2025-11-08 21:32:00,2025-11-08 23:48:00,0.09,1.0,high,,,{}
episode_rules_v9_9,Ic_805,Остановка,2025-11-09 21:35:00,2025-11-10 00:05:00,0.1,1.0,high,,,{}
episode_rules_v9_9,Ic_805,Остановка,2025-11-10 09:33:00,2025-11-10 13:22:00,0.16,1.0,high,,,{}
episode_rules_v9_9,Ic_805,Остановка,2025-11-11 22:05:00,2025-11-12 03:15:00,0.22,1.0,high,,,{}
episode_rules_v9_9,Ic_805,Остановка,2025-11-12 21:20:00,2025-11-12 23:20:00,0.08,1.0,high,,,{}
episode_rules_v9_9,Ic_805,Остановка,2025-11-13 21:40:00,2025-11-13 23:53:00,0.09,1.0,high,,,{}
episode_rules_v9_9,Ic_805,Остановка,2025-11-14 20:15:00,2025-11-14 23:55:00,0.15,1.0,high,,,{}
episode_rules_v9_9,Ic_805,Остановка,2025-11-15 07:41:00,2025-11-16 01:51:00,0.76,1.0,high,,,{}
episode_rules_v9_9,Ic_805,Остановка,2025-11-16 21:30:00,2025-11-17 00:40:00,0.13,1.0,high,,,{}
episode_rules_v9_9,Ic_805,Остановка,2025-11-17 21:20:00,2025-11-18 02:10:00,0.2,1.0,high,,,{}
episode_rules_v9_9,Ic_805,Остановка,2025-11-18 20:10:00,2025-11-19 01:10:00,0.21,1.0,high,,,{}
episode_rules_v9_9,Ic_805,Остановка,2025-11-19 20:05:00,2025-11-20 04:50:00,0.36,1.0,high,,,{}
episode_rules_v9_9,Ic_805,Остановка,2025-11-20 05:11:00,2025-11-21 01:11:00,0.83,1.0,high,,,{}
episode_rules_v9_9,Ic_805,Остановка,2025-11-21 10:35:00,2025-11-22 02:54:00,0.68,1.0,high,,,{}
episode_rules_v9_9,Ic_805,Остановка,2025-11-22 09:35:00,2025-11-22 15:10:00,0.23,1.0,high,,,{}
episode_rules_v9_9,Ic_805,Остановка,2025-11-23 05:01:00,2025-11-24 04:04:00,0.96,1.0,high,,,{}
episode_rules_v9_9,Ic_805,Остановка,2025-11-24 08:01:00,2025-11-24 19:55:00,0.5,1.0,high,,,{}
episode_rules_v9_9,Ic_805,Остановка,2025-11-25 20:05:00,2025-11-26 00:58:00,0.2,1.0,high,,,{}
episode_rules_v9_9,Ic_805,Остановка,2025-11-27 01:07:00,2025-11-27 09:10:00,0.34,1.0,high,,,{}
episode_rules_v9_9,Ic_805,Остановка,2025-11-28 14:15:00,2025-11-28 18:28:00,0.18,1.0,high,,,{}
episode_rules_v9_9,Ic_805,Остановка,2025-11-30 10:43:00,2025-11-30 14:21:00,0.15,1.0,high,,,{}
episode_rules_v9_9,Ic_805,Остановка,2025-11-30 14:48:00,2025-11-30 16:10:00,0.06,1.0,high,,,{}
episode_rules_v9_9,Ic_805,Остановка,2025-11-30 17:06:00,2025-11-30 19:32:00,0.1,1.0,high,,,{}
episode_rules_v9_9,Ic_805,Остановка,2025-12-02 05:01:00,2025-12-02 10:11:00,0.22,1.0,high,,,{}
episode_rules_v9_9,Ic_805,Остановка,2025-12-03 09:05:00,2025-12-03 15:17:00,0.26,1.0,high,,,{}
episode_rules_v9_9,Ic_805,Остановка,2025-12-04 05:10:00,2025-12-04 11:10:00,0.25,1.0,high,,,{}
episode_rules_v9_9,Ic_805,Остановка,2025-12-05 15:50:00,2025-12-05 19:55:00,0.17,1.0,high,,,{}
episode_rules_v9_9,Ic_805,Остановка,2025-12-06 09:35:00,2025-12-06 13:00:00,0.14,1.0,high,,,{}
episode_rules_v9_9,Ic_805,Остановка,2025-12-07 21:55:00,2025-12-07 23:53:00,0.08,1.0,high,,,{}
episode_rules_v9_9,Ic_805,Остановка,2025-12-08 02:09:00,2025-12-12 05:00:00,4.12,1.0,high,,,{}
episode_rules_v9_9,Ic_805,Остановка,2025-12-13 00:03:00,2025-12-13 06:27:00,0.27,1.0,high,,,{}
episode_rules_v9_9,Ic_805,Остановка,2025-12-14 00:01:00,2025-12-14 05:32:00,0.23,1.0,high,,,{}
episode_rules_v9_9,Ic_805,Остановка,2025-12-14 11:48:00,2025-12-14 21:47:00,0.42,1.0,high,,,{}
episode_rules_v9_9,Ic_805,Остановка,2025-12-15 20:35:00,2025-12-16 04:47:00,0.34,1.0,high,,,{}
episode_rules_v9_9,Ic_805,Остановка,2025-12-16 20:40:00,2025-12-17 04:59:00,0.35,1.0,high,,,{}
episode_rules_v9_9,Ic_805,Остановка,2025-12-17 19:34:00,2025-12-18 04:59:00,0.39,1.0,high,,,{}
episode_rules_v9_9,Ic_805,Остановка,2025-12-18 20:40:00,2025-12-19 04:34:00,0.33,1.0,high,,,{}
episode_rules_v9_9,Ic_805,Остановка,2025-12-20 01:25:00,2025-12-20 06:45:00,0.22,1.0,high,,,{}
episode_rules_v9_9,Ic_805,Остановка,2025-12-21 04:23:00,2025-12-21 09:49:00,0.23,1.0,high,,,{}
episode_rules_v9_9,Ic_805,Остановка,2025-12-22 11:06:00,2025-12-22 12:12:00,0.05,1.0,high,,,{}
episode_rules_v9_9,Ic_805,Остановка,2025-12-22 12:44:00,2025-12-22 13:42:00,0.04,1.0,high,,,{}
episode_rules_v9_9,Ic_805,Остановка,2025-12-22 16:35:00,2025-12-22 19:32:00,0.12,1.0,high,,,{}
episode_rules_v9_9,Ic_805,Остановка,2025-12-23 21:32:00,2025-12-23 22:22:00,0.03,1.0,high,,,{}
episode_rules_v9_9,Ic_805,Остановка,2025-12-23 23:31:00,2025-12-24 01:34:00,0.09,1.0,high,,,{}
episode_rules_v9_9,Ic_805,Остановка,2025-12-24 22:41:00,2025-12-25 03:35:00,0.2,1.0,high,,,{}
episode_rules_v9_9,Ic_805,Остановка,2025-12-25 17:21:00,2025-12-25 23:51:00,0.27,1.0,high,,,{}
episode_rules_v9_9,Ic_805,Остановка,2025-12-26 21:31:00,2025-12-27 02:20:00,0.2,1.0,high,,,{}
episode_rules_v9_9,Ic_805,Остановка,2025-12-28 03:00:00,2025-12-28 06:50:00,0.16,1.0,high,,,{}
episode_rules_v9_9,Ic_805,Остановка,2025-12-29 12:04:00,2025-12-29 15:53:00,0.16,1.0,high,,,{}
episode_rules_v9_9,Ic_805,Остановка,2025-12-29 16:28:00,2025-12-29 18:58:00,0.1,1.0,high,,,{}
episode_rules_v9_9,Ic_805,Остановка,2025-12-29 22:46:00,2025-12-30 07:05:00,0.35,1.0,high,,,{}
episode_rules_v9_9,Ic_805,Остановка,2025-12-30 07:16:00,2025-12-30 09:20:00,0.09,1.0,high,,,{}
episode_rules_v9_9,Ic_805,Остановка,2025-12-31 09:58:00,2025-12-31 12:34:00,0.11,1.0,high,,,{}
episode_rules_v9_9,Ic_805,Остановка,2026-01-01 10:49:00,2026-01-01 13:41:00,0.12,1.0,high,,,{}
episode_rules_v9_9,Ic_805,Остановка,2026-01-02 10:23:00,2026-01-02 15:12:00,0.2,1.0,high,,,{}
episode_rules_v9_9,Ic_805,Остановка,2026-01-03 09:13:00,2026-01-03 12:30:00,0.14,1.0,high,,,{}
episode_rules_v9_9,Ic_805,Остановка,2026-01-04 08:26:00,2026-01-05 04:43:00,0.85,1.0,high,,,{}
episode_rules_v9_9,Ic_805,Остановка,2026-01-05 05:29:00,2026-01-05 07:34:00,0.09,1.0,high,,,{}
episode_rules_v9_9,Ic_805,Остановка,2026-01-05 09:45:00,2026-01-05 10:35:00,0.03,1.0,high,,,{}
episode_rules_v9_9,Ic_805,Остановка,2026-01-06 09:51:00,2026-01-06 13:51:00,0.17,1.0,high,,,{}
episode_rules_v9_9,Ic_805,Остановка,2026-01-07 09:16:00,2026-01-07 12:11:00,0.12,1.0,high,,,{}
episode_rules_v9_9,Ic_805,Остановка,2026-01-08 10:27:00,2026-01-08 12:59:00,0.11,1.0,high,,,{}
episode_rules_v9_9,Ic_805,Остановка,2026-01-09 10:14:00,2026-01-09 15:14:00,0.21,1.0,high,,,{}
episode_rules_v9_9,Ic_805,Остановка,2026-01-10 09:26:00,2026-01-10 11:56:00,0.1,1.0,high,,,{}
episode_rules_v9_9,Ic_805,Остановка,2026-01-11 09:19:00,2026-01-11 12:15:00,0.12,1.0,high,,,{}
episode_rules_v9_9,Ic_805,Остановка,2026-01-11 12:57:00,2026-01-11 13:43:00,0.03,1.0,high,,,{}
episode_rules_v9_9,Ic_805,Остановка,2026-01-12 09:27:00,2026-01-12 12:11:00,0.11,1.0,high,,,{}
episode_rules_v9_9,Ic_805,Остановка,2026-01-13 09:36:00,2026-01-13 14:10:00,0.19,1.0,high,,,{}
episode_rules_v9_9,Ic_805,Остановка,2026-01-14 09:36:00,2026-01-14 13:22:00,0.16,1.0,high,,,{}
episode_rules_v9_9,Ic_805,Остановка,2026-01-15 09:24:00,2026-01-15 12:16:00,0.12,1.0,high,,,{}
episode_rules_v9_9,Ic_805,Остановка,2026-01-16 10:55:00,2026-01-16 17:40:00,0.28,1.0,high,,,{}
episode_rules_v9_9,Ic_805,Остановка,2026-01-17 09:53:00,2026-01-17 13:32:00,0.15,1.0,high,,,{}
episode_rules_v9_9,Ic_805,Остановка,2026-01-18 09:56:00,2026-01-18 13:15:00,0.14,1.0,high,,,{}
episode_rules_v9_9,Ic_805,Остановка,2026-01-19 10:17:00,2026-01-19 13:04:00,0.12,1.0,high,,,{}
episode_rules_v9_9,Ic_805,Остановка,2026-01-19 13:46:00,2026-01-19 17:03:00,0.14,1.0,high,,,{}
episode_rules_v9_9,Ic_805,Остановка,2026-01-20 16:35:00,2026-01-20 19:41:00,0.13,1.0,high,,,{}
episode_rules_v9_9,Ic_805,Остановка,2026-01-21 17:15:00,2026-01-21 19:51:00,0.11,1.0,high,,,{}
episode_rules_v9_9,Ic_805,Остановка,2026-01-22 17:15:00,2026-01-22 19:33:00,0.1,1.0,high,,,{}
episode_rules_v9_9,Ic_805,Остановка,2026-01-23 16:44:00,2026-01-23 19:11:00,0.1,1.0,high,,,{}
episode_rules_v9_9,Ic_805,Остановка,2026-01-24 17:08:00,2026-01-24 20:10:00,0.13,1.0,high,,,{}
episode_rules_v9_9,Ic_805,Остановка,2026-01-25 17:55:00,2026-01-25 19:54:00,0.08,1.0,high,,,{}
episode_rules_v9_9,Ic_805,Остановка,2026-01-26 11:32:00,2026-01-26 15:40:00,0.17,1.0,high,,,{}
episode_rules_v9_9,Ic_805,Остановка,2026-01-27 22:18:00,2026-01-28 00:58:00,0.11,1.0,high,,,{}
episode_rules_v9_9,Ic_805,Остановка,2026-01-28 11:10:00,2026-01-28 13:12:00,0.08,1.0,high,,,{}
episode_rules_v9_9,Ic_805,Остановка,2026-01-29 14:58:00,2026-01-29 17:01:00,0.09,1.0,high,,,{}
episode_rules_v9_9,Ic_805,Остановка,2026-01-30 14:41:00,2026-01-30 18:03:00,0.14,1.0,high,,,{}
episode_rules_v9_9,Ic_805,Остановка,2026-01-31 14:45:00,2026-01-31 17:07:00,0.1,1.0,high,,,{}
episode_rules_v9_9,Ic_805,Остановка,2026-01-31 17:41:00,2026-01-31 18:27:00,0.03,1.0,high,,,{}
episode_rules_v9_9,Ic_805,Остановка,2026-02-01 16:51:00,2026-02-01 19:22:00,0.1,1.0,high,,,{}
episode_rules_v9_9,Ic_805,Остановка,2026-02-01 19:57:00,2026-02-01 21:16:00,0.05,1.0,high,,,{}
episode_rules_v9_9,Ic_805,Остановка,2026-02-02 10:07:00,2026-02-02 14:55:00,0.2,1.0,high,,,{}
episode_rules_v9_9,Ic_805,Остановка,2026-02-03 15:51:00,2026-02-03 19:39:00,0.16,1.0,high,,,{}
episode_rules_v9_9,Ic_805,Остановка,2026-02-04 16:21:00,2026-02-04 19:59:00,0.15,1.0,high,,,{}
episode_rules_v9_9,Ic_805,Остановка,2026-02-05 10:54:00,2026-02-05 16:00:00,0.21,1.0,high,,,{}
episode_rules_v9_9,Ic_805,Остановка,2026-02-06 16:05:00,2026-02-06 19:52:00,0.16,1.0,high,,,{}
episode_rules_v9_9,Ic_805,Остановка,2026-02-07 16:08:00,2026-02-07 21:23:00,0.22,1.0,high,,,{}
episode_rules_v9_9,Ic_805,Остановка,2026-02-08 12:54:00,2026-02-08 15:11:00,0.1,1.0,high,,,{}
episode_rules_v9_9,Ic_805,Остановка,2026-02-09 08:50:00,2026-02-09 14:35:00,0.24,1.0,high,,,{}
episode_rules_v9_9,Ic_805,Остановка,2026-02-10 16:13:00,2026-02-10 19:02:00,0.12,1.0,high,,,{}
episode_rules_v9_9,Ic_805,Остановка,2026-02-11 14:47:00,2026-02-11 18:43:00,0.16,1.0,high,,,{}
episode_rules_v9_9,Ic_805,Остановка,2026-02-12 16:01:00,2026-02-12 19:55:00,0.16,1.0,high,,,{}
episode_rules_v9_9,Ic_805,Остановка,2026-02-13 14:32:00,2026-02-13 18:08:00,0.15,1.0,high,,,{}
episode_rules_v9_9,Ic_805,Остановка,2026-02-14 15:35:00,2026-02-14 23:00:00,0.31,1.0,high,,,{}
episode_rules_v9_9,Ic_805,Остановка,2026-02-15 22:17:00,2026-02-16 01:26:00,0.13,1.0,high,,,{}
episode_rules_v9_9,Ic_805,Остановка,2026-02-16 16:02:00,2026-02-16 19:58:00,0.16,1.0,high,,,{}
episode_rules_v9_9,Ic_805,Остановка,2026-02-17 15:43:00,2026-02-17 19:53:00,0.17,1.0,high,,,{}
episode_rules_v9_9,Ic_805,Остановка,2026-02-18 08:45:00,2026-02-18 12:56:00,0.17,1.0,high,,,{}
episode_rules_v9_9,Ic_805,Остановка,2026-02-19 09:32:00,2026-02-19 13:45:00,0.18,1.0,high,,,{}
episode_rules_v9_9,Ic_805,Остановка,2026-02-20 09:55:00,2026-02-20 12:25:00,0.1,1.0,high,,,{}
episode_rules_v9_9,Ic_805,Остановка,2026-02-21 10:10:00,2026-02-21 12:39:00,0.1,1.0,high,,,{}
episode_rules_v9_9,Ic_805,Остановка,2026-02-22 09:39:00,2026-02-22 12:52:00,0.13,1.0,high,,,{}
episode_rules_v9_9,Ic_805,Остановка,2026-02-22 23:45:00,2026-02-23 00:01:00,0.01,1.0,high,,,{}
episode_rules_v9_9,Ic_805,Остановка,2026-02-24 09:53:00,2026-02-24 12:52:00,0.12,1.0,high,,,{}
episode_rules_v9_9,Ic_805,Остановка,2026-02-25 09:42:00,2026-02-25 13:49:00,0.17,1.0,high,,,{}
episode_rules_v9_9,Ic_805,Остановка,2026-02-25 14:25:00,2026-02-25 15:49:00,0.06,1.0,high,,,{}
episode_rules_v9_9,Ic_805,Остановка,2026-02-26 08:24:00,2026-02-26 14:57:00,0.27,1.0,high,,,{}
episode_rules_v9_9,Ic_805,Остановка,2026-02-27 13:41:00,2026-02-27 19:08:00,0.23,1.0,high,,,{}
episode_rules_v9_9,Ic_805,Остановка,2026-02-28 09:05:00,2026-02-28 14:01:00,0.21,1.0,high,,,{}
episode_rules_v9_9,Ic_805,Остановка,2026-03-01 07:45:00,2026-03-01 15:30:00,0.32,1.0,high,,,{}
episode_rules_v9_9,Ic_805,Остановка,2026-03-02 10:17:00,2026-03-02 13:44:00,0.14,1.0,high,,,{}
episode_rules_v9_9,Ic_805,Остановка,2026-03-03 07:05:00,2026-03-03 14:35:00,0.31,1.0,high,,,{}
episode_rules_v9_9,Ic_805,Остановка,2026-03-04 09:21:00,2026-03-04 13:26:00,0.17,1.0,high,,,{}
episode_rules_v9_9,Ic_805,Остановка,2026-03-05 06:58:00,2026-03-05 15:06:00,0.34,1.0,high,,,{}
episode_rules_v9_9,Ic_805,Остановка,2026-03-06 09:24:00,2026-03-06 12:25:00,0.13,1.0,high,,,{}
episode_rules_v9_9,Ic_805,Остановка,2026-03-07 09:28:00,2026-03-07 13:10:00,0.15,1.0,high,,,{}
episode_rules_v9_9,Ic_805,Остановка,2026-03-08 10:10:00,2026-03-08 13:58:00,0.16,1.0,high,,,{}
episode_rules_v9_9,Ic_805,Остановка,2026-03-09 10:24:00,2026-03-09 13:08:00,0.11,1.0,high,,,{}
episode_rules_v9_9,Ic_805,Остановка,2026-03-09 13:44:00,2026-03-09 14:59:00,0.05,1.0,high,,,{}
episode_rules_v9_9,Ic_805,Остановка,2026-03-10 10:59:00,2026-03-10 14:18:00,0.14,1.0,high,,,{}
episode_rules_v9_9,Ic_805,Остановка,2026-03-11 10:11:00,2026-03-11 13:54:00,0.15,1.0,high,,,{}
episode_rules_v9_9,Ic_805,Остановка,2026-03-12 09:58:00,2026-03-12 13:34:00,0.15,1.0,high,,,{}
episode_rules_v9_9,Ic_805,Остановка,2026-03-13 10:07:00,2026-03-13 13:22:00,0.14,1.0,high,,,{}
episode_rules_v9_9,Ic_805,Остановка,2026-03-14 09:29:00,2026-03-14 15:17:00,0.24,1.0,high,,,{}
episode_rules_v9_9,Ic_805,Остановка,2026-03-14 16:28:00,2026-03-14 20:02:00,0.15,1.0,high,,,{}
episode_rules_v9_9,Ic_805,Остановка,2026-03-14 21:02:00,2026-03-15 06:44:00,0.4,1.0,high,,,{}
episode_rules_v9_9,Ic_805,Остановка,2026-03-16 10:48:00,2026-03-16 16:28:00,0.24,1.0,high,,,{}
episode_rules_v9_9,Ic_805,Остановка,2026-03-17 09:13:00,2026-03-17 12:59:00,0.16,1.0,high,,,{}
episode_rules_v9_9,Ic_805,Остановка,2026-03-18 09:12:00,2026-03-18 14:15:00,0.21,1.0,high,,,{}
episode_rules_v9_9,Ic_805,Остановка,2026-03-19 10:40:00,2026-03-19 14:05:00,0.14,1.0,high,,,{}
episode_rules_v9_9,Ic_805,Остановка,2026-03-20 09:58:00,2026-03-20 12:46:00,0.12,1.0,high,,,{}
episode_rules_v9_9,Ic_805,Остановка,2026-03-21 10:46:00,2026-03-21 13:56:00,0.13,1.0,high,,,{}
episode_rules_v9_9,Ic_805,Остановка,2026-03-22 09:10:00,2026-03-22 14:31:00,0.22,1.0,high,,,{}
episode_rules_v9_9,Ic_805,Остановка,2026-03-23 10:53:00,2026-03-23 17:11:00,0.26,1.0,high,,,{}
episode_rules_v9_9,Ic_805,Остановка,2026-03-24 11:00:00,2026-03-24 14:18:00,0.14,1.0,high,,,{}
episode_rules_v9_9,Ic_805,Остановка,2026-03-25 09:18:00,2026-03-25 13:25:00,0.17,1.0,high,,,{}
episode_rules_v9_9,Ic_805,Остановка,2026-03-26 09:56:00,2026-03-26 14:36:00,0.19,1.0,high,,,{}
episode_rules_v9_9,Ic_805,Остановка,2026-03-27 10:02:00,2026-03-27 14:07:00,0.17,1.0,high,,,{}
episode_rules_v9_9,Ic_805,Остановка,2026-03-27 14:44:00,2026-03-27 16:21:00,0.07,1.0,high,,,{}
episode_rules_v9_9,Ic_805,Остановка,2026-03-28 11:04:00,2026-03-28 16:30:00,0.23,1.0,high,,,{}
episode_rules_v9_9,Ic_805,Остановка,2026-03-29 10:07:00,2026-03-29 13:36:00,0.15,1.0,high,,,{}
episode_rules_v9_9,Ic_805,Остановка,2026-03-30 11:35:00,2026-03-30 14:52:00,0.14,1.0,high,,,{}
episode_rules_v9_9,Ic_805,Остановка,2026-03-30 19:56:00,2026-03-31 05:48:00,0.41,1.0,high,,,{}
episode_rules_v9_9,Ic_805,Остановка,2026-03-31 06:42:00,2026-03-31 10:45:00,0.17,1.0,high,,,{}
episode_rules_v9_9,Ic_805,Остановка,2026-03-31 18:34:00,2026-04-01 05:16:00,0.45,1.0,high,,,{}
episode_rules_v9_9,Ic_805,Остановка,2026-04-01 05:42:00,2026-04-01 08:19:00,0.11,1.0,high,,,{}
episode_rules_v9_9,Ic_805,Остановка,2026-04-01 12:33:00,2026-04-13 21:22:00,12.37,1.0,high,,,{}
episode_rules_v9_9,Ic_805,Остановка,2026-04-14 05:00:00,2026-04-15 05:00:00,1.0,1.0,high,,,{}
episode_rules_v9_9,Ic_805,Остановка,2026-04-19 14:40:00,2026-04-19 18:45:00,0.17,1.0,high,,,{}
episode_rules_v9_9,Ic_805,Остановка,2026-04-20 13:17:00,2026-04-20 18:20:00,0.21,1.0,high,,,{}
episode_rules_v9_9,Ic_805,Остановка,2026-04-21 15:30:00,2026-04-21 20:07:00,0.19,1.0,high,,,{}
episode_rules_v9_9,Ic_805,Остановка,2026-04-22 11:43:00,2026-04-22 14:48:00,0.13,1.0,high,,,{}
episode_rules_v9_9,Ic_805,Остановка,2026-04-23 09:32:00,2026-04-23 10:47:00,0.05,1.0,high,,,{}
episode_rules_v9_9,Ic_805,Остановка,2026-04-24 15:05:00,2026-04-24 19:15:00,0.17,1.0,high,,,{}
episode_rules_v9_9,Ic_805,Остановка,2026-04-25 11:51:00,2026-04-25 15:58:00,0.17,1.0,high,,,{}
episode_rules_v9_9,Ic_805,Остановка,2026-04-26 09:31:00,2026-04-26 14:22:00,0.2,1.0,high,,,{}
episode_rules_v9_9,Ic_805,Остановка,2026-04-27 05:40:00,2026-04-27 10:59:00,0.22,1.0,high,,,{}
episode_rules_v9_9,Ic_805,Остановка,2026-04-28 00:00:00,2026-04-28 19:23:00,0.81,1.0,high,,,{}
episode_rules_v9_9,Ic_805,Остановка,2026-04-29 09:40:00,2026-04-29 14:24:00,0.2,1.0,high,,,{}
episode_rules_v9_9,Ic_805,Остановка,2026-04-30 09:47:00,2026-04-30 11:28:00,0.07,1.0,high,,,{}
episode_rules_v9_9,Ic_805,Остановка,2026-05-01 14:29:00,2026-05-01 17:01:00,0.11,1.0,high,,,{}
episode_rules_v9_9,Ic_805,Периодическая работа,2025-01-01 00:00:00,2026-05-01 00:00:00,485.0,0.5,low,,,"{'ql_cyclic': np.True_, 'rhythm_ok': False}"
episode_rules_v9_9,Ic_805,РПТЧ,2025-01-01 00:00:00,2025-02-07 11:48:00,37.49,1.0,high,,,"{'ql_oscillates': np.True_, 'round_hz': np.True_}"
episode_rules_v9_9,Ic_805,РПТЧ,2025-04-29 15:23:00,2025-08-08 00:00:00,100.36,1.0,high,,,"{'ql_oscillates': np.True_, 'round_hz': np.True_}"
episode_rules_v9_9,Ic_805,РПТЧ,2025-08-08 00:00:00,2025-08-09 00:00:00,1.0,0.5,medium,,,"{'freq_data': None, 'ql_oscillates': None}"
episode_rules_v9_9,Ic_805,РПТЧ,2025-08-09 00:00:00,2026-04-11 00:00:00,245.0,1.0,high,,,"{'ql_oscillates': np.True_, 'round_hz': np.True_}"
episode_rules_v9_9,Ic_805,РПТЧ,2026-04-11 00:00:00,2026-04-28 00:00:00,17.0,0.75,medium,,,"{'ql_oscillates': None, 'round_hz': np.True_}"
episode_rules_v9_9,Ic_805,Работа,2025-01-01 06:48:00,2025-01-02 04:05:00,0.89,1.0,high,,,{}
episode_rules_v9_9,Ic_805,Работа,2025-01-02 04:59:00,2025-01-03 03:45:00,0.95,1.0,high,,,{}
episode_rules_v9_9,Ic_805,Работа,2025-01-03 06:05:00,2025-01-04 05:05:00,0.96,1.0,high,,,{}
episode_rules_v9_9,Ic_805,Работа,2025-01-04 06:15:00,2025-01-05 05:45:00,0.98,1.0,high,,,{}
episode_rules_v9_9,Ic_805,Работа,2025-01-05 09:32:00,2025-01-06 10:40:00,1.05,1.0,high,,,{}
episode_rules_v9_9,Ic_805,Работа,2025-01-06 12:50:00,2025-01-06 15:59:00,0.13,1.0,high,,,{}
episode_rules_v9_9,Ic_805,Работа,2025-01-08 07:14:00,2025-01-09 16:50:00,1.4,1.0,high,,,{}
episode_rules_v9_9,Ic_805,Работа,2025-01-09 18:50:00,2025-01-10 15:40:00,0.87,1.0,high,,,{}
episode_rules_v9_9,Ic_805,Работа,2025-01-10 19:30:00,2025-01-11 10:20:00,0.62,1.0,high,,,{}
episode_rules_v9_9,Ic_805,Работа,2025-01-11 12:30:00,2025-01-11 13:05:00,0.02,1.0,high,,,{}
episode_rules_v9_9,Ic_805,Работа,2025-01-13 09:01:00,2025-01-14 10:05:00,1.04,1.0,high,,,{}
episode_rules_v9_9,Ic_805,Работа,2025-01-14 11:50:00,2025-01-15 10:35:00,0.95,1.0,high,,,{}
episode_rules_v9_9,Ic_805,Работа,2025-01-15 12:35:00,2025-01-16 14:30:00,1.08,1.0,high,,,{}
episode_rules_v9_9,Ic_805,Работа,2025-01-16 16:40:00,2025-01-17 02:03:00,0.39,1.0,high,,,{}
episode_rules_v9_9,Ic_805,Работа,2025-01-18 04:07:00,2025-01-20 00:20:00,1.84,1.0,high,,,{}
episode_rules_v9_9,Ic_805,Работа,2025-01-20 03:00:00,2025-01-21 02:40:00,0.99,1.0,high,,,{}
episode_rules_v9_9,Ic_805,Работа,2025-01-21 04:40:00,2025-01-21 13:09:00,0.35,1.0,high,,,{}
episode_rules_v9_9,Ic_805,Работа,2025-01-22 16:24:00,2025-01-23 09:50:00,0.73,1.0,high,,,{}
episode_rules_v9_9,Ic_805,Работа,2025-02-03 05:00:00,2025-02-03 23:28:00,0.77,1.0,high,,,{}
episode_rules_v9_9,Ic_805,Работа,2025-02-04 02:02:00,2025-02-04 21:59:00,0.83,1.0,high,,,{}
episode_rules_v9_9,Ic_805,Работа,2025-02-05 00:00:00,2025-02-05 13:12:00,0.55,1.0,high,,,{}
episode_rules_v9_9,Ic_805,Работа,2025-02-05 20:41:00,2025-02-05 22:13:00,0.06,1.0,high,,,{}
episode_rules_v9_9,Ic_805,Работа,2025-02-06 00:40:00,2025-02-06 21:38:00,0.87,1.0,high,,,{}
episode_rules_v9_9,Ic_805,Работа,2025-02-06 23:35:00,2025-02-07 11:48:00,0.51,1.0,high,,,{}
episode_rules_v9_9,Ic_805,Работа,2025-02-09 04:58:00,2025-02-09 22:20:00,0.72,1.0,high,,,{}
episode_rules_v9_9,Ic_805,Работа,2025-02-10 02:50:00,2025-02-11 02:30:00,0.99,1.0,high,,,{}
episode_rules_v9_9,Ic_805,Работа,2025-02-11 04:59:00,2025-02-11 05:35:00,0.03,1.0,high,,,{}
episode_rules_v9_9,Ic_805,Работа,2025-02-11 12:10:00,2025-02-12 07:26:00,0.8,1.0,high,,,{}
episode_rules_v9_9,Ic_805,Работа,2025-02-13 14:41:00,2025-02-14 10:30:00,0.83,1.0,high,,,{}
episode_rules_v9_9,Ic_805,Работа,2025-02-14 12:36:00,2025-02-15 10:00:00,0.89,1.0,high,,,{}
episode_rules_v9_9,Ic_805,Работа,2025-02-15 12:05:00,2025-02-16 06:10:00,0.75,1.0,high,,,{}
episode_rules_v9_9,Ic_805,Работа,2025-02-17 09:03:00,2025-02-18 14:40:00,1.23,1.0,high,,,{}
episode_rules_v9_9,Ic_805,Работа,2025-02-18 16:30:00,2025-02-19 16:48:00,1.01,1.0,high,,,{}
episode_rules_v9_9,Ic_805,Работа,2025-02-21 23:55:00,2025-02-22 09:39:00,0.41,1.0,high,,,{}
episode_rules_v9_9,Ic_805,Работа,2025-02-22 15:25:00,2025-02-24 07:28:00,1.67,1.0,high,,,{}
episode_rules_v9_9,Ic_805,Работа,2025-02-25 04:49:00,2025-02-25 13:13:00,0.35,1.0,high,,,{}
episode_rules_v9_9,Ic_805,Работа,2025-02-26 04:43:00,2025-02-26 05:48:00,0.05,1.0,high,,,{}
episode_rules_v9_9,Ic_805,Работа,2025-03-01 13:09:00,2025-03-01 13:52:00,0.03,1.0,high,,,{}
episode_rules_v9_9,Ic_805,Работа,2025-03-01 16:17:00,2025-03-02 05:19:00,0.54,1.0,high,,,{}
episode_rules_v9_9,Ic_805,Работа,2025-03-03 12:31:00,2025-03-03 13:14:00,0.03,1.0,high,,,{}
episode_rules_v9_9,Ic_805,Работа,2025-03-07 15:04:00,2025-03-07 21:15:00,0.26,1.0,high,,,{}
episode_rules_v9_9,Ic_805,Работа,2025-03-09 09:35:00,2025-03-09 23:14:00,0.57,1.0,high,,,{}
episode_rules_v9_9,Ic_805,Работа,2025-03-12 10:26:00,2025-03-12 11:50:00,0.06,1.0,high,,,{}
episode_rules_v9_9,Ic_805,Работа,2025-03-14 06:55:00,2025-03-14 19:29:00,0.52,1.0,high,,,{}
episode_rules_v9_9,Ic_805,Работа,2025-03-16 11:57:00,2025-03-16 14:04:00,0.09,1.0,high,,,{}
episode_rules_v9_9,Ic_805,Работа,2025-03-17 07:43:00,2025-03-18 07:27:00,0.99,1.0,high,,,{}
episode_rules_v9_9,Ic_805,Работа,2025-04-10 06:19:00,2025-04-10 07:36:00,0.05,1.0,high,,,{}
episode_rules_v9_9,Ic_805,Работа,2025-04-11 02:56:00,2025-04-11 05:37:00,0.11,1.0,high,,,{}
episode_rules_v9_9,Ic_805,Работа,2025-04-11 23:36:00,2025-04-12 22:25:00,0.95,1.0,high,,,{}
episode_rules_v9_9,Ic_805,Работа,2025-04-12 23:53:00,2025-04-13 11:18:00,0.48,1.0,high,,,{}
episode_rules_v9_9,Ic_805,Работа,2025-04-29 15:23:00,2025-05-02 21:44:00,3.26,1.0,high,,,{}
episode_rules_v9_9,Ic_805,Работа,2025-05-03 00:00:00,2025-05-05 00:45:00,2.03,1.0,high,,,{}
episode_rules_v9_9,Ic_805,Работа,2025-05-05 02:25:00,2025-05-06 02:10:00,0.99,1.0,high,,,{}
episode_rules_v9_9,Ic_805,Работа,2025-05-06 04:15:00,2025-05-07 00:20:00,0.84,1.0,high,,,{}
episode_rules_v9_9,Ic_805,Работа,2025-05-07 02:31:00,2025-05-08 03:00:00,1.02,1.0,high,,,{}
episode_rules_v9_9,Ic_805,Работа,2025-05-08 04:42:00,2025-05-08 21:57:00,0.72,1.0,high,,,{}
episode_rules_v9_9,Ic_805,Работа,2025-05-09 00:52:00,2025-05-09 11:16:00,0.43,1.0,high,,,{}
episode_rules_v9_9,Ic_805,Работа,2025-05-09 17:27:00,2025-05-10 05:01:00,0.48,1.0,high,,,{}
episode_rules_v9_9,Ic_805,Работа,2025-05-10 09:47:00,2025-05-12 15:00:00,2.22,1.0,high,,,{}
episode_rules_v9_9,Ic_805,Работа,2025-05-12 17:00:00,2025-05-13 17:05:00,1.0,1.0,high,,,{}
episode_rules_v9_9,Ic_805,Работа,2025-05-13 18:45:00,2025-05-14 18:10:00,0.98,1.0,high,,,{}
episode_rules_v9_9,Ic_805,Работа,2025-05-14 20:20:00,2025-05-15 14:50:00,0.77,1.0,high,,,{}
episode_rules_v9_9,Ic_805,Работа,2025-05-15 16:45:00,2025-05-16 16:47:00,1.0,1.0,high,,,{}
episode_rules_v9_9,Ic_805,Работа,2025-05-16 19:55:00,2025-05-18 21:43:00,2.08,1.0,high,,,{}
episode_rules_v9_9,Ic_805,Работа,2025-05-18 23:50:00,2025-05-20 21:45:00,1.91,1.0,high,,,{}
episode_rules_v9_9,Ic_805,Работа,2025-05-20 23:45:00,2025-05-22 21:45:00,1.92,1.0,high,,,{}
episode_rules_v9_9,Ic_805,Работа,2025-05-23 00:27:00,2025-05-24 18:09:00,1.74,1.0,high,,,{}
episode_rules_v9_9,Ic_805,Работа,2025-05-24 19:46:00,2025-05-26 11:53:00,1.67,1.0,high,,,{}
episode_rules_v9_9,Ic_805,Работа,2025-05-26 14:00:00,2025-05-28 12:31:00,1.94,1.0,high,,,{}
episode_rules_v9_9,Ic_805,Работа,2025-05-28 14:00:00,2025-05-30 11:03:00,1.88,1.0,high,,,{}
episode_rules_v9_9,Ic_805,Работа,2025-05-30 12:50:00,2025-06-01 09:27:00,1.86,1.0,high,,,{}
episode_rules_v9_9,Ic_805,Работа,2025-06-01 10:43:00,2025-06-03 09:40:00,1.96,1.0,high,,,{}
episode_rules_v9_9,Ic_805,Работа,2025-06-03 11:45:00,2025-06-05 10:11:00,1.93,1.0,high,,,{}
episode_rules_v9_9,Ic_805,Работа,2025-06-05 11:27:00,2025-06-07 10:22:00,1.95,1.0,high,,,{}
episode_rules_v9_9,Ic_805,Работа,2025-06-07 12:20:00,2025-06-09 11:13:00,1.95,1.0,high,,,{}
episode_rules_v9_9,Ic_805,Работа,2025-06-09 13:05:00,2025-06-11 15:56:00,2.12,1.0,high,,,{}
episode_rules_v9_9,Ic_805,Работа,2025-06-11 17:14:00,2025-06-14 00:09:00,2.29,1.0,high,,,{}
episode_rules_v9_9,Ic_805,Работа,2025-06-14 03:45:00,2025-06-14 05:27:00,0.07,1.0,high,,,{}
episode_rules_v9_9,Ic_805,Работа,2025-06-14 10:18:00,2025-06-14 11:32:00,0.05,1.0,high,,,{}
episode_rules_v9_9,Ic_805,Работа,2025-06-21 13:55:00,2025-06-22 00:00:00,0.42,1.0,high,,,{}
episode_rules_v9_9,Ic_805,Работа,2025-06-22 01:51:00,2025-06-22 09:15:00,0.31,1.0,high,,,{}
episode_rules_v9_9,Ic_805,Работа,2025-06-22 10:11:00,2025-06-23 00:00:00,0.58,1.0,high,,,{}
episode_rules_v9_9,Ic_805,Работа,2025-06-23 05:08:00,2025-06-23 07:39:00,0.1,1.0,high,,,{}
episode_rules_v9_9,Ic_805,Работа,2025-06-24 22:44:00,2025-06-27 22:49:00,3.0,1.0,high,,,{}
episode_rules_v9_9,Ic_805,Работа,2025-06-28 01:42:00,2025-06-29 09:19:00,1.32,1.0,high,,,{}
episode_rules_v9_9,Ic_805,Работа,2025-06-29 12:30:00,2025-06-30 22:17:00,1.41,1.0,high,,,{}
episode_rules_v9_9,Ic_805,Работа,2025-06-30 23:51:00,2025-07-03 21:40:00,2.91,1.0,high,,,{}
episode_rules_v9_9,Ic_805,Работа,2025-07-04 00:06:00,2025-07-04 12:38:00,0.52,1.0,high,,,{}
episode_rules_v9_9,Ic_805,Работа,2025-07-04 14:35:00,2025-07-05 18:45:00,1.17,1.0,high,,,{}
episode_rules_v9_9,Ic_805,Работа,2025-07-05 23:45:00,2025-07-06 23:39:00,1.0,1.0,high,,,{}
episode_rules_v9_9,Ic_805,Работа,2025-07-07 03:23:00,2025-07-08 11:50:00,1.35,1.0,high,,,{}
episode_rules_v9_9,Ic_805,Работа,2025-07-08 13:50:00,2025-07-10 00:01:00,1.42,1.0,high,,,{}
episode_rules_v9_9,Ic_805,Работа,2025-07-10 02:58:00,2025-07-11 15:00:00,1.5,1.0,high,,,{}
episode_rules_v9_9,Ic_805,Работа,2025-07-11 16:30:00,2025-07-12 23:55:00,1.31,1.0,high,,,{}
episode_rules_v9_9,Ic_805,Работа,2025-07-13 04:51:00,2025-07-14 14:04:00,1.38,1.0,high,,,{}
episode_rules_v9_9,Ic_805,Работа,2025-07-14 19:39:00,2025-07-15 20:11:00,1.02,1.0,high,,,{}
episode_rules_v9_9,Ic_805,Работа,2025-07-15 23:56:00,2025-07-17 09:21:00,1.39,1.0,high,,,{}
episode_rules_v9_9,Ic_805,Работа,2025-07-17 13:45:00,2025-07-18 11:14:00,0.9,1.0,high,,,{}
episode_rules_v9_9,Ic_805,Работа,2025-07-18 17:04:00,2025-07-19 09:51:00,0.7,1.0,high,,,{}
episode_rules_v9_9,Ic_805,Работа,2025-07-19 12:37:00,2025-07-20 12:42:00,1.0,1.0,high,,,{}
episode_rules_v9_9,Ic_805,Работа,2025-07-20 19:37:00,2025-07-21 10:51:00,0.63,1.0,high,,,{}
episode_rules_v9_9,Ic_805,Работа,2025-07-21 16:20:00,2025-07-22 09:02:00,0.7,1.0,high,,,{}
episode_rules_v9_9,Ic_805,Работа,2025-07-22 13:24:00,2025-07-23 08:34:00,0.8,1.0,high,,,{}
episode_rules_v9_9,Ic_805,Работа,2025-07-23 15:10:00,2025-07-24 14:51:00,0.99,1.0,high,,,{}
episode_rules_v9_9,Ic_805,Работа,2025-07-24 20:25:00,2025-07-25 11:53:00,0.64,1.0,high,,,{}
episode_rules_v9_9,Ic_805,Работа,2025-07-25 13:27:00,2025-07-26 09:07:00,0.82,1.0,high,,,{}
episode_rules_v9_9,Ic_805,Работа,2025-07-26 10:34:00,2025-07-27 09:10:00,0.94,1.0,high,,,{}
episode_rules_v9_9,Ic_805,Работа,2025-07-27 11:15:00,2025-07-28 09:08:00,0.91,1.0,high,,,{}
episode_rules_v9_9,Ic_805,Работа,2025-07-28 11:09:00,2025-07-29 09:09:00,0.92,1.0,high,,,{}
episode_rules_v9_9,Ic_805,Работа,2025-07-29 10:50:00,2025-07-30 09:33:00,0.95,1.0,high,,,{}
episode_rules_v9_9,Ic_805,Работа,2025-07-30 11:30:00,2025-07-31 10:08:00,0.94,1.0,high,,,{}
episode_rules_v9_9,Ic_805,Работа,2025-07-31 12:10:00,2025-08-01 11:44:00,0.98,1.0,high,,,{}
episode_rules_v9_9,Ic_805,Работа,2025-08-01 14:00:00,2025-08-02 16:27:00,1.1,1.0,high,,,{}
episode_rules_v9_9,Ic_805,Работа,2025-08-02 17:34:00,2025-08-03 21:13:00,1.15,1.0,high,,,{}
episode_rules_v9_9,Ic_805,Работа,2025-08-04 00:35:00,2025-08-04 04:29:00,0.16,1.0,high,,,{}
episode_rules_v9_9,Ic_805,Работа,2025-08-04 09:55:00,2025-08-04 14:18:00,0.18,1.0,high,,,{}
episode_rules_v9_9,Ic_805,Работа,2025-08-14 05:00:00,2025-08-15 01:05:00,0.84,1.0,high,,,{}
episode_rules_v9_9,Ic_805,Работа,2025-08-15 03:30:00,2025-08-15 21:20:00,0.74,1.0,high,,,{}
episode_rules_v9_9,Ic_805,Работа,2025-08-15 23:10:00,2025-08-16 23:30:00,1.01,1.0,high,,,{}
episode_rules_v9_9,Ic_805,Работа,2025-08-17 02:00:00,2025-08-17 21:00:00,0.79,1.0,high,,,{}
episode_rules_v9_9,Ic_805,Работа,2025-08-17 23:50:00,2025-08-19 01:15:00,1.06,1.0,high,,,{}
episode_rules_v9_9,Ic_805,Работа,2025-08-19 04:59:00,2025-08-19 20:59:00,0.67,1.0,high,,,{}
episode_rules_v9_9,Ic_805,Работа,2025-08-19 23:00:00,2025-08-20 21:23:00,0.93,1.0,high,,,{}
episode_rules_v9_9,Ic_805,Работа,2025-08-20 23:15:00,2025-08-22 00:30:00,1.05,1.0,high,,,{}
episode_rules_v9_9,Ic_805,Работа,2025-08-22 03:05:00,2025-08-22 17:57:00,0.62,1.0,high,,,{}
episode_rules_v9_9,Ic_805,Работа,2025-08-23 14:32:00,2025-08-23 15:11:00,0.03,1.0,high,,,{}
episode_rules_v9_9,Ic_805,Работа,2025-08-23 17:54:00,2025-08-23 18:23:00,0.02,1.0,high,,,{}
episode_rules_v9_9,Ic_805,Работа,2025-08-23 19:21:00,2025-08-24 22:15:00,1.12,1.0,high,,,{}
episode_rules_v9_9,Ic_805,Работа,2025-08-25 00:15:00,2025-08-26 11:55:00,1.49,1.0,high,,,{}
episode_rules_v9_9,Ic_805,Работа,2025-08-26 18:17:00,2025-08-27 21:23:00,1.13,1.0,high,,,{}
episode_rules_v9_9,Ic_805,Работа,2025-08-28 00:05:00,2025-08-28 03:41:00,0.15,1.0,high,,,{}
episode_rules_v9_9,Ic_805,Работа,2025-08-28 12:43:00,2025-08-28 13:25:00,0.03,1.0,high,,,{}
episode_rules_v9_9,Ic_805,Работа,2025-08-29 09:53:00,2025-08-29 10:31:00,0.03,1.0,high,,,{}
episode_rules_v9_9,Ic_805,Работа,2025-08-29 11:57:00,2025-08-30 08:55:00,0.87,1.0,high,,,{}
episode_rules_v9_9,Ic_805,Работа,2025-08-30 11:20:00,2025-08-31 09:15:00,0.91,1.0,high,,,{}
episode_rules_v9_9,Ic_805,Работа,2025-08-31 12:20:00,2025-09-01 14:03:00,1.07,1.0,high,,,{}
episode_rules_v9_9,Ic_805,Работа,2025-09-01 19:45:00,2025-09-02 14:05:00,0.76,1.0,high,,,{}
episode_rules_v9_9,Ic_805,Работа,2025-09-02 15:40:00,2025-09-02 22:34:00,0.29,1.0,high,,,{}
episode_rules_v9_9,Ic_805,Работа,2025-09-03 19:06:00,2025-09-04 21:15:00,1.09,1.0,high,,,{}
episode_rules_v9_9,Ic_805,Работа,2025-09-05 00:12:00,2025-09-05 20:05:00,0.83,1.0,high,,,{}
episode_rules_v9_9,Ic_805,Работа,2025-09-05 22:40:00,2025-09-06 21:40:00,0.96,1.0,high,,,{}
episode_rules_v9_9,Ic_805,Работа,2025-09-07 02:35:00,2025-09-07 20:10:00,0.73,1.0,high,,,{}
episode_rules_v9_9,Ic_805,Работа,2025-09-08 01:05:00,2025-09-08 05:01:00,0.16,1.0,high,,,{}
episode_rules_v9_9,Ic_805,Работа,2025-09-09 00:18:00,2025-09-09 20:35:00,0.85,1.0,high,,,{}
episode_rules_v9_9,Ic_805,Работа,2025-09-10 03:25:00,2025-09-11 21:40:00,1.76,1.0,high,,,{}
episode_rules_v9_9,Ic_805,Работа,2025-09-12 02:50:00,2025-09-12 21:15:00,0.77,1.0,high,,,{}
episode_rules_v9_9,Ic_805,Работа,2025-09-13 02:22:00,2025-09-13 17:44:00,0.64,1.0,high,,,{}
episode_rules_v9_9,Ic_805,Работа,2025-09-14 15:05:00,2025-09-15 21:35:00,1.27,1.0,high,,,{}
episode_rules_v9_9,Ic_805,Работа,2025-09-16 03:12:00,2025-09-16 20:44:00,0.73,1.0,high,,,{}
episode_rules_v9_9,Ic_805,Работа,2025-09-17 02:25:00,2025-09-17 21:20:00,0.79,1.0,high,,,{}
episode_rules_v9_9,Ic_805,Работа,2025-09-18 02:51:00,2025-09-18 03:36:00,0.03,1.0,high,,,{}
episode_rules_v9_9,Ic_805,Работа,2025-09-19 02:55:00,2025-09-19 20:35:00,0.74,1.0,high,,,{}
episode_rules_v9_9,Ic_805,Работа,2025-09-20 00:40:00,2025-09-20 22:35:00,0.91,1.0,high,,,{}
episode_rules_v9_9,Ic_805,Работа,2025-09-21 04:22:00,2025-09-22 02:01:00,0.9,1.0,high,,,{}
episode_rules_v9_9,Ic_805,Работа,2025-09-23 19:10:00,2025-09-24 10:00:00,0.62,1.0,high,,,{}
episode_rules_v9_9,Ic_805,Работа,2025-09-24 17:10:00,2025-09-25 08:50:00,0.65,1.0,high,,,{}
episode_rules_v9_9,Ic_805,Работа,2025-09-25 16:45:00,2025-09-26 09:15:00,0.69,1.0,high,,,{}
episode_rules_v9_9,Ic_805,Работа,2025-09-26 16:35:00,2025-09-26 19:28:00,0.12,1.0,high,,,{}
episode_rules_v9_9,Ic_805,Работа,2025-09-29 04:16:00,2025-09-29 19:10:00,0.62,1.0,high,,,{}
episode_rules_v9_9,Ic_805,Работа,2025-09-30 03:40:00,2025-09-30 14:21:00,0.45,1.0,high,,,{}
episode_rules_v9_9,Ic_805,Работа,2025-10-01 22:53:00,2025-10-01 23:54:00,0.04,1.0,high,,,{}
episode_rules_v9_9,Ic_805,Работа,2025-10-02 04:59:00,2025-10-03 03:40:00,0.95,1.0,high,,,{}
episode_rules_v9_9,Ic_805,Работа,2025-10-03 08:05:00,2025-10-04 00:45:00,0.69,1.0,high,,,{}
episode_rules_v9_9,Ic_805,Работа,2025-10-04 02:40:00,2025-10-04 05:01:00,0.1,1.0,high,,,{}
episode_rules_v9_9,Ic_805,Работа,2025-10-04 07:55:00,2025-10-05 03:15:00,0.81,1.0,high,,,{}
episode_rules_v9_9,Ic_805,Работа,2025-10-05 12:55:00,2025-10-06 01:50:00,0.54,1.0,high,,,{}
episode_rules_v9_9,Ic_805,Работа,2025-10-08 04:59:00,2025-10-08 09:45:00,0.2,1.0,high,,,{}
episode_rules_v9_9,Ic_805,Работа,2025-10-08 17:10:00,2025-10-09 10:45:00,0.73,1.0,high,,,{}
episode_rules_v9_9,Ic_805,Работа,2025-10-09 18:50:00,2025-10-10 10:00:00,0.63,1.0,high,,,{}
episode_rules_v9_9,Ic_805,Работа,2025-10-10 13:40:00,2025-10-11 08:33:00,0.79,1.0,high,,,{}
episode_rules_v9_9,Ic_805,Работа,2025-10-11 15:55:00,2025-10-12 10:05:00,0.76,1.0,high,,,{}
episode_rules_v9_9,Ic_805,Работа,2025-10-12 12:14:00,2025-10-14 16:35:00,2.18,1.0,high,,,{}
episode_rules_v9_9,Ic_805,Работа,2025-10-14 18:30:00,2025-10-15 17:43:00,0.97,1.0,high,,,{}
episode_rules_v9_9,Ic_805,Работа,2025-10-15 18:47:00,2025-10-16 12:44:00,0.75,1.0,high,,,{}
episode_rules_v9_9,Ic_805,Работа,2025-10-16 22:08:00,2025-10-18 00:10:00,1.08,1.0,high,,,{}
episode_rules_v9_9,Ic_805,Работа,2025-10-18 02:48:00,2025-10-18 21:53:00,0.8,1.0,high,,,{}
episode_rules_v9_9,Ic_805,Работа,2025-10-18 23:50:00,2025-10-19 21:45:00,0.91,1.0,high,,,{}
episode_rules_v9_9,Ic_805,Работа,2025-10-19 23:50:00,2025-10-20 19:18:00,0.81,1.0,high,,,{}
episode_rules_v9_9,Ic_805,Работа,2025-10-20 22:58:00,2025-10-21 22:15:00,0.97,1.0,high,,,{}
episode_rules_v9_9,Ic_805,Работа,2025-10-22 01:40:00,2025-10-23 01:57:00,1.01,1.0,high,,,{}
episode_rules_v9_9,Ic_805,Работа,2025-10-23 04:20:00,2025-10-24 02:05:00,0.91,1.0,high,,,{}
episode_rules_v9_9,Ic_805,Работа,2025-10-24 03:55:00,2025-10-24 04:15:00,0.01,1.0,high,,,{}
episode_rules_v9_9,Ic_805,Работа,2025-10-24 09:55:00,2025-10-25 12:05:00,1.09,1.0,high,,,{}
episode_rules_v9_9,Ic_805,Работа,2025-10-25 14:30:00,2025-10-26 11:21:00,0.87,1.0,high,,,{}
episode_rules_v9_9,Ic_805,Работа,2025-10-26 13:13:00,2025-10-27 09:35:00,0.85,1.0,high,,,{}
episode_rules_v9_9,Ic_805,Работа,2025-10-27 11:00:00,2025-10-27 17:06:00,0.25,1.0,high,,,{}
episode_rules_v9_9,Ic_805,Работа,2025-10-27 22:44:00,2025-10-28 02:17:00,0.15,1.0,high,,,{}
episode_rules_v9_9,Ic_805,Работа,2025-10-28 02:53:00,2025-10-28 21:38:00,0.78,1.0,high,,,{}
episode_rules_v9_9,Ic_805,Работа,2025-10-29 01:01:00,2025-10-29 21:40:00,0.86,1.0,high,,,{}
episode_rules_v9_9,Ic_805,Работа,2025-10-29 23:40:00,2025-10-31 00:19:00,1.03,1.0,high,,,{}
episode_rules_v9_9,Ic_805,Работа,2025-10-31 02:17:00,2025-11-01 00:45:00,0.94,1.0,high,,,{}
episode_rules_v9_9,Ic_805,Работа,2025-11-01 03:12:00,2025-11-02 01:19:00,0.92,1.0,high,,,{}
episode_rules_v9_9,Ic_805,Работа,2025-11-02 03:15:00,2025-11-03 01:58:00,0.95,1.0,high,,,{}
episode_rules_v9_9,Ic_805,Работа,2025-11-03 04:20:00,2025-11-03 17:24:00,0.54,1.0,high,,,{}
episode_rules_v9_9,Ic_805,Работа,2025-11-03 21:32:00,2025-11-04 23:05:00,1.06,1.0,high,,,{}
episode_rules_v9_9,Ic_805,Работа,2025-11-05 00:45:00,2025-11-06 05:01:00,1.18,1.0,high,,,{}
episode_rules_v9_9,Ic_805,Работа,2025-11-06 06:44:00,2025-11-07 00:41:00,0.75,1.0,high,,,{}
episode_rules_v9_9,Ic_805,Работа,2025-11-07 04:10:00,2025-11-07 21:40:00,0.73,1.0,high,,,{}
episode_rules_v9_9,Ic_805,Работа,2025-11-08 00:32:00,2025-11-08 21:32:00,0.88,1.0,high,,,{}
episode_rules_v9_9,Ic_805,Работа,2025-11-08 23:48:00,2025-11-09 21:35:00,0.91,1.0,high,,,{}
episode_rules_v9_9,Ic_805,Работа,2025-11-10 00:05:00,2025-11-10 09:33:00,0.39,1.0,high,,,{}
episode_rules_v9_9,Ic_805,Работа,2025-11-10 13:22:00,2025-11-11 22:05:00,1.36,1.0,high,,,{}
episode_rules_v9_9,Ic_805,Работа,2025-11-12 03:15:00,2025-11-12 21:20:00,0.75,1.0,high,,,{}
episode_rules_v9_9,Ic_805,Работа,2025-11-12 23:20:00,2025-11-13 21:40:00,0.93,1.0,high,,,{}
episode_rules_v9_9,Ic_805,Работа,2025-11-13 23:53:00,2025-11-14 20:15:00,0.85,1.0,high,,,{}
episode_rules_v9_9,Ic_805,Работа,2025-11-14 23:55:00,2025-11-15 07:41:00,0.32,1.0,high,,,{}
episode_rules_v9_9,Ic_805,Работа,2025-11-16 01:51:00,2025-11-16 21:30:00,0.82,1.0,high,,,{}
episode_rules_v9_9,Ic_805,Работа,2025-11-17 00:40:00,2025-11-17 21:20:00,0.86,1.0,high,,,{}
episode_rules_v9_9,Ic_805,Работа,2025-11-18 02:10:00,2025-11-18 20:10:00,0.75,1.0,high,,,{}
episode_rules_v9_9,Ic_805,Работа,2025-11-19 01:10:00,2025-11-19 20:05:00,0.79,1.0,high,,,{}
episode_rules_v9_9,Ic_805,Работа,2025-11-20 04:50:00,2025-11-20 05:11:00,0.01,1.0,high,,,{}
episode_rules_v9_9,Ic_805,Работа,2025-11-21 01:11:00,2025-11-21 10:35:00,0.39,1.0,high,,,{}
episode_rules_v9_9,Ic_805,Работа,2025-11-22 02:54:00,2025-11-22 09:35:00,0.28,1.0,high,,,{}
episode_rules_v9_9,Ic_805,Работа,2025-11-22 15:10:00,2025-11-23 05:01:00,0.58,1.0,high,,,{}
episode_rules_v9_9,Ic_805,Работа,2025-11-24 04:04:00,2025-11-24 08:01:00,0.16,1.0,high,,,{}
episode_rules_v9_9,Ic_805,Работа,2025-11-24 19:55:00,2025-11-25 20:05:00,1.01,1.0,high,,,{}
episode_rules_v9_9,Ic_805,Работа,2025-11-26 00:58:00,2025-11-27 01:07:00,1.01,1.0,high,,,{}
episode_rules_v9_9,Ic_805,Работа,2025-11-27 09:10:00,2025-11-28 14:15:00,1.21,1.0,high,,,{}
episode_rules_v9_9,Ic_805,Работа,2025-11-28 18:28:00,2025-11-30 10:43:00,1.68,1.0,high,,,{}
episode_rules_v9_9,Ic_805,Работа,2025-11-30 14:21:00,2025-11-30 14:48:00,0.02,1.0,high,,,{}
episode_rules_v9_9,Ic_805,Работа,2025-11-30 16:10:00,2025-11-30 17:06:00,0.04,1.0,high,,,{}
episode_rules_v9_9,Ic_805,Работа,2025-11-30 19:32:00,2025-12-02 05:01:00,1.4,1.0,high,,,{}
episode_rules_v9_9,Ic_805,Работа,2025-12-02 10:11:00,2025-12-03 09:05:00,0.95,1.0,high,,,{}
episode_rules_v9_9,Ic_805,Работа,2025-12-03 15:17:00,2025-12-04 05:10:00,0.58,1.0,high,,,{}
episode_rules_v9_9,Ic_805,Работа,2025-12-04 11:10:00,2025-12-05 15:50:00,1.19,1.0,high,,,{}
episode_rules_v9_9,Ic_805,Работа,2025-12-05 19:55:00,2025-12-06 09:35:00,0.57,1.0,high,,,{}
episode_rules_v9_9,Ic_805,Работа,2025-12-06 13:00:00,2025-12-07 21:55:00,1.37,1.0,high,,,{}
episode_rules_v9_9,Ic_805,Работа,2025-12-07 23:53:00,2025-12-08 02:09:00,0.09,1.0,high,,,{}
episode_rules_v9_9,Ic_805,Работа,2025-12-12 05:00:00,2025-12-13 00:03:00,0.79,1.0,high,,,{}
episode_rules_v9_9,Ic_805,Работа,2025-12-13 06:27:00,2025-12-14 00:01:00,0.73,1.0,high,,,{}
episode_rules_v9_9,Ic_805,Работа,2025-12-14 05:32:00,2025-12-14 11:48:00,0.26,1.0,high,,,{}
episode_rules_v9_9,Ic_805,Работа,2025-12-14 21:47:00,2025-12-15 20:35:00,0.95,1.0,high,,,{}
episode_rules_v9_9,Ic_805,Работа,2025-12-16 04:47:00,2025-12-16 20:40:00,0.66,1.0,high,,,{}
episode_rules_v9_9,Ic_805,Работа,2025-12-17 04:59:00,2025-12-17 19:34:00,0.61,1.0,high,,,{}
episode_rules_v9_9,Ic_805,Работа,2025-12-18 04:59:00,2025-12-18 20:40:00,0.65,1.0,high,,,{}
episode_rules_v9_9,Ic_805,Работа,2025-12-19 04:34:00,2025-12-20 01:25:00,0.87,1.0,high,,,{}
episode_rules_v9_9,Ic_805,Работа,2025-12-20 06:45:00,2025-12-21 04:23:00,0.9,1.0,high,,,{}
episode_rules_v9_9,Ic_805,Работа,2025-12-21 09:49:00,2025-12-22 11:06:00,1.05,1.0,high,,,{}
episode_rules_v9_9,Ic_805,Работа,2025-12-22 12:12:00,2025-12-22 12:44:00,0.02,1.0,high,,,{}
episode_rules_v9_9,Ic_805,Работа,2025-12-22 13:42:00,2025-12-22 16:35:00,0.12,1.0,high,,,{}
episode_rules_v9_9,Ic_805,Работа,2025-12-22 19:32:00,2025-12-23 21:32:00,1.08,1.0,high,,,{}
episode_rules_v9_9,Ic_805,Работа,2025-12-23 22:22:00,2025-12-23 23:31:00,0.05,1.0,high,,,{}
episode_rules_v9_9,Ic_805,Работа,2025-12-24 01:34:00,2025-12-24 22:41:00,0.88,1.0,high,,,{}
episode_rules_v9_9,Ic_805,Работа,2025-12-25 03:35:00,2025-12-25 17:21:00,0.57,1.0,high,,,{}
episode_rules_v9_9,Ic_805,Работа,2025-12-25 23:51:00,2025-12-26 21:31:00,0.9,1.0,high,,,{}
episode_rules_v9_9,Ic_805,Работа,2025-12-27 02:20:00,2025-12-28 03:00:00,1.03,1.0,high,,,{}
episode_rules_v9_9,Ic_805,Работа,2025-12-28 06:50:00,2025-12-29 12:04:00,1.22,1.0,high,,,{}
episode_rules_v9_9,Ic_805,Работа,2025-12-29 15:53:00,2025-12-29 16:28:00,0.02,1.0,high,,,{}
episode_rules_v9_9,Ic_805,Работа,2025-12-29 18:58:00,2025-12-29 22:46:00,0.16,1.0,high,,,{}
episode_rules_v9_9,Ic_805,Работа,2025-12-30 07:05:00,2025-12-30 07:16:00,0.01,1.0,high,,,{}
episode_rules_v9_9,Ic_805,Работа,2025-12-30 09:20:00,2025-12-31 09:58:00,1.03,1.0,high,,,{}
episode_rules_v9_9,Ic_805,Работа,2025-12-31 12:34:00,2026-01-01 10:49:00,0.93,1.0,high,,,{}
episode_rules_v9_9,Ic_805,Работа,2026-01-01 13:41:00,2026-01-02 10:23:00,0.86,1.0,high,,,{}
episode_rules_v9_9,Ic_805,Работа,2026-01-02 15:12:00,2026-01-03 09:13:00,0.75,1.0,high,,,{}
episode_rules_v9_9,Ic_805,Работа,2026-01-03 12:30:00,2026-01-04 08:26:00,0.83,1.0,high,,,{}
episode_rules_v9_9,Ic_805,Работа,2026-01-05 04:43:00,2026-01-05 05:29:00,0.03,1.0,high,,,{}
episode_rules_v9_9,Ic_805,Работа,2026-01-05 07:34:00,2026-01-05 09:45:00,0.09,1.0,high,,,{}
episode_rules_v9_9,Ic_805,Работа,2026-01-05 10:35:00,2026-01-06 09:51:00,0.97,1.0,high,,,{}
episode_rules_v9_9,Ic_805,Работа,2026-01-06 13:51:00,2026-01-07 09:16:00,0.81,1.0,high,,,{}
episode_rules_v9_9,Ic_805,Работа,2026-01-07 12:11:00,2026-01-08 10:27:00,0.93,1.0,high,,,{}
episode_rules_v9_9,Ic_805,Работа,2026-01-08 12:59:00,2026-01-09 10:14:00,0.89,1.0,high,,,{}
episode_rules_v9_9,Ic_805,Работа,2026-01-09 15:14:00,2026-01-10 09:26:00,0.76,1.0,high,,,{}
episode_rules_v9_9,Ic_805,Работа,2026-01-10 11:56:00,2026-01-11 09:19:00,0.89,1.0,high,,,{}
episode_rules_v9_9,Ic_805,Работа,2026-01-11 12:15:00,2026-01-11 12:57:00,0.03,1.0,high,,,{}
episode_rules_v9_9,Ic_805,Работа,2026-01-11 13:43:00,2026-01-12 09:27:00,0.82,1.0,high,,,{}
episode_rules_v9_9,Ic_805,Работа,2026-01-12 12:11:00,2026-01-13 09:36:00,0.89,1.0,high,,,{}
episode_rules_v9_9,Ic_805,Работа,2026-01-13 14:10:00,2026-01-14 09:36:00,0.81,1.0,high,,,{}
episode_rules_v9_9,Ic_805,Работа,2026-01-14 13:22:00,2026-01-15 09:24:00,0.83,1.0,high,,,{}
episode_rules_v9_9,Ic_805,Работа,2026-01-15 12:16:00,2026-01-16 10:55:00,0.94,1.0,high,,,{}
episode_rules_v9_9,Ic_805,Работа,2026-01-16 17:40:00,2026-01-17 09:53:00,0.68,1.0,high,,,{}
episode_rules_v9_9,Ic_805,Работа,2026-01-17 13:32:00,2026-01-18 09:56:00,0.85,1.0,high,,,{}
episode_rules_v9_9,Ic_805,Работа,2026-01-18 13:15:00,2026-01-19 10:17:00,0.88,1.0,high,,,{}
episode_rules_v9_9,Ic_805,Работа,2026-01-19 13:04:00,2026-01-19 13:46:00,0.03,1.0,high,,,{}
episode_rules_v9_9,Ic_805,Работа,2026-01-19 17:03:00,2026-01-20 16:35:00,0.98,1.0,high,,,{}
episode_rules_v9_9,Ic_805,Работа,2026-01-20 19:41:00,2026-01-21 17:15:00,0.9,1.0,high,,,{}
episode_rules_v9_9,Ic_805,Работа,2026-01-21 19:51:00,2026-01-22 17:15:00,0.89,1.0,high,,,{}
episode_rules_v9_9,Ic_805,Работа,2026-01-22 19:33:00,2026-01-23 16:44:00,0.88,1.0,high,,,{}
episode_rules_v9_9,Ic_805,Работа,2026-01-23 19:11:00,2026-01-24 17:08:00,0.91,1.0,high,,,{}
episode_rules_v9_9,Ic_805,Работа,2026-01-24 20:10:00,2026-01-25 17:55:00,0.91,1.0,high,,,{}
episode_rules_v9_9,Ic_805,Работа,2026-01-25 19:54:00,2026-01-26 11:32:00,0.65,1.0,high,,,{}
episode_rules_v9_9,Ic_805,Работа,2026-01-26 15:40:00,2026-01-27 22:18:00,1.28,1.0,high,,,{}
episode_rules_v9_9,Ic_805,Работа,2026-01-28 00:58:00,2026-01-28 11:10:00,0.42,1.0,high,,,{}
episode_rules_v9_9,Ic_805,Работа,2026-01-28 13:12:00,2026-01-29 14:58:00,1.07,1.0,high,,,{}
episode_rules_v9_9,Ic_805,Работа,2026-01-29 17:01:00,2026-01-30 14:41:00,0.9,1.0,high,,,{}
episode_rules_v9_9,Ic_805,Работа,2026-01-30 18:03:00,2026-01-31 14:45:00,0.86,1.0,high,,,{}
episode_rules_v9_9,Ic_805,Работа,2026-01-31 17:07:00,2026-01-31 17:41:00,0.02,1.0,high,,,{}
episode_rules_v9_9,Ic_805,Работа,2026-01-31 18:27:00,2026-02-01 16:51:00,0.93,1.0,high,,,{}
episode_rules_v9_9,Ic_805,Работа,2026-02-01 19:22:00,2026-02-01 19:57:00,0.02,1.0,high,,,{}
episode_rules_v9_9,Ic_805,Работа,2026-02-01 21:16:00,2026-02-02 10:07:00,0.54,1.0,high,,,{}
episode_rules_v9_9,Ic_805,Работа,2026-02-02 14:55:00,2026-02-03 15:51:00,1.04,1.0,high,,,{}
episode_rules_v9_9,Ic_805,Работа,2026-02-03 19:39:00,2026-02-04 16:21:00,0.86,1.0,high,,,{}
episode_rules_v9_9,Ic_805,Работа,2026-02-04 19:59:00,2026-02-05 10:54:00,0.62,1.0,high,,,{}
episode_rules_v9_9,Ic_805,Работа,2026-02-05 16:00:00,2026-02-06 16:05:00,1.0,1.0,high,,,{}
episode_rules_v9_9,Ic_805,Работа,2026-02-06 19:52:00,2026-02-07 16:08:00,0.84,1.0,high,,,{}
episode_rules_v9_9,Ic_805,Работа,2026-02-07 21:23:00,2026-02-08 12:54:00,0.65,1.0,high,,,{}
episode_rules_v9_9,Ic_805,Работа,2026-02-08 15:11:00,2026-02-09 08:50:00,0.74,1.0,high,,,{}
episode_rules_v9_9,Ic_805,Работа,2026-02-09 14:35:00,2026-02-10 16:13:00,1.07,1.0,high,,,{}
episode_rules_v9_9,Ic_805,Работа,2026-02-10 19:02:00,2026-02-11 14:47:00,0.82,1.0,high,,,{}
episode_rules_v9_9,Ic_805,Работа,2026-02-11 18:43:00,2026-02-12 16:01:00,0.89,1.0,high,,,{}
episode_rules_v9_9,Ic_805,Работа,2026-02-12 19:55:00,2026-02-13 14:32:00,0.78,1.0,high,,,{}
episode_rules_v9_9,Ic_805,Работа,2026-02-13 18:08:00,2026-02-14 15:35:00,0.89,1.0,high,,,{}
episode_rules_v9_9,Ic_805,Работа,2026-02-14 23:00:00,2026-02-15 22:17:00,0.97,1.0,high,,,{}
episode_rules_v9_9,Ic_805,Работа,2026-02-16 01:26:00,2026-02-16 16:02:00,0.61,1.0,high,,,{}
episode_rules_v9_9,Ic_805,Работа,2026-02-16 19:58:00,2026-02-17 15:43:00,0.82,1.0,high,,,{}
episode_rules_v9_9,Ic_805,Работа,2026-02-17 19:53:00,2026-02-18 08:45:00,0.54,1.0,high,,,{}
episode_rules_v9_9,Ic_805,Работа,2026-02-18 12:56:00,2026-02-19 09:32:00,0.86,1.0,high,,,{}
episode_rules_v9_9,Ic_805,Работа,2026-02-19 13:45:00,2026-02-20 09:55:00,0.84,1.0,high,,,{}
episode_rules_v9_9,Ic_805,Работа,2026-02-20 12:25:00,2026-02-21 10:10:00,0.91,1.0,high,,,{}
episode_rules_v9_9,Ic_805,Работа,2026-02-21 12:39:00,2026-02-22 09:39:00,0.88,1.0,high,,,{}
episode_rules_v9_9,Ic_805,Работа,2026-02-22 12:52:00,2026-02-22 23:45:00,0.45,1.0,high,,,{}
episode_rules_v9_9,Ic_805,Работа,2026-02-23 00:01:00,2026-02-24 09:53:00,1.41,1.0,high,,,{}
episode_rules_v9_9,Ic_805,Работа,2026-02-24 12:52:00,2026-02-25 09:42:00,0.87,1.0,high,,,{}
episode_rules_v9_9,Ic_805,Работа,2026-02-25 13:49:00,2026-02-25 14:25:00,0.03,1.0,high,,,{}
episode_rules_v9_9,Ic_805,Работа,2026-02-25 15:49:00,2026-02-26 08:24:00,0.69,1.0,high,,,{}
episode_rules_v9_9,Ic_805,Работа,2026-02-26 14:57:00,2026-02-27 13:41:00,0.95,1.0,high,,,{}
episode_rules_v9_9,Ic_805,Работа,2026-02-27 19:08:00,2026-02-28 09:05:00,0.58,1.0,high,,,{}
episode_rules_v9_9,Ic_805,Работа,2026-02-28 14:01:00,2026-03-01 07:45:00,0.74,1.0,high,,,{}
episode_rules_v9_9,Ic_805,Работа,2026-03-01 15:30:00,2026-03-02 10:17:00,0.78,1.0,high,,,{}
episode_rules_v9_9,Ic_805,Работа,2026-03-02 13:44:00,2026-03-03 07:05:00,0.72,1.0,high,,,{}
episode_rules_v9_9,Ic_805,Работа,2026-03-03 14:35:00,2026-03-04 09:21:00,0.78,1.0,high,,,{}
episode_rules_v9_9,Ic_805,Работа,2026-03-04 13:26:00,2026-03-05 06:58:00,0.73,1.0,high,,,{}
episode_rules_v9_9,Ic_805,Работа,2026-03-05 15:06:00,2026-03-06 09:24:00,0.76,1.0,high,,,{}
episode_rules_v9_9,Ic_805,Работа,2026-03-06 12:25:00,2026-03-07 09:28:00,0.88,1.0,high,,,{}
episode_rules_v9_9,Ic_805,Работа,2026-03-07 13:10:00,2026-03-08 10:10:00,0.88,1.0,high,,,{}
episode_rules_v9_9,Ic_805,Работа,2026-03-08 13:58:00,2026-03-09 10:24:00,0.85,1.0,high,,,{}
episode_rules_v9_9,Ic_805,Работа,2026-03-09 13:08:00,2026-03-09 13:44:00,0.03,1.0,high,,,{}
episode_rules_v9_9,Ic_805,Работа,2026-03-09 14:59:00,2026-03-10 10:59:00,0.83,1.0,high,,,{}
episode_rules_v9_9,Ic_805,Работа,2026-03-10 14:18:00,2026-03-11 10:11:00,0.83,1.0,high,,,{}
episode_rules_v9_9,Ic_805,Работа,2026-03-11 13:54:00,2026-03-12 09:58:00,0.84,1.0,high,,,{}
episode_rules_v9_9,Ic_805,Работа,2026-03-12 13:34:00,2026-03-13 10:07:00,0.86,1.0,high,,,{}
episode_rules_v9_9,Ic_805,Работа,2026-03-13 13:22:00,2026-03-14 09:29:00,0.84,1.0,high,,,{}
episode_rules_v9_9,Ic_805,Работа,2026-03-14 15:17:00,2026-03-14 16:28:00,0.05,1.0,high,,,{}
episode_rules_v9_9,Ic_805,Работа,2026-03-14 20:02:00,2026-03-14 21:02:00,0.04,1.0,high,,,{}
episode_rules_v9_9,Ic_805,Работа,2026-03-15 06:44:00,2026-03-16 10:48:00,1.17,1.0,high,,,{}
episode_rules_v9_9,Ic_805,Работа,2026-03-16 16:28:00,2026-03-17 09:13:00,0.7,1.0,high,,,{}
episode_rules_v9_9,Ic_805,Работа,2026-03-17 12:59:00,2026-03-18 09:12:00,0.84,1.0,high,,,{}
episode_rules_v9_9,Ic_805,Работа,2026-03-18 14:15:00,2026-03-19 10:40:00,0.85,1.0,high,,,{}
episode_rules_v9_9,Ic_805,Работа,2026-03-19 14:05:00,2026-03-20 09:58:00,0.83,1.0,high,,,{}
episode_rules_v9_9,Ic_805,Работа,2026-03-20 12:46:00,2026-03-21 10:46:00,0.92,1.0,high,,,{}
episode_rules_v9_9,Ic_805,Работа,2026-03-21 13:56:00,2026-03-22 09:10:00,0.8,1.0,high,,,{}
episode_rules_v9_9,Ic_805,Работа,2026-03-22 14:31:00,2026-03-23 10:53:00,0.85,1.0,high,,,{}
episode_rules_v9_9,Ic_805,Работа,2026-03-23 17:11:00,2026-03-24 11:00:00,0.74,1.0,high,,,{}
episode_rules_v9_9,Ic_805,Работа,2026-03-24 14:18:00,2026-03-25 09:18:00,0.79,1.0,high,,,{}
episode_rules_v9_9,Ic_805,Работа,2026-03-25 13:25:00,2026-03-26 09:56:00,0.85,1.0,high,,,{}
episode_rules_v9_9,Ic_805,Работа,2026-03-26 14:36:00,2026-03-27 10:02:00,0.81,1.0,high,,,{}
episode_rules_v9_9,Ic_805,Работа,2026-03-27 14:07:00,2026-03-27 14:44:00,0.03,1.0,high,,,{}
episode_rules_v9_9,Ic_805,Работа,2026-03-27 16:21:00,2026-03-28 11:04:00,0.78,1.0,high,,,{}
episode_rules_v9_9,Ic_805,Работа,2026-03-28 16:30:00,2026-03-29 10:07:00,0.73,1.0,high,,,{}
episode_rules_v9_9,Ic_805,Работа,2026-03-29 13:36:00,2026-03-30 11:35:00,0.92,1.0,high,,,{}
episode_rules_v9_9,Ic_805,Работа,2026-03-30 14:52:00,2026-03-30 19:56:00,0.21,1.0,high,,,{}
episode_rules_v9_9,Ic_805,Работа,2026-03-31 05:48:00,2026-03-31 06:42:00,0.04,1.0,high,,,{}
episode_rules_v9_9,Ic_805,Работа,2026-03-31 10:45:00,2026-03-31 18:34:00,0.33,1.0,high,,,{}
episode_rules_v9_9,Ic_805,Работа,2026-04-01 05:16:00,2026-04-01 05:42:00,0.02,1.0,high,,,{}
episode_rules_v9_9,Ic_805,Работа,2026-04-01 08:19:00,2026-04-01 12:33:00,0.18,1.0,high,,,{}
episode_rules_v9_9,Ic_805,Работа,2026-04-13 21:22:00,2026-04-14 05:00:00,0.32,1.0,high,,,{}
episode_rules_v9_9,Ic_805,Работа,2026-04-15 05:00:00,2026-04-19 14:40:00,4.4,1.0,high,,,{}
episode_rules_v9_9,Ic_805,Работа,2026-04-19 18:45:00,2026-04-20 13:17:00,0.77,1.0,high,,,{}
episode_rules_v9_9,Ic_805,Работа,2026-04-20 18:20:00,2026-04-21 15:30:00,0.88,1.0,high,,,{}
episode_rules_v9_9,Ic_805,Работа,2026-04-21 20:07:00,2026-04-22 11:43:00,0.65,1.0,high,,,{}
episode_rules_v9_9,Ic_805,Работа,2026-04-22 14:48:00,2026-04-23 09:32:00,0.78,1.0,high,,,{}
episode_rules_v9_9,Ic_805,Работа,2026-04-23 10:47:00,2026-04-24 15:05:00,1.18,1.0,high,,,{}
episode_rules_v9_9,Ic_805,Работа,2026-04-24 19:15:00,2026-04-25 11:51:00,0.69,1.0,high,,,{}
episode_rules_v9_9,Ic_805,Работа,2026-04-25 15:58:00,2026-04-26 09:31:00,0.73,1.0,high,,,{}
episode_rules_v9_9,Ic_805,Работа,2026-04-26 14:22:00,2026-04-27 05:40:00,0.64,1.0,high,,,{}
episode_rules_v9_9,Ic_805,Работа,2026-04-27 10:59:00,2026-04-28 00:00:00,0.54,1.0,high,,,{}
episode_rules_v9_9,Ic_805,Работа,2026-04-28 19:23:00,2026-04-29 09:40:00,0.6,1.0,high,,,{}
episode_rules_v9_9,Ic_805,Работа,2026-04-29 14:24:00,2026-04-30 09:47:00,0.81,1.0,high,,,{}
episode_rules_v9_9,Ic_805,Работа,2026-04-30 11:28:00,2026-05-01 14:29:00,1.13,1.0,high,,,{}
episode_rules_v9_9,Ic_805,Работа,2026-05-01 17:01:00,2026-05-01 20:44:00,0.15,1.0,high,,,{}
episode_rules_v9_9,Ic_805,Рост Кпрод,2025-04-30 00:00:00,2025-06-14 00:00:00,45.0,1.0,high,,,{}
episode_rules_v9_9,Ic_805,Снижение Кпрод,2025-01-02 00:00:00,2025-01-11 23:00:00,9.96,0.75,high,,,"{'ql_confirms': None, 'ql_opz': True}"
episode_rules_v9_9,Ic_805,Снижение Кпрод,2025-02-06 00:00:00,2025-04-07 00:00:00,60.0,1.0,high,,,"{'ql_confirms': np.True_, 'ql_opz': True}"
episode_rules_v9_9,Ic_805,Снижение Кпрод,2025-04-07 00:00:00,2025-04-12 23:00:00,5.96,0.75,high,,,"{'ql_confirms': None, 'ql_opz': True}"
episode_rules_v9_9,Ic_805,Снижение Кпрод,2025-07-05 00:00:00,2025-07-09 23:00:00,4.96,0.75,high,,,"{'ql_confirms': None, 'ql_opz': True}"
episode_rules_v9_9,Ic_805,Снижение Кпрод,2025-07-17 00:00:00,2025-07-23 23:00:00,6.96,0.75,high,,,"{'ql_confirms': None, 'ql_opz': True}"
episode_rules_v9_9,Ic_805,Снижение Кпрод,2025-08-18 00:00:00,2025-09-30 23:00:00,43.96,1.0,high,,,"{'ql_confirms': np.True_, 'ql_opz': True}"
episode_rules_v9_9,Ic_805,Снижение Кпрод,2025-10-06 00:00:00,2025-10-10 23:00:00,4.96,0.75,high,,,"{'ql_confirms': None, 'ql_opz': True}"
episode_rules_v9_9,Ic_805,Снижение Кпрод,2025-10-15 00:00:00,2025-11-11 23:00:00,27.96,0.75,high,,,"{'ql_confirms': None, 'ql_opz': True}"
episode_rules_v9_9,Ic_805,Снижение Кпрод,2025-12-03 00:00:00,2025-12-05 23:00:00,2.96,0.75,high,,,"{'ql_confirms': None, 'ql_opz': True}"
episode_rules_v9_9,Ic_805,Снижение Кпрод,2025-12-17 00:00:00,2025-12-26 23:00:00,9.96,0.75,high,,,"{'ql_confirms': None, 'ql_opz': True}"
episode_rules_v9_9,Ic_805,Снижение Кпрод,2026-01-02 00:00:00,2026-01-15 23:00:00,13.96,0.75,high,,,"{'ql_confirms': None, 'ql_opz': True}"
episode_rules_v9_9,Ic_805,Снижение Кпрод,2026-02-01 00:00:00,2026-02-01 23:00:00,0.96,0.75,high,,,"{'ql_confirms': None, 'ql_opz': True}"
episode_rules_v9_9,Ic_805,Снижение Кпрод,2026-02-13 00:00:00,2026-02-22 23:00:00,9.96,0.75,high,,,"{'ql_confirms': None, 'ql_opz': True}"
episode_rules_v9_9,Ic_805,Снижение Кпрод,2026-03-13 00:00:00,2026-03-30 23:00:00,17.96,0.75,high,,,"{'ql_confirms': None, 'ql_opz': True}"
episode_rules_v9_9,Ic_805,Снижение Кпрод,2026-04-18 00:00:00,2026-04-30 23:00:00,12.96,0.25,medium,,,"{'ql_confirms': None, 'ql_opz': False}"
episode_rules_v9_9,Ic_805,Снижение Рпл,2025-02-05 08:24:00,2025-02-11 17:12:00,6.37,0.5,low,НУР,0.204,"{'freq_stable': np.True_, 'ip_gradual': np.False_, 'ql_declining': None}"
episode_rules_v9_9,Ic_805,Снижение Рпл,2025-06-22 10:47:00,2026-02-18 07:38:00,240.87,0.333,low,НУР,0.429,"{'freq_stable': np.False_, 'ip_gradual': np.True_, 'ql_declining': np.False_}"
episode_rules_v9_9,Ic_805,Снижение Рпл,2026-04-21 14:30:00,2026-05-01 07:03:30,9.69,0.833,low,НУР,0.269,"{'freq_stable': np.True_, 'ip_gradual': np.True_, 'ql_declining': None}"
episode_rules_v9_9,Ic_805,УВЧ,2025-04-14 00:00:00,2025-04-18 23:00:00,4.96,0.5,medium,,,"{'freq_net_ok': None, 'freq_trend_up': None, 'ql_rises': None}"
episode_rules_v9_9,Ic_805,УВЧ,2025-05-01 00:00:00,2025-05-19 23:00:00,18.96,1.0,high,,,"{'freq_net_ok': np.True_, 'freq_trend_up': True, 'ql_rises': True}"
episode_rules_v9_9,Ic_805,УВЧ,2025-05-21 00:00:00,2025-06-16 23:00:00,26.96,0.167,low,,,"{'freq_net_ok': np.False_, 'freq_trend_up': False, 'ql_rises': None}"
episode_rules_v9_9,Ic_805,УВЧ,2025-07-01 00:00:00,2025-08-11 23:00:00,41.96,0.0,low,,,"{'freq_net_ok': np.False_, 'freq_trend_up': False, 'ql_rises': False}"
episode_rules_v9_9,Ic_805,УВЧ,2025-09-14 00:00:00,2025-10-01 23:00:00,17.96,0.833,medium,,,"{'freq_net_ok': np.True_, 'freq_trend_up': True, 'ql_rises': None}"
episode_rules_v9_9,Ic_805,УВЧ,2025-10-30 00:00:00,2025-12-07 23:00:00,38.96,0.5,low,,,"{'freq_net_ok': np.True_, 'freq_trend_up': False, 'ql_rises': None}"
episode_rules_v9_9,Ic_805,УВЧ,2026-01-22 00:00:00,2026-01-30 23:00:00,8.96,0.167,low,,,"{'freq_net_ok': np.False_, 'freq_trend_up': False, 'ql_rises': None}"
episode_rules_v9_9,Ic_805,УВЧ,2026-03-17 00:00:00,2026-03-30 23:00:00,13.96,0.167,low,,,"{'freq_net_ok': np.False_, 'freq_trend_up': False, 'ql_rises': None}"
episode_rules_v9_9,Ic_914,ГДИ,2025-09-10 18:28:00,2025-09-25 19:19:00,15.04,0.5,medium,,,"{'ip_kvd_rising': np.True_, 'ql_zero': np.False_}"
episode_rules_v9_9,Ic_914,ГДИ,2025-09-27 00:00:00,2025-10-03 02:13:00,6.09,1.0,high,,,"{'ip_kvd_rising': np.True_, 'ql_zero': True}"
episode_rules_v9_9,Ic_914,ГДИ,2025-11-05 23:48:00,2025-12-03 17:59:00,27.76,1.0,high,,,"{'ip_kvd_rising': np.True_, 'ql_zero': True}"
episode_rules_v9_9,Ic_914,ГДИ,2026-02-21 11:20:00,2026-02-23 22:08:00,2.45,1.0,high,,,"{'ip_kvd_rising': np.True_, 'ql_zero': True}"
episode_rules_v9_9,Ic_914,НУР,2025-07-18 00:00:00,2025-07-20 23:00:00,2.96,0.833,low,Снижение Рпл,0.5,"{'ip_no_spike': np.True_, 'ip_smooth': True, 'ql_recovers': None}"
episode_rules_v9_9,Ic_914,НУР,2025-08-09 00:00:00,2025-08-13 23:00:00,4.96,0.667,medium,НУР,0.512,"{'ip_no_spike': np.True_, 'ip_smooth': True, 'ql_recovers': False}"
episode_rules_v9_9,Ic_914,НУР,2025-08-19 00:00:00,2025-08-22 23:00:00,3.96,0.333,low,НУР,0.392,"{'ip_no_spike': np.False_, 'ip_smooth': True, 'ql_recovers': False}"
episode_rules_v9_9,Ic_914,НУР,2025-09-26 00:00:00,2025-10-14 23:00:00,18.96,0.833,medium,НУР,0.335,"{'ip_no_spike': np.True_, 'ip_smooth': True, 'ql_recovers': None}"
episode_rules_v9_9,Ic_914,НУР,2025-10-18 00:00:00,2025-10-22 23:00:00,4.96,0.833,medium,НУР,0.588,"{'ip_no_spike': np.True_, 'ip_smooth': True, 'ql_recovers': None}"
episode_rules_v9_9,Ic_914,НУР,2025-10-27 00:00:00,2025-10-28 23:00:00,1.96,0.5,medium,НУР,0.094,"{'ip_no_spike': None, 'ip_smooth': None, 'ql_recovers': None}"
episode_rules_v9_9,Ic_914,НУР,2025-12-04 00:00:00,2025-12-12 23:00:00,8.96,1.0,high,НУР,0.543,"{'ip_no_spike': np.True_, 'ip_smooth': True, 'ql_recovers': True}"
episode_rules_v9_9,Ic_914,НУР,2026-01-01 00:00:00,2026-01-07 23:00:00,6.96,1.0,high,НУР,0.783,"{'ip_no_spike': np.True_, 'ip_smooth': True, 'ql_recovers': True}"
episode_rules_v9_9,Ic_914,НУР,2026-01-09 00:00:00,2026-01-13 23:00:00,4.96,0.667,medium,НУР,0.349,"{'ip_no_spike': np.True_, 'ip_smooth': True, 'ql_recovers': False}"
episode_rules_v9_9,Ic_914,НУР,2026-01-17 00:00:00,2026-03-09 23:00:00,51.96,0.5,low,НУР,0.43,"{'ip_no_spike': np.False_, 'ip_smooth': True, 'ql_recovers': None}"
episode_rules_v9_9,Ic_914,НУР,2026-03-27 00:00:00,2026-03-31 23:00:00,4.96,0.833,medium,НУР,0.507,"{'ip_no_spike': np.True_, 'ip_smooth': True, 'ql_recovers': None}"
episode_rules_v9_9,Ic_914,НУР,2026-04-27 00:00:00,2026-05-01 23:00:00,4.96,0.5,low,НУР,0.393,"{'ip_no_spike': np.False_, 'ip_smooth': True, 'ql_recovers': None}"
episode_rules_v9_9,Ic_914,Осложнённый фонд,2025-10-23 00:00:00,2026-04-19 23:00:00,178.96,1.0,high,,,{}
episode_rules_v9_9,Ic_914,Остановка,2025-01-01 00:00:00,2025-07-18 05:00:00,198.21,1.0,high,,,{}
episode_rules_v9_9,Ic_914,Остановка,2025-07-19 21:50:00,2025-07-20 01:23:00,0.15,1.0,high,,,{}
episode_rules_v9_9,Ic_914,Остановка,2025-07-21 01:17:00,2025-07-21 08:59:00,0.32,1.0,high,,,{}
episode_rules_v9_9,Ic_914,Остановка,2025-07-21 23:54:00,2025-07-22 04:59:00,0.21,1.0,high,,,{}
episode_rules_v9_9,Ic_914,Остановка,2025-07-23 03:46:00,2025-07-23 09:00:00,0.22,1.0,high,,,{}
episode_rules_v9_9,Ic_914,Остановка,2025-07-24 03:02:00,2025-07-24 08:18:00,0.22,1.0,high,,,{}
episode_rules_v9_9,Ic_914,Остановка,2025-07-25 00:05:00,2025-07-25 03:19:00,0.13,1.0,high,,,{}
episode_rules_v9_9,Ic_914,Остановка,2025-07-25 09:32:00,2025-07-25 13:32:00,0.17,1.0,high,,,{}
episode_rules_v9_9,Ic_914,Остановка,2025-07-26 11:24:00,2025-07-26 14:46:00,0.14,1.0,high,,,{}
episode_rules_v9_9,Ic_914,Остановка,2025-07-27 15:29:00,2025-07-27 18:53:00,0.14,1.0,high,,,{}
episode_rules_v9_9,Ic_914,Остановка,2025-07-28 11:54:00,2025-07-28 15:41:00,0.16,1.0,high,,,{}
episode_rules_v9_9,Ic_914,Остановка,2025-07-29 15:03:00,2025-07-29 18:59:00,0.16,1.0,high,,,{}
episode_rules_v9_9,Ic_914,Остановка,2025-07-30 21:17:00,2025-07-31 00:34:00,0.14,1.0,high,,,{}
episode_rules_v9_9,Ic_914,Остановка,2025-08-01 00:09:00,2025-08-01 03:16:00,0.13,1.0,high,,,{}
episode_rules_v9_9,Ic_914,Остановка,2025-08-02 05:36:00,2025-08-02 08:57:00,0.14,1.0,high,,,{}
episode_rules_v9_9,Ic_914,Остановка,2025-08-03 10:41:00,2025-08-03 14:03:00,0.14,1.0,high,,,{}
episode_rules_v9_9,Ic_914,Остановка,2025-08-04 12:03:00,2025-08-04 15:26:00,0.14,1.0,high,,,{}
episode_rules_v9_9,Ic_914,Остановка,2025-08-05 10:25:00,2025-08-05 12:30:00,0.09,1.0,high,,,{}
episode_rules_v9_9,Ic_914,Остановка,2025-08-06 09:34:00,2025-08-06 13:20:00,0.16,1.0,high,,,{}
episode_rules_v9_9,Ic_914,Остановка,2025-08-07 11:41:00,2025-08-07 18:49:00,0.3,1.0,high,,,{}
episode_rules_v9_9,Ic_914,Остановка,2025-08-08 15:49:00,2025-08-08 19:39:00,0.16,1.0,high,,,{}
episode_rules_v9_9,Ic_914,Остановка,2025-08-09 12:15:00,2025-08-09 17:16:00,0.21,1.0,high,,,{}
episode_rules_v9_9,Ic_914,Остановка,2025-08-10 21:50:00,2025-08-11 01:10:00,0.14,1.0,high,,,{}
episode_rules_v9_9,Ic_914,Остановка,2025-08-12 03:39:00,2025-08-12 06:50:00,0.13,1.0,high,,,{}
episode_rules_v9_9,Ic_914,Остановка,2025-08-13 15:34:00,2025-08-13 19:28:00,0.16,1.0,high,,,{}
episode_rules_v9_9,Ic_914,Остановка,2025-08-14 15:50:00,2025-08-14 19:13:00,0.14,1.0,high,,,{}
episode_rules_v9_9,Ic_914,Остановка,2025-08-15 10:56:00,2025-08-15 14:58:00,0.17,1.0,high,,,{}
episode_rules_v9_9,Ic_914,Остановка,2025-08-16 15:58:00,2025-08-16 20:18:00,0.18,1.0,high,,,{}
episode_rules_v9_9,Ic_914,Остановка,2025-08-17 16:33:00,2025-08-17 21:11:00,0.19,1.0,high,,,{}
episode_rules_v9_9,Ic_914,Остановка,2025-08-18 16:03:00,2025-08-18 22:22:00,0.26,1.0,high,,,{}
episode_rules_v9_9,Ic_914,Остановка,2025-08-19 09:57:00,2025-08-19 15:14:00,0.22,1.0,high,,,{}
episode_rules_v9_9,Ic_914,Остановка,2025-08-21 00:25:00,2025-08-21 04:18:00,0.16,1.0,high,,,{}
episode_rules_v9_9,Ic_914,Остановка,2025-08-21 21:55:00,2025-08-22 00:36:00,0.11,1.0,high,,,{}
episode_rules_v9_9,Ic_914,Остановка,2025-08-23 03:32:00,2025-08-23 07:37:00,0.17,1.0,high,,,{}
episode_rules_v9_9,Ic_914,Остановка,2025-08-24 05:01:00,2025-08-24 07:43:00,0.11,1.0,high,,,{}
episode_rules_v9_9,Ic_914,Остановка,2025-08-25 03:55:00,2025-08-25 07:06:00,0.13,1.0,high,,,{}
episode_rules_v9_9,Ic_914,Остановка,2025-08-26 03:39:00,2025-08-26 07:03:00,0.14,1.0,high,,,{}
episode_rules_v9_9,Ic_914,Остановка,2025-08-27 05:01:00,2025-08-27 07:44:00,0.11,1.0,high,,,{}
episode_rules_v9_9,Ic_914,Остановка,2025-08-27 10:15:00,2025-08-27 11:26:00,0.05,1.0,high,,,{}
episode_rules_v9_9,Ic_914,Остановка,2025-08-28 09:34:00,2025-08-28 12:41:00,0.13,1.0,high,,,{}
episode_rules_v9_9,Ic_914,Остановка,2025-08-29 09:22:00,2025-08-29 12:50:00,0.14,1.0,high,,,{}
episode_rules_v9_9,Ic_914,Остановка,2025-08-30 09:16:00,2025-08-30 12:37:00,0.14,1.0,high,,,{}
episode_rules_v9_9,Ic_914,Остановка,2025-08-31 09:24:00,2025-08-31 12:45:00,0.14,1.0,high,,,{}
episode_rules_v9_9,Ic_914,Остановка,2025-09-01 12:44:00,2025-09-01 16:40:00,0.16,1.0,high,,,{}
episode_rules_v9_9,Ic_914,Остановка,2025-09-02 09:49:00,2025-09-02 13:05:00,0.14,1.0,high,,,{}
episode_rules_v9_9,Ic_914,Остановка,2025-09-03 09:44:00,2025-09-03 13:09:00,0.14,1.0,high,,,{}
episode_rules_v9_9,Ic_914,Остановка,2025-09-03 16:32:00,2025-09-03 18:37:00,0.09,1.0,high,,,{}
episode_rules_v9_9,Ic_914,Остановка,2025-09-04 09:49:00,2025-09-04 13:01:00,0.13,1.0,high,,,{}
episode_rules_v9_9,Ic_914,Остановка,2025-09-05 09:09:00,2025-09-05 12:04:00,0.12,1.0,high,,,{}
episode_rules_v9_9,Ic_914,Остановка,2025-09-06 09:33:00,2025-09-06 14:07:00,0.19,1.0,high,,,{}
episode_rules_v9_9,Ic_914,Остановка,2025-09-07 09:39:00,2025-09-07 14:32:00,0.2,1.0,high,,,{}
episode_rules_v9_9,Ic_914,Остановка,2025-09-08 12:32:00,2025-09-08 17:37:00,0.21,1.0,high,,,{}
episode_rules_v9_9,Ic_914,Остановка,2025-09-09 09:25:00,2025-09-09 15:20:00,0.25,1.0,high,,,{}
episode_rules_v9_9,Ic_914,Остановка,2025-09-10 09:42:00,2025-09-10 14:13:00,0.19,1.0,high,,,{}
episode_rules_v9_9,Ic_914,Остановка,2025-09-10 18:28:00,2025-09-25 19:19:00,15.04,1.0,high,,,{}
episode_rules_v9_9,Ic_914,Остановка,2025-09-27 00:00:00,2025-10-03 02:13:00,6.09,1.0,high,,,{}
episode_rules_v9_9,Ic_914,Остановка,2025-10-04 03:27:00,2025-10-04 04:16:00,0.03,1.0,high,,,{}
episode_rules_v9_9,Ic_914,Остановка,2025-10-06 12:00:00,2025-10-06 15:41:00,0.15,1.0,high,,,{}
episode_rules_v9_9,Ic_914,Остановка,2025-10-06 17:01:00,2025-10-06 22:10:00,0.21,1.0,high,,,{}
episode_rules_v9_9,Ic_914,Остановка,2025-10-07 10:49:00,2025-10-07 17:38:00,0.28,1.0,high,,,{}
episode_rules_v9_9,Ic_914,Остановка,2025-10-08 16:56:00,2025-10-08 21:32:00,0.19,1.0,high,,,{}
episode_rules_v9_9,Ic_914,Остановка,2025-10-09 17:40:00,2025-10-09 23:02:00,0.22,1.0,high,,,{}
episode_rules_v9_9,Ic_914,Остановка,2025-10-10 21:46:00,2025-10-11 01:06:00,0.14,1.0,high,,,{}
episode_rules_v9_9,Ic_914,Остановка,2025-10-11 21:20:00,2025-10-12 00:34:00,0.13,1.0,high,,,{}
episode_rules_v9_9,Ic_914,Остановка,2025-10-12 09:25:00,2025-10-12 12:17:00,0.12,1.0,high,,,{}
episode_rules_v9_9,Ic_914,Остановка,2025-10-13 01:41:00,2025-10-13 04:59:00,0.14,1.0,high,,,{}
episode_rules_v9_9,Ic_914,Остановка,2025-10-13 10:25:00,2025-10-13 15:03:00,0.19,1.0,high,,,{}
episode_rules_v9_9,Ic_914,Остановка,2025-10-14 10:19:00,2025-10-14 17:43:00,0.31,1.0,high,,,{}
episode_rules_v9_9,Ic_914,Остановка,2025-10-15 15:42:00,2025-10-16 04:59:00,0.55,1.0,high,,,{}
episode_rules_v9_9,Ic_914,Остановка,2025-10-17 04:02:00,2025-10-17 18:19:00,0.6,1.0,high,,,{}
episode_rules_v9_9,Ic_914,Остановка,2025-10-18 11:25:00,2025-10-18 14:56:00,0.15,1.0,high,,,{}
episode_rules_v9_9,Ic_914,Остановка,2025-10-19 12:09:00,2025-10-19 19:05:00,0.29,1.0,high,,,{}
episode_rules_v9_9,Ic_914,Остановка,2025-10-20 16:43:00,2025-10-20 19:38:00,0.12,1.0,high,,,{}
episode_rules_v9_9,Ic_914,Остановка,2025-10-21 11:37:00,2025-10-21 14:06:00,0.1,1.0,high,,,{}
episode_rules_v9_9,Ic_914,Остановка,2025-10-22 12:16:00,2025-10-22 14:57:00,0.11,1.0,high,,,{}
episode_rules_v9_9,Ic_914,Остановка,2025-10-23 09:48:00,2025-10-23 13:58:00,0.17,1.0,high,,,{}
episode_rules_v9_9,Ic_914,Остановка,2025-10-24 10:31:00,2025-10-24 14:52:00,0.18,1.0,high,,,{}
episode_rules_v9_9,Ic_914,Остановка,2025-10-25 16:52:00,2025-10-25 19:39:00,0.12,1.0,high,,,{}
episode_rules_v9_9,Ic_914,Остановка,2025-10-26 17:43:00,2025-10-27 02:33:00,0.37,1.0,high,,,{}
episode_rules_v9_9,Ic_914,Остановка,2025-10-28 00:54:00,2025-10-28 06:26:00,0.23,1.0,high,,,{}
episode_rules_v9_9,Ic_914,Остановка,2025-10-28 23:10:00,2025-10-29 00:22:00,0.05,1.0,high,,,{}
episode_rules_v9_9,Ic_914,Остановка,2025-10-30 03:51:00,2025-10-30 08:43:00,0.2,1.0,high,,,{}
episode_rules_v9_9,Ic_914,Остановка,2025-10-31 11:02:00,2025-10-31 15:21:00,0.18,1.0,high,,,{}
episode_rules_v9_9,Ic_914,Остановка,2025-11-01 10:12:00,2025-11-01 16:17:00,0.25,1.0,high,,,{}
episode_rules_v9_9,Ic_914,Остановка,2025-11-02 14:34:00,2025-11-02 17:19:00,0.11,1.0,high,,,{}
episode_rules_v9_9,Ic_914,Остановка,2025-11-03 20:16:00,2025-11-04 04:09:00,0.33,1.0,high,,,{}
episode_rules_v9_9,Ic_914,Остановка,2025-11-04 04:25:00,2025-11-04 17:03:00,0.53,1.0,high,,,{}
episode_rules_v9_9,Ic_914,Остановка,2025-11-04 17:48:00,2025-11-05 00:25:00,0.28,1.0,high,,,{}
episode_rules_v9_9,Ic_914,Остановка,2025-11-05 01:40:00,2025-11-05 23:21:00,0.9,1.0,high,,,{}
episode_rules_v9_9,Ic_914,Остановка,2025-11-05 23:48:00,2025-12-03 17:59:00,27.76,1.0,high,,,{}
episode_rules_v9_9,Ic_914,Остановка,2025-12-12 02:46:00,2025-12-12 06:19:00,0.15,1.0,high,,,{}
episode_rules_v9_9,Ic_914,Остановка,2025-12-13 05:01:00,2025-12-13 06:50:00,0.08,1.0,high,,,{}
episode_rules_v9_9,Ic_914,Остановка,2025-12-14 00:45:00,2025-12-14 02:20:00,0.07,1.0,high,,,{}
episode_rules_v9_9,Ic_914,Остановка,2025-12-15 10:10:00,2025-12-15 14:20:00,0.17,1.0,high,,,{}
episode_rules_v9_9,Ic_914,Остановка,2025-12-17 04:30:00,2025-12-17 07:05:00,0.11,1.0,high,,,{}
episode_rules_v9_9,Ic_914,Остановка,2025-12-19 13:15:00,2025-12-19 15:22:00,0.09,1.0,high,,,{}
episode_rules_v9_9,Ic_914,Остановка,2025-12-23 11:19:00,2025-12-23 15:08:00,0.16,1.0,high,,,{}
episode_rules_v9_9,Ic_914,Остановка,2025-12-25 05:41:00,2025-12-25 12:37:00,0.29,1.0,high,,,{}
episode_rules_v9_9,Ic_914,Остановка,2025-12-25 13:35:00,2025-12-25 14:55:00,0.06,1.0,high,,,{}
episode_rules_v9_9,Ic_914,Остановка,2025-12-25 15:31:00,2025-12-25 17:10:00,0.07,1.0,high,,,{}
episode_rules_v9_9,Ic_914,Остановка,2025-12-25 18:27:00,2025-12-25 22:30:00,0.17,1.0,high,,,{}
episode_rules_v9_9,Ic_914,Остановка,2025-12-26 00:00:00,2025-12-26 00:37:00,0.03,1.0,high,,,{}
episode_rules_v9_9,Ic_914,Остановка,2025-12-26 10:21:00,2025-12-26 11:32:00,0.05,1.0,high,,,{}
episode_rules_v9_9,Ic_914,Остановка,2025-12-26 14:25:00,2025-12-26 14:58:00,0.02,1.0,high,,,{}
episode_rules_v9_9,Ic_914,Остановка,2025-12-27 00:00:00,2025-12-27 12:20:00,0.51,1.0,high,,,{}
episode_rules_v9_9,Ic_914,Остановка,2025-12-27 16:47:00,2025-12-28 17:37:00,1.03,1.0,high,,,{}
episode_rules_v9_9,Ic_914,Остановка,2025-12-29 03:10:00,2025-12-29 03:48:00,0.03,1.0,high,,,{}
episode_rules_v9_9,Ic_914,Остановка,2025-12-29 11:37:00,2025-12-29 18:04:00,0.27,1.0,high,,,{}
episode_rules_v9_9,Ic_914,Остановка,2025-12-30 00:00:00,2025-12-30 04:46:00,0.2,1.0,high,,,{}
episode_rules_v9_9,Ic_914,Остановка,2025-12-30 07:04:00,2025-12-30 08:50:00,0.07,1.0,high,,,{}
episode_rules_v9_9,Ic_914,Остановка,2025-12-30 11:03:00,2025-12-30 12:50:00,0.07,1.0,high,,,{}
episode_rules_v9_9,Ic_914,Остановка,2025-12-30 19:14:00,2025-12-30 23:50:00,0.19,1.0,high,,,{}
episode_rules_v9_9,Ic_914,Остановка,2025-12-31 02:15:00,2025-12-31 04:10:00,0.08,1.0,high,,,{}
episode_rules_v9_9,Ic_914,Остановка,2025-12-31 13:25:00,2025-12-31 13:55:00,0.02,1.0,high,,,{}
episode_rules_v9_9,Ic_914,Остановка,2025-12-31 19:12:00,2026-01-01 02:19:00,0.3,1.0,high,,,{}
episode_rules_v9_9,Ic_914,Остановка,2026-01-04 01:52:00,2026-01-04 03:14:00,0.06,1.0,high,,,{}
episode_rules_v9_9,Ic_914,Остановка,2026-01-08 01:10:00,2026-01-08 12:45:00,0.48,1.0,high,,,{}
episode_rules_v9_9,Ic_914,Остановка,2026-01-12 22:25:00,2026-01-12 23:35:00,0.05,1.0,high,,,{}
episode_rules_v9_9,Ic_914,Остановка,2026-01-13 00:30:00,2026-01-13 01:54:00,0.06,1.0,high,,,{}
episode_rules_v9_9,Ic_914,Остановка,2026-01-13 15:14:00,2026-01-13 16:18:00,0.04,1.0,high,,,{}
episode_rules_v9_9,Ic_914,Остановка,2026-01-13 20:09:00,2026-01-14 04:54:00,0.36,1.0,high,,,{}
episode_rules_v9_9,Ic_914,Остановка,2026-01-14 15:54:00,2026-01-15 01:01:00,0.38,1.0,high,,,{}
episode_rules_v9_9,Ic_914,Остановка,2026-01-15 01:35:00,2026-01-15 04:07:00,0.11,1.0,high,,,{}
episode_rules_v9_9,Ic_914,Остановка,2026-01-16 15:39:00,2026-01-16 16:09:00,0.02,1.0,high,,,{}
episode_rules_v9_9,Ic_914,Остановка,2026-01-16 20:09:00,2026-01-17 06:34:00,0.43,1.0,high,,,{}
episode_rules_v9_9,Ic_914,Остановка,2026-01-19 22:43:00,2026-01-19 23:44:00,0.04,1.0,high,,,{}
episode_rules_v9_9,Ic_914,Остановка,2026-01-20 21:33:00,2026-01-20 22:03:00,0.02,1.0,high,,,{}
episode_rules_v9_9,Ic_914,Остановка,2026-01-20 23:33:00,2026-01-21 01:56:00,0.1,1.0,high,,,{}
episode_rules_v9_9,Ic_914,Остановка,2026-01-21 02:20:00,2026-01-21 14:23:00,0.5,1.0,high,,,{}
episode_rules_v9_9,Ic_914,Остановка,2026-01-22 04:14:00,2026-01-23 09:23:00,1.21,1.0,high,,,{}
episode_rules_v9_9,Ic_914,Остановка,2026-01-27 22:17:00,2026-01-28 03:12:00,0.2,1.0,high,,,{}
episode_rules_v9_9,Ic_914,Остановка,2026-01-31 11:17:00,2026-01-31 18:50:00,0.31,1.0,high,,,{}
episode_rules_v9_9,Ic_914,Остановка,2026-01-31 19:31:00,2026-01-31 22:27:00,0.12,1.0,high,,,{}
episode_rules_v9_9,Ic_914,Остановка,2026-02-03 12:37:00,2026-02-03 15:53:00,0.14,1.0,high,,,{}
episode_rules_v9_9,Ic_914,Остановка,2026-02-03 16:29:00,2026-02-03 19:26:00,0.12,1.0,high,,,{}
episode_rules_v9_9,Ic_914,Остановка,2026-02-03 20:44:00,2026-02-04 00:47:00,0.17,1.0,high,,,{}
episode_rules_v9_9,Ic_914,Остановка,2026-02-05 18:25:00,2026-02-05 23:23:00,0.21,1.0,high,,,{}
episode_rules_v9_9,Ic_914,Остановка,2026-02-06 00:37:00,2026-02-06 01:30:00,0.04,1.0,high,,,{}
episode_rules_v9_9,Ic_914,Остановка,2026-02-08 03:14:00,2026-02-08 04:14:00,0.04,1.0,high,,,{}
episode_rules_v9_9,Ic_914,Остановка,2026-02-08 06:27:00,2026-02-08 06:57:00,0.02,1.0,high,,,{}
episode_rules_v9_9,Ic_914,Остановка,2026-02-08 15:22:00,2026-02-10 03:01:00,1.49,1.0,high,,,{}
episode_rules_v9_9,Ic_914,Остановка,2026-02-10 14:46:00,2026-02-10 16:19:00,0.06,1.0,high,,,{}
episode_rules_v9_9,Ic_914,Остановка,2026-02-18 11:33:00,2026-02-18 13:34:00,0.08,1.0,high,,,{}
episode_rules_v9_9,Ic_914,Остановка,2026-02-18 15:12:00,2026-02-18 16:36:00,0.06,1.0,high,,,{}
episode_rules_v9_9,Ic_914,Остановка,2026-02-18 17:35:00,2026-02-18 21:10:00,0.15,1.0,high,,,{}
episode_rules_v9_9,Ic_914,Остановка,2026-02-21 11:20:00,2026-02-23 22:08:00,2.45,1.0,high,,,{}
episode_rules_v9_9,Ic_914,Остановка,2026-03-09 11:26:00,2026-03-09 12:55:00,0.06,1.0,high,,,{}
episode_rules_v9_9,Ic_914,Остановка,2026-03-10 00:39:00,2026-03-10 02:59:00,0.1,1.0,high,,,{}
episode_rules_v9_9,Ic_914,Остановка,2026-03-13 05:53:00,2026-03-13 12:22:00,0.27,1.0,high,,,{}
episode_rules_v9_9,Ic_914,Остановка,2026-03-16 03:05:00,2026-03-16 08:02:00,0.21,1.0,high,,,{}
episode_rules_v9_9,Ic_914,Остановка,2026-03-16 23:37:00,2026-03-17 05:06:00,0.23,1.0,high,,,{}
episode_rules_v9_9,Ic_914,Остановка,2026-03-19 14:23:00,2026-03-19 22:42:00,0.35,1.0,high,,,{}
episode_rules_v9_9,Ic_914,Остановка,2026-03-22 21:37:00,2026-03-22 23:37:00,0.08,1.0,high,,,{}
episode_rules_v9_9,Ic_914,Остановка,2026-03-24 18:49:00,2026-03-25 22:58:00,1.17,1.0,high,,,{}
episode_rules_v9_9,Ic_914,Остановка,2026-04-16 06:57:00,2026-04-16 12:21:00,0.23,1.0,high,,,{}
episode_rules_v9_9,Ic_914,Остановка,2026-04-22 21:56:00,2026-04-23 01:38:00,0.15,1.0,high,,,{}
episode_rules_v9_9,Ic_914,Остановка,2026-04-24 08:49:00,2026-04-24 13:58:00,0.21,1.0,high,,,{}
episode_rules_v9_9,Ic_914,Остановка,2026-04-25 17:43:00,2026-04-26 05:54:00,0.51,1.0,high,,,{}
episode_rules_v9_9,Ic_914,Остановка,2026-04-29 05:01:00,2026-04-29 08:54:00,0.16,1.0,high,,,{}
episode_rules_v9_9,Ic_914,Периодическая работа,2025-07-06 00:00:00,2026-04-07 00:00:00,275.0,0.5,low,,,"{'ql_cyclic': np.True_, 'rhythm_ok': False}"
episode_rules_v9_9,Ic_914,РПТЧ,2025-07-18 05:00:00,2025-11-27 00:00:00,131.79,1.0,high,,,"{'ql_oscillates': np.True_, 'round_hz': np.True_}"
episode_rules_v9_9,Ic_914,РПТЧ,2025-11-27 00:00:00,2026-01-21 02:20:00,55.1,0.5,low,,,"{'ql_oscillates': np.True_, 'round_hz': np.False_}"
episode_rules_v9_9,Ic_914,Работа,2025-07-18 05:00:00,2025-07-19 21:50:00,1.7,1.0,high,,,{}
episode_rules_v9_9,Ic_914,Работа,2025-07-20 01:23:00,2025-07-21 01:17:00,1.0,1.0,high,,,{}
episode_rules_v9_9,Ic_914,Работа,2025-07-21 08:59:00,2025-07-21 23:54:00,0.62,1.0,high,,,{}
episode_rules_v9_9,Ic_914,Работа,2025-07-22 04:59:00,2025-07-23 03:46:00,0.95,1.0,high,,,{}
episode_rules_v9_9,Ic_914,Работа,2025-07-23 09:00:00,2025-07-24 03:02:00,0.75,1.0,high,,,{}
episode_rules_v9_9,Ic_914,Работа,2025-07-24 08:18:00,2025-07-25 00:05:00,0.66,1.0,high,,,{}
episode_rules_v9_9,Ic_914,Работа,2025-07-25 03:19:00,2025-07-25 09:32:00,0.26,1.0,high,,,{}
episode_rules_v9_9,Ic_914,Работа,2025-07-25 13:32:00,2025-07-26 11:24:00,0.91,1.0,high,,,{}
episode_rules_v9_9,Ic_914,Работа,2025-07-26 14:46:00,2025-07-27 15:29:00,1.03,1.0,high,,,{}
episode_rules_v9_9,Ic_914,Работа,2025-07-27 18:53:00,2025-07-28 11:54:00,0.71,1.0,high,,,{}
episode_rules_v9_9,Ic_914,Работа,2025-07-28 15:41:00,2025-07-29 15:03:00,0.97,1.0,high,,,{}
episode_rules_v9_9,Ic_914,Работа,2025-07-29 18:59:00,2025-07-30 21:17:00,1.1,1.0,high,,,{}
episode_rules_v9_9,Ic_914,Работа,2025-07-31 00:34:00,2025-08-01 00:09:00,0.98,1.0,high,,,{}
episode_rules_v9_9,Ic_914,Работа,2025-08-01 03:16:00,2025-08-02 05:36:00,1.1,1.0,high,,,{}
episode_rules_v9_9,Ic_914,Работа,2025-08-02 08:57:00,2025-08-03 10:41:00,1.07,1.0,high,,,{}
episode_rules_v9_9,Ic_914,Работа,2025-08-03 14:03:00,2025-08-04 12:03:00,0.92,1.0,high,,,{}
episode_rules_v9_9,Ic_914,Работа,2025-08-04 15:26:00,2025-08-05 10:25:00,0.79,1.0,high,,,{}
episode_rules_v9_9,Ic_914,Работа,2025-08-05 12:30:00,2025-08-06 09:34:00,0.88,1.0,high,,,{}
episode_rules_v9_9,Ic_914,Работа,2025-08-06 13:20:00,2025-08-07 11:41:00,0.93,1.0,high,,,{}
episode_rules_v9_9,Ic_914,Работа,2025-08-07 18:49:00,2025-08-08 15:49:00,0.88,1.0,high,,,{}
episode_rules_v9_9,Ic_914,Работа,2025-08-08 19:39:00,2025-08-09 12:15:00,0.69,1.0,high,,,{}
episode_rules_v9_9,Ic_914,Работа,2025-08-09 17:16:00,2025-08-10 21:50:00,1.19,1.0,high,,,{}
episode_rules_v9_9,Ic_914,Работа,2025-08-11 01:10:00,2025-08-12 03:39:00,1.1,1.0,high,,,{}
episode_rules_v9_9,Ic_914,Работа,2025-08-12 06:50:00,2025-08-13 15:34:00,1.36,1.0,high,,,{}
episode_rules_v9_9,Ic_914,Работа,2025-08-13 19:28:00,2025-08-14 15:50:00,0.85,1.0,high,,,{}
episode_rules_v9_9,Ic_914,Работа,2025-08-14 19:13:00,2025-08-15 10:56:00,0.65,1.0,high,,,{}
episode_rules_v9_9,Ic_914,Работа,2025-08-15 14:58:00,2025-08-16 15:58:00,1.04,1.0,high,,,{}
episode_rules_v9_9,Ic_914,Работа,2025-08-16 20:18:00,2025-08-17 16:33:00,0.84,1.0,high,,,{}
episode_rules_v9_9,Ic_914,Работа,2025-08-17 21:11:00,2025-08-18 16:03:00,0.79,1.0,high,,,{}
episode_rules_v9_9,Ic_914,Работа,2025-08-18 22:22:00,2025-08-19 09:57:00,0.48,1.0,high,,,{}
episode_rules_v9_9,Ic_914,Работа,2025-08-19 15:14:00,2025-08-21 00:25:00,1.38,1.0,high,,,{}
episode_rules_v9_9,Ic_914,Работа,2025-08-21 04:18:00,2025-08-21 21:55:00,0.73,1.0,high,,,{}
episode_rules_v9_9,Ic_914,Работа,2025-08-22 00:36:00,2025-08-23 03:32:00,1.12,1.0,high,,,{}
episode_rules_v9_9,Ic_914,Работа,2025-08-23 07:37:00,2025-08-24 05:01:00,0.89,1.0,high,,,{}
episode_rules_v9_9,Ic_914,Работа,2025-08-24 07:43:00,2025-08-25 03:55:00,0.84,1.0,high,,,{}
episode_rules_v9_9,Ic_914,Работа,2025-08-25 07:06:00,2025-08-26 03:39:00,0.86,1.0,high,,,{}
episode_rules_v9_9,Ic_914,Работа,2025-08-26 07:03:00,2025-08-27 05:01:00,0.92,1.0,high,,,{}
episode_rules_v9_9,Ic_914,Работа,2025-08-27 07:44:00,2025-08-27 10:15:00,0.1,1.0,high,,,{}
episode_rules_v9_9,Ic_914,Работа,2025-08-27 11:26:00,2025-08-28 09:34:00,0.92,1.0,high,,,{}
episode_rules_v9_9,Ic_914,Работа,2025-08-28 12:41:00,2025-08-29 09:22:00,0.86,1.0,high,,,{}
episode_rules_v9_9,Ic_914,Работа,2025-08-29 12:50:00,2025-08-30 09:16:00,0.85,1.0,high,,,{}
episode_rules_v9_9,Ic_914,Работа,2025-08-30 12:37:00,2025-08-31 09:24:00,0.87,1.0,high,,,{}
episode_rules_v9_9,Ic_914,Работа,2025-08-31 12:45:00,2025-09-01 12:44:00,1.0,1.0,high,,,{}
episode_rules_v9_9,Ic_914,Работа,2025-09-01 16:40:00,2025-09-02 09:49:00,0.71,1.0,high,,,{}
episode_rules_v9_9,Ic_914,Работа,2025-09-02 13:05:00,2025-09-03 09:44:00,0.86,1.0,high,,,{}
episode_rules_v9_9,Ic_914,Работа,2025-09-03 13:09:00,2025-09-03 16:32:00,0.14,1.0,high,,,{}
episode_rules_v9_9,Ic_914,Работа,2025-09-03 18:37:00,2025-09-04 09:49:00,0.63,1.0,high,,,{}
episode_rules_v9_9,Ic_914,Работа,2025-09-04 13:01:00,2025-09-05 09:09:00,0.84,1.0,high,,,{}
episode_rules_v9_9,Ic_914,Работа,2025-09-05 12:04:00,2025-09-06 09:33:00,0.9,1.0,high,,,{}
episode_rules_v9_9,Ic_914,Работа,2025-09-06 14:07:00,2025-09-07 09:39:00,0.81,1.0,high,,,{}
episode_rules_v9_9,Ic_914,Работа,2025-09-07 14:32:00,2025-09-08 12:32:00,0.92,1.0,high,,,{}
episode_rules_v9_9,Ic_914,Работа,2025-09-08 17:37:00,2025-09-09 09:25:00,0.66,1.0,high,,,{}
episode_rules_v9_9,Ic_914,Работа,2025-09-09 15:20:00,2025-09-10 09:42:00,0.77,1.0,high,,,{}
episode_rules_v9_9,Ic_914,Работа,2025-09-10 14:13:00,2025-09-10 18:28:00,0.18,1.0,high,,,{}
episode_rules_v9_9,Ic_914,Работа,2025-09-25 19:19:00,2025-09-27 00:00:00,1.2,1.0,high,,,{}
episode_rules_v9_9,Ic_914,Работа,2025-10-03 02:13:00,2025-10-04 03:27:00,1.05,1.0,high,,,{}
episode_rules_v9_9,Ic_914,Работа,2025-10-04 04:16:00,2025-10-06 12:00:00,2.32,1.0,high,,,{}
episode_rules_v9_9,Ic_914,Работа,2025-10-06 15:41:00,2025-10-06 17:01:00,0.06,1.0,high,,,{}
episode_rules_v9_9,Ic_914,Работа,2025-10-06 22:10:00,2025-10-07 10:49:00,0.53,1.0,high,,,{}
episode_rules_v9_9,Ic_914,Работа,2025-10-07 17:38:00,2025-10-08 16:56:00,0.97,1.0,high,,,{}
episode_rules_v9_9,Ic_914,Работа,2025-10-08 21:32:00,2025-10-09 17:40:00,0.84,1.0,high,,,{}
episode_rules_v9_9,Ic_914,Работа,2025-10-09 23:02:00,2025-10-10 21:46:00,0.95,1.0,high,,,{}
episode_rules_v9_9,Ic_914,Работа,2025-10-11 01:06:00,2025-10-11 21:20:00,0.84,1.0,high,,,{}
episode_rules_v9_9,Ic_914,Работа,2025-10-12 00:34:00,2025-10-12 09:25:00,0.37,1.0,high,,,{}
episode_rules_v9_9,Ic_914,Работа,2025-10-12 12:17:00,2025-10-13 01:41:00,0.56,1.0,high,,,{}
episode_rules_v9_9,Ic_914,Работа,2025-10-13 04:59:00,2025-10-13 10:25:00,0.23,1.0,high,,,{}
episode_rules_v9_9,Ic_914,Работа,2025-10-13 15:03:00,2025-10-14 10:19:00,0.8,1.0,high,,,{}
episode_rules_v9_9,Ic_914,Работа,2025-10-14 17:43:00,2025-10-15 15:42:00,0.92,1.0,high,,,{}
episode_rules_v9_9,Ic_914,Работа,2025-10-16 04:59:00,2025-10-17 04:02:00,0.96,1.0,high,,,{}
episode_rules_v9_9,Ic_914,Работа,2025-10-17 18:19:00,2025-10-18 11:25:00,0.71,1.0,high,,,{}
episode_rules_v9_9,Ic_914,Работа,2025-10-18 14:56:00,2025-10-19 12:09:00,0.88,1.0,high,,,{}
episode_rules_v9_9,Ic_914,Работа,2025-10-19 19:05:00,2025-10-20 16:43:00,0.9,1.0,high,,,{}
episode_rules_v9_9,Ic_914,Работа,2025-10-20 19:38:00,2025-10-21 11:37:00,0.67,1.0,high,,,{}
episode_rules_v9_9,Ic_914,Работа,2025-10-21 14:06:00,2025-10-22 12:16:00,0.92,1.0,high,,,{}
episode_rules_v9_9,Ic_914,Работа,2025-10-22 14:57:00,2025-10-23 09:48:00,0.79,1.0,high,,,{}
episode_rules_v9_9,Ic_914,Работа,2025-10-23 13:58:00,2025-10-24 10:31:00,0.86,1.0,high,,,{}
episode_rules_v9_9,Ic_914,Работа,2025-10-24 14:52:00,2025-10-25 16:52:00,1.08,1.0,high,,,{}
episode_rules_v9_9,Ic_914,Работа,2025-10-25 19:39:00,2025-10-26 17:43:00,0.92,1.0,high,,,{}
episode_rules_v9_9,Ic_914,Работа,2025-10-27 02:33:00,2025-10-28 00:54:00,0.93,1.0,high,,,{}
episode_rules_v9_9,Ic_914,Работа,2025-10-28 06:26:00,2025-10-28 23:10:00,0.7,1.0,high,,,{}
episode_rules_v9_9,Ic_914,Работа,2025-10-29 00:22:00,2025-10-30 03:51:00,1.15,1.0,high,,,{}
episode_rules_v9_9,Ic_914,Работа,2025-10-30 08:43:00,2025-10-31 11:02:00,1.1,1.0,high,,,{}
episode_rules_v9_9,Ic_914,Работа,2025-10-31 15:21:00,2025-11-01 10:12:00,0.79,1.0,high,,,{}
episode_rules_v9_9,Ic_914,Работа,2025-11-01 16:17:00,2025-11-02 14:34:00,0.93,1.0,high,,,{}
episode_rules_v9_9,Ic_914,Работа,2025-11-02 17:19:00,2025-11-03 20:16:00,1.12,1.0,high,,,{}
episode_rules_v9_9,Ic_914,Работа,2025-11-04 04:09:00,2025-11-04 04:25:00,0.01,1.0,high,,,{}
episode_rules_v9_9,Ic_914,Работа,2025-11-04 17:03:00,2025-11-04 17:48:00,0.03,1.0,high,,,{}
episode_rules_v9_9,Ic_914,Работа,2025-11-05 00:25:00,2025-11-05 01:40:00,0.05,1.0,high,,,{}
episode_rules_v9_9,Ic_914,Работа,2025-11-05 23:21:00,2025-11-05 23:48:00,0.02,1.0,high,,,{}
episode_rules_v9_9,Ic_914,Работа,2025-12-03 17:59:00,2025-12-12 02:46:00,8.37,1.0,high,,,{}
episode_rules_v9_9,Ic_914,Работа,2025-12-12 06:19:00,2025-12-13 05:01:00,0.95,1.0,high,,,{}
episode_rules_v9_9,Ic_914,Работа,2025-12-13 06:50:00,2025-12-14 00:45:00,0.75,1.0,high,,,{}
episode_rules_v9_9,Ic_914,Работа,2025-12-14 02:20:00,2025-12-15 10:10:00,1.33,1.0,high,,,{}
episode_rules_v9_9,Ic_914,Работа,2025-12-15 14:20:00,2025-12-17 04:30:00,1.59,1.0,high,,,{}
episode_rules_v9_9,Ic_914,Работа,2025-12-17 07:05:00,2025-12-19 13:15:00,2.26,1.0,high,,,{}
episode_rules_v9_9,Ic_914,Работа,2025-12-19 15:22:00,2025-12-23 11:19:00,3.83,1.0,high,,,{}
episode_rules_v9_9,Ic_914,Работа,2025-12-23 15:08:00,2025-12-25 05:41:00,1.61,1.0,high,,,{}
episode_rules_v9_9,Ic_914,Работа,2025-12-25 12:37:00,2025-12-25 13:35:00,0.04,1.0,high,,,{}
episode_rules_v9_9,Ic_914,Работа,2025-12-25 14:55:00,2025-12-25 15:31:00,0.03,1.0,high,,,{}
episode_rules_v9_9,Ic_914,Работа,2025-12-25 17:10:00,2025-12-25 18:27:00,0.05,1.0,high,,,{}
episode_rules_v9_9,Ic_914,Работа,2025-12-25 22:30:00,2025-12-26 00:00:00,0.06,1.0,high,,,{}
episode_rules_v9_9,Ic_914,Работа,2025-12-26 00:37:00,2025-12-26 10:21:00,0.41,1.0,high,,,{}
episode_rules_v9_9,Ic_914,Работа,2025-12-26 11:32:00,2025-12-26 14:25:00,0.12,1.0,high,,,{}
episode_rules_v9_9,Ic_914,Работа,2025-12-26 14:58:00,2025-12-27 00:00:00,0.38,1.0,high,,,{}
episode_rules_v9_9,Ic_914,Работа,2025-12-27 12:20:00,2025-12-27 16:47:00,0.19,1.0,high,,,{}
episode_rules_v9_9,Ic_914,Работа,2025-12-28 17:37:00,2025-12-29 03:10:00,0.4,1.0,high,,,{}
episode_rules_v9_9,Ic_914,Работа,2025-12-29 03:48:00,2025-12-29 11:37:00,0.33,1.0,high,,,{}
episode_rules_v9_9,Ic_914,Работа,2025-12-29 18:04:00,2025-12-30 00:00:00,0.25,1.0,high,,,{}
episode_rules_v9_9,Ic_914,Работа,2025-12-30 04:46:00,2025-12-30 07:04:00,0.1,1.0,high,,,{}
episode_rules_v9_9,Ic_914,Работа,2025-12-30 08:50:00,2025-12-30 11:03:00,0.09,1.0,high,,,{}
episode_rules_v9_9,Ic_914,Работа,2025-12-30 12:50:00,2025-12-30 19:14:00,0.27,1.0,high,,,{}
episode_rules_v9_9,Ic_914,Работа,2025-12-30 23:50:00,2025-12-31 02:15:00,0.1,1.0,high,,,{}
episode_rules_v9_9,Ic_914,Работа,2025-12-31 04:10:00,2025-12-31 13:25:00,0.39,1.0,high,,,{}
episode_rules_v9_9,Ic_914,Работа,2025-12-31 13:55:00,2025-12-31 19:12:00,0.22,1.0,high,,,{}
episode_rules_v9_9,Ic_914,Работа,2026-01-01 02:19:00,2026-01-04 01:52:00,2.98,1.0,high,,,{}
episode_rules_v9_9,Ic_914,Работа,2026-01-04 03:14:00,2026-01-08 01:10:00,3.91,1.0,high,,,{}
episode_rules_v9_9,Ic_914,Работа,2026-01-08 12:45:00,2026-01-12 22:25:00,4.4,1.0,high,,,{}
episode_rules_v9_9,Ic_914,Работа,2026-01-12 23:35:00,2026-01-13 00:30:00,0.04,1.0,high,,,{}
episode_rules_v9_9,Ic_914,Работа,2026-01-13 01:54:00,2026-01-13 15:14:00,0.56,1.0,high,,,{}
episode_rules_v9_9,Ic_914,Работа,2026-01-13 16:18:00,2026-01-13 20:09:00,0.16,1.0,high,,,{}
episode_rules_v9_9,Ic_914,Работа,2026-01-14 04:54:00,2026-01-14 15:54:00,0.46,1.0,high,,,{}
episode_rules_v9_9,Ic_914,Работа,2026-01-15 01:01:00,2026-01-15 01:35:00,0.02,1.0,high,,,{}
episode_rules_v9_9,Ic_914,Работа,2026-01-15 04:07:00,2026-01-16 15:39:00,1.48,1.0,high,,,{}
episode_rules_v9_9,Ic_914,Работа,2026-01-16 16:09:00,2026-01-16 20:09:00,0.17,1.0,high,,,{}
episode_rules_v9_9,Ic_914,Работа,2026-01-17 06:34:00,2026-01-19 22:43:00,2.67,1.0,high,,,{}
episode_rules_v9_9,Ic_914,Работа,2026-01-19 23:44:00,2026-01-20 21:33:00,0.91,1.0,high,,,{}
episode_rules_v9_9,Ic_914,Работа,2026-01-20 22:03:00,2026-01-20 23:33:00,0.06,1.0,high,,,{}
episode_rules_v9_9,Ic_914,Работа,2026-01-21 01:56:00,2026-01-21 02:20:00,0.02,1.0,high,,,{}
episode_rules_v9_9,Ic_914,Работа,2026-01-21 14:23:00,2026-01-22 04:14:00,0.58,1.0,high,,,{}
episode_rules_v9_9,Ic_914,Работа,2026-01-23 09:23:00,2026-01-27 22:17:00,4.54,1.0,high,,,{}
episode_rules_v9_9,Ic_914,Работа,2026-01-28 03:12:00,2026-01-31 11:17:00,3.34,1.0,high,,,{}
episode_rules_v9_9,Ic_914,Работа,2026-01-31 18:50:00,2026-01-31 19:31:00,0.03,1.0,high,,,{}
episode_rules_v9_9,Ic_914,Работа,2026-01-31 22:27:00,2026-02-03 12:37:00,2.59,1.0,high,,,{}
episode_rules_v9_9,Ic_914,Работа,2026-02-03 15:53:00,2026-02-03 16:29:00,0.03,1.0,high,,,{}
episode_rules_v9_9,Ic_914,Работа,2026-02-03 19:26:00,2026-02-03 20:44:00,0.05,1.0,high,,,{}
episode_rules_v9_9,Ic_914,Работа,2026-02-04 00:47:00,2026-02-05 18:25:00,1.73,1.0,high,,,{}
episode_rules_v9_9,Ic_914,Работа,2026-02-05 23:23:00,2026-02-06 00:37:00,0.05,1.0,high,,,{}
episode_rules_v9_9,Ic_914,Работа,2026-02-06 01:30:00,2026-02-08 03:14:00,2.07,1.0,high,,,{}
episode_rules_v9_9,Ic_914,Работа,2026-02-08 04:14:00,2026-02-08 06:27:00,0.09,1.0,high,,,{}
episode_rules_v9_9,Ic_914,Работа,2026-02-08 06:57:00,2026-02-08 15:22:00,0.35,1.0,high,,,{}
episode_rules_v9_9,Ic_914,Работа,2026-02-10 03:01:00,2026-02-10 14:46:00,0.49,1.0,high,,,{}
episode_rules_v9_9,Ic_914,Работа,2026-02-10 16:19:00,2026-02-18 11:33:00,7.8,1.0,high,,,{}
episode_rules_v9_9,Ic_914,Работа,2026-02-18 13:34:00,2026-02-18 15:12:00,0.07,1.0,high,,,{}
episode_rules_v9_9,Ic_914,Работа,2026-02-18 16:36:00,2026-02-18 17:35:00,0.04,1.0,high,,,{}
episode_rules_v9_9,Ic_914,Работа,2026-02-18 21:10:00,2026-02-21 11:20:00,2.59,1.0,high,,,{}
episode_rules_v9_9,Ic_914,Работа,2026-02-23 22:08:00,2026-03-09 11:26:00,13.55,1.0,high,,,{}
episode_rules_v9_9,Ic_914,Работа,2026-03-09 12:55:00,2026-03-10 00:39:00,0.49,1.0,high,,,{}
episode_rules_v9_9,Ic_914,Работа,2026-03-10 02:59:00,2026-03-13 05:53:00,3.12,1.0,high,,,{}
episode_rules_v9_9,Ic_914,Работа,2026-03-13 12:22:00,2026-03-16 03:05:00,2.61,1.0,high,,,{}
episode_rules_v9_9,Ic_914,Работа,2026-03-16 08:02:00,2026-03-16 23:37:00,0.65,1.0,high,,,{}
episode_rules_v9_9,Ic_914,Работа,2026-03-17 05:06:00,2026-03-19 14:23:00,2.39,1.0,high,,,{}
episode_rules_v9_9,Ic_914,Работа,2026-03-19 22:42:00,2026-03-22 21:37:00,2.95,1.0,high,,,{}
episode_rules_v9_9,Ic_914,Работа,2026-03-22 23:37:00,2026-03-24 18:49:00,1.8,1.0,high,,,{}
episode_rules_v9_9,Ic_914,Работа,2026-03-25 22:58:00,2026-04-16 06:57:00,21.33,1.0,high,,,{}
episode_rules_v9_9,Ic_914,Работа,2026-04-16 12:21:00,2026-04-22 21:56:00,6.4,1.0,high,,,{}
episode_rules_v9_9,Ic_914,Работа,2026-04-23 01:38:00,2026-04-24 08:49:00,1.3,1.0,high,,,{}
episode_rules_v9_9,Ic_914,Работа,2026-04-24 13:58:00,2026-04-25 17:43:00,1.16,1.0,high,,,{}
episode_rules_v9_9,Ic_914,Работа,2026-04-26 05:54:00,2026-04-29 05:01:00,2.96,1.0,high,,,{}
episode_rules_v9_9,Ic_914,Работа,2026-04-29 08:54:00,2026-05-01 00:00:00,1.63,1.0,high,,,{}
episode_rules_v9_9,Ic_914,Рост обводненности,2025-08-28 00:00:00,2025-08-28 23:00:00,0.96,1.0,high,,,{}
episode_rules_v9_9,Ic_914,Рост обводненности,2025-08-31 00:00:00,2025-09-09 23:00:00,9.96,1.0,high,,,{}
episode_rules_v9_9,Ic_914,СППВ,2025-07-18 05:00:00,2025-09-10 18:28:00,54.56,1.0,high,,,{}
episode_rules_v9_9,Ic_914,СППВ,2025-10-03 02:13:00,2025-11-05 23:48:00,33.9,1.0,high,,,{}
episode_rules_v9_9,Ic_914,СППВ,2025-12-03 17:59:00,2026-01-22 04:14:00,49.43,1.0,high,,,{}
episode_rules_v9_9,Ic_914,Снижение Кпрод,2025-08-13 00:00:00,2025-08-24 23:00:00,11.96,0.0,medium,,,"{'ql_confirms': np.False_, 'ql_opz': False}"
episode_rules_v9_9,Ic_914,Снижение Кпрод,2025-12-07 00:00:00,2025-12-15 23:00:00,8.96,0.5,high,,,"{'ql_confirms': np.False_, 'ql_opz': True}"
episode_rules_v9_9,Ic_914,Снижение Кпрод,2025-12-21 00:00:00,2026-01-22 23:00:00,32.96,0.5,high,,,"{'ql_confirms': np.False_, 'ql_opz': True}"
episode_rules_v9_9,Ic_914,Снижение Кпрод,2026-01-27 00:00:00,2026-02-02 23:00:00,6.96,0.75,high,,,"{'ql_confirms': None, 'ql_opz': True}"
episode_rules_v9_9,Ic_914,Снижение Кпрод,2026-02-13 00:00:00,2026-02-20 23:00:00,7.96,0.75,high,,,"{'ql_confirms': None, 'ql_opz': True}"
episode_rules_v9_9,Ic_914,Снижение Кпрод,2026-02-27 00:00:00,2026-03-05 23:00:00,6.96,0.75,high,,,"{'ql_confirms': None, 'ql_opz': True}"
episode_rules_v9_9,Ic_914,Снижение Рпл,2025-10-09 08:57:30,2025-10-27 10:22:00,18.06,0.5,low,НУР,0.477,"{'freq_stable': np.False_, 'ip_gradual': np.True_, 'ql_declining': None}"
episode_rules_v9_9,Ic_914,Снижение Рпл,2025-12-15 08:59:30,2026-03-11 07:28:30,85.94,0.333,low,Снижение Рпл,0.087,"{'freq_stable': np.False_, 'ip_gradual': np.False_, 'ql_declining': np.True_}"
episode_rules_v9_9,Ic_914,Снижение Рпл,2026-04-10 08:20:30,2026-04-29 13:57:00,19.23,0.167,low,Снижение Рпл,0.048,"{'freq_stable': np.False_, 'ip_gradual': np.False_, 'ql_declining': None}"
episode_rules_v9_9,Ic_914,УВЧ,2025-10-13 00:00:00,2025-11-03 23:00:00,21.96,0.5,low,,,"{'freq_net_ok': np.False_, 'freq_trend_up': True, 'ql_rises': None}"
episode_rules_v9_9,Ic_914,УВЧ,2025-12-04 00:00:00,2025-12-11 23:00:00,7.96,1.0,high,,,"{'freq_net_ok': np.True_, 'freq_trend_up': True, 'ql_rises': True}"
episode_rules_v9_9,Ic_914,УВЧ,2025-12-19 00:00:00,2025-12-29 23:00:00,10.96,0.0,low,,,"{'freq_net_ok': np.False_, 'freq_trend_up': False, 'ql_rises': False}"
episode_rules_v9_9,Ic_914,УВЧ,2026-01-11 00:00:00,2026-01-18 23:00:00,7.96,0.333,low,,,"{'freq_net_ok': np.True_, 'freq_trend_up': False, 'ql_rises': False}"
episode_rules_v9_9,Ic_914,УВЧ,2026-01-21 00:00:00,2026-03-09 23:00:00,47.96,0.5,low,,,"{'freq_net_ok': np.False_, 'freq_trend_up': True, 'ql_rises': None}"
episode_rules_v9_9,Ic_914,УВЧ,2026-04-08 00:00:00,2026-04-13 23:00:00,5.96,0.833,medium,,,"{'freq_net_ok': np.True_, 'freq_trend_up': True, 'ql_rises': None}"
episode_rules_v9_9,Ic_914,УВЧ,2026-05-01 00:00:00,2026-05-01 23:00:00,0.96,0.5,medium,,,"{'freq_net_ok': None, 'freq_trend_up': None, 'ql_rises': None}"
episode_rules_v9_9,Mc_010,ГДИ,2025-11-02 17:17:00,2025-11-10 05:00:00,7.49,0.5,low,,,"{'ip_kvd_rising': np.False_, 'ql_zero': True}"
episode_rules_v9_9,Mc_010,ГДИ,2026-04-06 13:15:00,2026-05-01 00:00:00,24.45,1.0,high,,,"{'ip_kvd_rising': np.True_, 'ql_zero': True}"
episode_rules_v9_9,Mc_010,Деградация ЭЦН,2025-03-17 00:00:00,2025-04-16 00:00:00,30.0,1.0,high,,,{}
episode_rules_v9_9,Mc_010,НУР,2025-03-09 00:00:00,2025-03-11 23:00:00,2.96,0.833,medium,НУР,0.277,"{'ip_no_spike': np.True_, 'ip_smooth': True, 'ql_recovers': None}"
episode_rules_v9_9,Mc_010,НУР,2025-03-20 00:00:00,2025-03-24 23:00:00,4.96,0.833,medium,Снижение Рпл,0.174,"{'ip_no_spike': np.True_, 'ip_smooth': True, 'ql_recovers': None}"
episode_rules_v9_9,Mc_010,НУР,2025-05-09 00:00:00,2025-05-13 23:00:00,4.96,0.833,medium,Снижение Рпл,0.139,"{'ip_no_spike': np.True_, 'ip_smooth': True, 'ql_recovers': None}"
episode_rules_v9_9,Mc_010,НУР,2026-01-15 00:00:00,2026-01-17 23:00:00,2.96,0.5,low,Снижение Рпл,0.308,"{'ip_no_spike': None, 'ip_smooth': None, 'ql_recovers': None}"
episode_rules_v9_9,Mc_010,НУР,2026-01-25 00:00:00,2026-01-28 23:00:00,3.96,0.333,low,НУР,0.608,"{'ip_no_spike': np.False_, 'ip_smooth': True, 'ql_recovers': False}"
episode_rules_v9_9,Mc_010,НУР,2026-02-08 00:00:00,2026-02-13 23:00:00,5.96,0.833,medium,НУР,0.081,"{'ip_no_spike': np.True_, 'ip_smooth': True, 'ql_recovers': None}"
episode_rules_v9_9,Mc_010,НУР,2026-02-16 00:00:00,2026-03-02 23:00:00,14.96,1.0,high,НУР,0.827,"{'ip_no_spike': np.True_, 'ip_smooth': True, 'ql_recovers': True}"
episode_rules_v9_9,Mc_010,НУР,2026-03-11 00:00:00,2026-03-13 23:00:00,2.96,0.5,low,Снижение Рпл,0.227,"{'ip_no_spike': np.False_, 'ip_smooth': True, 'ql_recovers': None}"
episode_rules_v9_9,Mc_010,Осложнённый фонд,2025-02-09 00:00:00,2025-06-06 23:00:00,117.96,1.0,high,,,{}
episode_rules_v9_9,Mc_010,Осложнённый фонд,2025-12-14 00:00:00,2026-04-11 23:00:00,118.96,1.0,high,,,{}
episode_rules_v9_9,Mc_010,Остановка,2025-01-02 14:50:00,2025-01-02 16:15:00,0.06,1.0,high,,,{}
episode_rules_v9_9,Mc_010,Остановка,2025-01-20 08:57:00,2025-01-20 13:31:00,0.19,1.0,high,,,{}
episode_rules_v9_9,Mc_010,Остановка,2025-02-18 08:18:00,2025-02-18 19:20:00,0.46,1.0,high,,,{}
episode_rules_v9_9,Mc_010,Остановка,2025-03-07 14:47:00,2025-03-08 12:42:00,0.91,1.0,high,,,{}
episode_rules_v9_9,Mc_010,Остановка,2025-03-09 09:30:00,2025-03-09 10:31:00,0.04,1.0,high,,,{}
episode_rules_v9_9,Mc_010,Остановка,2025-03-19 20:34:00,2025-03-20 04:52:00,0.35,1.0,high,,,{}
episode_rules_v9_9,Mc_010,Остановка,2025-04-15 09:59:00,2025-04-15 16:02:00,0.25,1.0,high,,,{}
episode_rules_v9_9,Mc_010,Остановка,2025-04-20 05:01:00,2025-04-20 10:20:00,0.22,1.0,high,,,{}
episode_rules_v9_9,Mc_010,Остановка,2025-04-27 13:06:00,2025-04-27 13:22:00,0.01,1.0,high,,,{}
episode_rules_v9_9,Mc_010,Остановка,2025-04-28 12:25:00,2025-04-28 21:11:00,0.37,1.0,high,,,{}
episode_rules_v9_9,Mc_010,Остановка,2025-04-29 17:13:00,2025-05-09 15:00:00,9.91,1.0,high,,,{}
episode_rules_v9_9,Mc_010,Остановка,2025-05-19 17:10:00,2025-05-19 21:50:00,0.19,1.0,high,,,{}
episode_rules_v9_9,Mc_010,Остановка,2025-06-01 15:40:00,2025-06-01 22:42:00,0.29,1.0,high,,,{}
episode_rules_v9_9,Mc_010,Остановка,2025-06-02 08:02:00,2025-06-02 11:19:00,0.14,1.0,high,,,{}
episode_rules_v9_9,Mc_010,Остановка,2025-06-10 23:56:00,2025-06-11 01:43:00,0.07,1.0,high,,,{}
episode_rules_v9_9,Mc_010,Остановка,2025-06-12 01:46:00,2025-06-12 04:34:00,0.12,1.0,high,,,{}
episode_rules_v9_9,Mc_010,Остановка,2025-06-30 16:46:00,2025-07-01 00:36:00,0.33,1.0,high,,,{}
episode_rules_v9_9,Mc_010,Остановка,2025-07-18 17:45:00,2025-07-18 18:39:00,0.04,1.0,high,,,{}
episode_rules_v9_9,Mc_010,Остановка,2025-07-31 03:20:00,2025-07-31 04:57:00,0.07,1.0,high,,,{}
episode_rules_v9_9,Mc_010,Остановка,2025-08-12 06:19:00,2025-08-12 23:39:00,0.72,1.0,high,,,{}
episode_rules_v9_9,Mc_010,Остановка,2025-09-01 15:16:00,2025-09-01 17:48:00,0.11,1.0,high,,,{}
episode_rules_v9_9,Mc_010,Остановка,2025-09-23 05:27:00,2025-09-23 10:50:00,0.22,1.0,high,,,{}
episode_rules_v9_9,Mc_010,Остановка,2025-10-09 16:18:00,2025-10-09 17:16:00,0.04,1.0,high,,,{}
episode_rules_v9_9,Mc_010,Остановка,2025-10-15 09:39:00,2025-10-15 11:53:00,0.09,1.0,high,,,{}
episode_rules_v9_9,Mc_010,Остановка,2025-10-23 06:30:00,2025-10-23 23:05:00,0.69,1.0,high,,,{}
episode_rules_v9_9,Mc_010,Остановка,2025-10-24 07:50:00,2025-10-24 10:03:00,0.09,1.0,high,,,{}
episode_rules_v9_9,Mc_010,Остановка,2025-10-27 17:19:00,2025-10-27 19:03:00,0.07,1.0,high,,,{}
episode_rules_v9_9,Mc_010,Остановка,2025-11-02 06:17:00,2025-11-02 09:12:00,0.12,1.0,high,,,{}
episode_rules_v9_9,Mc_010,Остановка,2025-11-02 17:17:00,2025-11-10 05:00:00,7.49,1.0,high,,,{}
episode_rules_v9_9,Mc_010,Остановка,2025-11-18 05:03:00,2025-11-19 01:44:00,0.86,1.0,high,,,{}
episode_rules_v9_9,Mc_010,Остановка,2025-12-16 05:30:00,2025-12-16 08:10:00,0.11,1.0,high,,,{}
episode_rules_v9_9,Mc_010,Остановка,2025-12-31 02:20:00,2025-12-31 04:59:00,0.11,1.0,high,,,{}
episode_rules_v9_9,Mc_010,Остановка,2026-01-02 14:28:00,2026-01-02 16:23:00,0.08,1.0,high,,,{}
episode_rules_v9_9,Mc_010,Остановка,2026-01-15 01:48:00,2026-01-15 19:55:00,0.75,1.0,high,,,{}
episode_rules_v9_9,Mc_010,Остановка,2026-01-23 10:37:00,2026-01-24 16:35:00,1.25,1.0,high,,,{}
episode_rules_v9_9,Mc_010,Остановка,2026-01-24 21:54:00,2026-01-24 22:43:00,0.03,1.0,high,,,{}
episode_rules_v9_9,Mc_010,Остановка,2026-01-25 06:29:00,2026-01-25 10:41:00,0.17,1.0,high,,,{}
episode_rules_v9_9,Mc_010,Остановка,2026-02-07 11:23:00,2026-02-08 17:40:00,1.26,1.0,high,,,{}
episode_rules_v9_9,Mc_010,Остановка,2026-02-15 05:42:00,2026-02-15 23:42:00,0.75,1.0,high,,,{}
episode_rules_v9_9,Mc_010,Остановка,2026-02-20 08:54:00,2026-02-21 04:05:00,0.8,1.0,high,,,{}
episode_rules_v9_9,Mc_010,Остановка,2026-03-10 13:10:00,2026-03-11 10:25:00,0.89,1.0,high,,,{}
episode_rules_v9_9,Mc_010,Остановка,2026-03-21 00:02:00,2026-03-21 13:24:00,0.56,1.0,high,,,{}
episode_rules_v9_9,Mc_010,Остановка,2026-03-24 04:04:00,2026-04-05 17:00:00,12.54,1.0,high,,,{}
episode_rules_v9_9,Mc_010,Остановка,2026-04-06 13:15:00,2026-05-01 00:00:00,24.45,1.0,high,,,{}
episode_rules_v9_9,Mc_010,РПТЧ,2025-01-01 00:00:00,2025-05-07 00:00:00,126.0,0.75,medium,,,"{'ql_oscillates': None, 'round_hz': np.True_}"
episode_rules_v9_9,Mc_010,РПТЧ,2025-05-07 00:00:00,2025-11-05 00:00:00,182.0,0.75,medium,,,"{'ql_oscillates': None, 'round_hz': np.True_}"
episode_rules_v9_9,Mc_010,РПТЧ,2025-11-05 00:00:00,2025-11-06 00:00:00,1.0,0.5,medium,,,"{'freq_data': None, 'ql_oscillates': None}"
episode_rules_v9_9,Mc_010,РПТЧ,2025-11-06 00:00:00,2025-11-18 05:03:00,12.21,0.75,medium,,,"{'ql_oscillates': None, 'round_hz': np.True_}"
episode_rules_v9_9,Mc_010,РПТЧ,2026-03-11 10:25:00,2026-03-21 00:02:00,9.57,1.0,high,,,"{'ql_oscillates': np.True_, 'round_hz': np.True_}"
episode_rules_v9_9,Mc_010,Работа,2025-01-01 00:00:00,2025-01-02 14:50:00,1.62,1.0,high,,,{}
episode_rules_v9_9,Mc_010,Работа,2025-01-02 16:15:00,2025-01-20 08:57:00,17.7,1.0,high,,,{}
episode_rules_v9_9,Mc_010,Работа,2025-01-20 13:31:00,2025-02-18 08:18:00,28.78,1.0,high,,,{}
episode_rules_v9_9,Mc_010,Работа,2025-02-18 19:20:00,2025-03-07 14:47:00,16.81,1.0,high,,,{}
episode_rules_v9_9,Mc_010,Работа,2025-03-08 12:42:00,2025-03-09 09:30:00,0.87,1.0,high,,,{}
episode_rules_v9_9,Mc_010,Работа,2025-03-09 10:31:00,2025-03-19 20:34:00,10.42,1.0,high,,,{}
episode_rules_v9_9,Mc_010,Работа,2025-03-20 04:52:00,2025-04-15 09:59:00,26.21,1.0,high,,,{}
episode_rules_v9_9,Mc_010,Работа,2025-04-15 16:02:00,2025-04-20 05:01:00,4.54,1.0,high,,,{}
episode_rules_v9_9,Mc_010,Работа,2025-04-20 10:20:00,2025-04-27 13:06:00,7.12,1.0,high,,,{}
episode_rules_v9_9,Mc_010,Работа,2025-04-27 13:22:00,2025-04-28 12:25:00,0.96,1.0,high,,,{}
episode_rules_v9_9,Mc_010,Работа,2025-04-28 21:11:00,2025-04-29 17:13:00,0.83,1.0,high,,,{}
episode_rules_v9_9,Mc_010,Работа,2025-05-09 15:00:00,2025-05-19 17:10:00,10.09,1.0,high,,,{}
episode_rules_v9_9,Mc_010,Работа,2025-05-19 21:50:00,2025-06-01 15:40:00,12.74,1.0,high,,,{}
episode_rules_v9_9,Mc_010,Работа,2025-06-01 22:42:00,2025-06-02 08:02:00,0.39,1.0,high,,,{}
episode_rules_v9_9,Mc_010,Работа,2025-06-02 11:19:00,2025-06-10 23:56:00,8.53,1.0,high,,,{}
episode_rules_v9_9,Mc_010,Работа,2025-06-11 01:43:00,2025-06-12 01:46:00,1.0,1.0,high,,,{}
episode_rules_v9_9,Mc_010,Работа,2025-06-12 04:34:00,2025-06-30 16:46:00,18.51,1.0,high,,,{}
episode_rules_v9_9,Mc_010,Работа,2025-07-01 00:36:00,2025-07-18 17:45:00,17.71,1.0,high,,,{}
episode_rules_v9_9,Mc_010,Работа,2025-07-18 18:39:00,2025-07-31 03:20:00,12.36,1.0,high,,,{}
episode_rules_v9_9,Mc_010,Работа,2025-07-31 04:57:00,2025-08-12 06:19:00,12.06,1.0,high,,,{}
episode_rules_v9_9,Mc_010,Работа,2025-08-12 23:39:00,2025-09-01 15:16:00,19.65,1.0,high,,,{}
episode_rules_v9_9,Mc_010,Работа,2025-09-01 17:48:00,2025-09-23 05:27:00,21.49,1.0,high,,,{}
episode_rules_v9_9,Mc_010,Работа,2025-09-23 10:50:00,2025-10-09 16:18:00,16.23,1.0,high,,,{}
episode_rules_v9_9,Mc_010,Работа,2025-10-09 17:16:00,2025-10-15 09:39:00,5.68,1.0,high,,,{}
episode_rules_v9_9,Mc_010,Работа,2025-10-15 11:53:00,2025-10-23 06:30:00,7.78,1.0,high,,,{}
episode_rules_v9_9,Mc_010,Работа,2025-10-23 23:05:00,2025-10-24 07:50:00,0.36,1.0,high,,,{}
episode_rules_v9_9,Mc_010,Работа,2025-10-24 10:03:00,2025-10-27 17:19:00,3.3,1.0,high,,,{}
episode_rules_v9_9,Mc_010,Работа,2025-10-27 19:03:00,2025-11-02 06:17:00,5.47,1.0,high,,,{}
episode_rules_v9_9,Mc_010,Работа,2025-11-02 09:12:00,2025-11-02 17:17:00,0.34,1.0,high,,,{}
episode_rules_v9_9,Mc_010,Работа,2025-11-10 05:00:00,2025-11-18 05:03:00,8.0,1.0,high,,,{}
episode_rules_v9_9,Mc_010,Работа,2025-11-19 01:44:00,2025-12-16 05:30:00,27.16,1.0,high,,,{}
episode_rules_v9_9,Mc_010,Работа,2025-12-16 08:10:00,2025-12-31 02:20:00,14.76,1.0,high,,,{}
episode_rules_v9_9,Mc_010,Работа,2025-12-31 04:59:00,2026-01-02 14:28:00,2.4,1.0,high,,,{}
episode_rules_v9_9,Mc_010,Работа,2026-01-02 16:23:00,2026-01-15 01:48:00,12.39,1.0,high,,,{}
episode_rules_v9_9,Mc_010,Работа,2026-01-15 19:55:00,2026-01-23 10:37:00,7.61,1.0,high,,,{}
episode_rules_v9_9,Mc_010,Работа,2026-01-24 16:35:00,2026-01-24 21:54:00,0.22,1.0,high,,,{}
episode_rules_v9_9,Mc_010,Работа,2026-01-24 22:43:00,2026-01-25 06:29:00,0.32,1.0,high,,,{}
episode_rules_v9_9,Mc_010,Работа,2026-01-25 10:41:00,2026-02-07 11:23:00,13.03,1.0,high,,,{}
episode_rules_v9_9,Mc_010,Работа,2026-02-08 17:40:00,2026-02-15 05:42:00,6.5,1.0,high,,,{}
episode_rules_v9_9,Mc_010,Работа,2026-02-15 23:42:00,2026-02-20 08:54:00,4.38,1.0,high,,,{}
episode_rules_v9_9,Mc_010,Работа,2026-02-21 04:05:00,2026-03-10 13:10:00,17.38,1.0,high,,,{}
episode_rules_v9_9,Mc_010,Работа,2026-03-11 10:25:00,2026-03-21 00:02:00,9.57,1.0,high,,,{}
episode_rules_v9_9,Mc_010,Работа,2026-03-21 13:24:00,2026-03-24 04:04:00,2.61,1.0,high,,,{}
episode_rules_v9_9,Mc_010,Работа,2026-04-05 17:00:00,2026-04-06 13:15:00,0.84,1.0,high,,,{}
episode_rules_v9_9,Mc_010,Рост Кпрод,2025-08-12 00:00:00,2025-10-23 00:00:00,72.0,1.0,high,,,{}
episode_rules_v9_9,Mc_010,Рост Кпрод,2025-11-19 00:00:00,2026-01-14 00:00:00,56.0,1.0,high,,,{}
episode_rules_v9_9,Mc_010,Рост Рпл,2025-05-14 00:00:00,2025-10-23 23:00:00,162.96,1.0,high,,,{}
episode_rules_v9_9,Mc_010,Рост Рпл,2025-11-19 00:00:00,2026-01-14 23:00:00,56.96,1.0,high,,,{}
episode_rules_v9_9,Mc_010,Рост обводненности,2026-03-02 00:00:00,2026-03-15 23:00:00,13.96,1.0,high,,,{}
episode_rules_v9_9,Mc_010,Снижение Кпрод,2025-01-17 00:00:00,2025-01-23 23:00:00,6.96,0.5,medium,,,"{'ql_confirms': None, 'ql_opz': None}"
episode_rules_v9_9,Mc_010,Снижение Кпрод,2025-03-26 00:00:00,2025-03-29 23:00:00,3.96,0.5,medium,,,"{'ql_confirms': None, 'ql_opz': None}"
episode_rules_v9_9,Mc_010,Снижение Кпрод,2025-04-16 00:00:00,2025-04-22 23:00:00,6.96,0.5,medium,,,"{'ql_confirms': None, 'ql_opz': None}"
episode_rules_v9_9,Mc_010,Снижение Кпрод,2025-06-16 00:00:00,2025-06-22 23:00:00,6.96,0.5,medium,,,"{'ql_confirms': None, 'ql_opz': None}"
episode_rules_v9_9,Mc_010,Снижение Кпрод,2025-09-26 00:00:00,2025-09-30 23:00:00,4.96,0.5,medium,,,"{'ql_confirms': None, 'ql_opz': None}"
episode_rules_v9_9,Mc_010,Снижение Кпрод,2026-01-28 00:00:00,2026-02-03 23:00:00,6.96,0.5,medium,,,"{'ql_confirms': None, 'ql_opz': None}"
episode_rules_v9_9,Mc_010,Снижение Кпрод,2026-02-11 00:00:00,2026-02-25 23:00:00,14.96,0.25,medium,,,"{'ql_confirms': np.False_, 'ql_opz': None}"
episode_rules_v9_9,Mc_010,Снижение Кпрод,2026-03-14 00:00:00,2026-03-24 23:00:00,10.96,0.25,medium,,,"{'ql_confirms': np.False_, 'ql_opz': None}"
episode_rules_v9_9,Mc_010,Снижение Рпл,2025-01-01 00:00:00,2025-04-04 13:57:30,93.58,0.5,low,Снижение Рпл,0.716,"{'freq_stable': np.False_, 'ip_gradual': np.True_, 'ql_declining': None}"
episode_rules_v9_9,Mc_010,Снижение Рпл,2025-10-28 20:11:00,2025-12-18 12:46:00,50.69,0.5,low,НУР,0.503,"{'freq_stable': np.False_, 'ip_gradual': np.True_, 'ql_declining': None}"
episode_rules_v9_9,Mc_010,Снижение Рпл,2026-01-19 15:16:00,2026-03-23 19:44:00,63.19,0.333,low,НУР,0.491,"{'freq_stable': np.False_, 'ip_gradual': np.True_, 'ql_declining': np.False_}"
episode_rules_v9_9,Mc_010,УВЧ,2025-01-11 00:00:00,2025-01-18 23:00:00,7.96,0.833,medium,,,"{'freq_net_ok': np.True_, 'freq_trend_up': True, 'ql_rises': None}"
episode_rules_v9_9,Mc_010,УВЧ,2025-02-17 00:00:00,2025-03-02 23:00:00,13.96,0.5,low,,,"{'freq_net_ok': np.False_, 'freq_trend_up': True, 'ql_rises': None}"
episode_rules_v9_9,Mc_010,УВЧ,2025-05-12 00:00:00,2025-05-21 23:00:00,9.96,0.833,medium,,,"{'freq_net_ok': np.True_, 'freq_trend_up': True, 'ql_rises': None}"
episode_rules_v9_9,Mc_010,УВЧ,2025-06-23 00:00:00,2025-06-29 23:00:00,6.96,0.833,medium,,,"{'freq_net_ok': np.True_, 'freq_trend_up': True, 'ql_rises': None}"
episode_rules_v9_9,Mc_010,УВЧ,2025-08-09 00:00:00,2025-08-14 23:00:00,5.96,0.833,medium,,,"{'freq_net_ok': np.True_, 'freq_trend_up': True, 'ql_rises': None}"
episode_rules_v9_9,Mc_010,УВЧ,2025-08-28 00:00:00,2025-09-04 23:00:00,7.96,0.833,medium,,,"{'freq_net_ok': np.True_, 'freq_trend_up': True, 'ql_rises': None}"
episode_rules_v9_9,Mc_010,УВЧ,2025-09-08 00:00:00,2026-02-02 23:00:00,147.96,0.667,medium,,,"{'freq_net_ok': np.True_, 'freq_trend_up': True, 'ql_rises': False}"
episode_rules_v9_9,Mc_010,УВЧ,2026-02-16 00:00:00,2026-02-18 23:00:00,2.96,0.833,medium,,,"{'freq_net_ok': np.True_, 'freq_trend_up': True, 'ql_rises': None}"
episode_rules_v9_9,Mc_010,УВЧ,2026-03-01 00:00:00,2026-03-16 23:00:00,15.96,0.0,low,,,"{'freq_net_ok': np.False_, 'freq_trend_up': False, 'ql_rises': False}"
episode_rules_v9_9,Mc_1003,НУР,2025-02-13 00:00:00,2025-02-20 23:00:00,7.96,0.833,medium,Снижение Рпл,0.206,"{'ip_no_spike': np.True_, 'ip_smooth': True, 'ql_recovers': None}"
episode_rules_v9_9,Mc_1003,НУР,2025-03-08 00:00:00,2025-03-10 23:00:00,2.96,0.5,low,Снижение Рпл,0.237,"{'ip_no_spike': np.False_, 'ip_smooth': True, 'ql_recovers': None}"
episode_rules_v9_9,Mc_1003,НУР,2025-03-20 00:00:00,2025-03-21 23:00:00,1.96,0.5,medium,НУР,0.18,"{'ip_no_spike': None, 'ip_smooth': None, 'ql_recovers': None}"
episode_rules_v9_9,Mc_1003,НУР,2025-04-15 00:00:00,2025-04-16 23:00:00,1.96,0.5,low,Снижение Рпл,0.326,"{'ip_no_spike': None, 'ip_smooth': None, 'ql_recovers': None}"
episode_rules_v9_9,Mc_1003,НУР,2025-07-01 00:00:00,2025-07-02 23:00:00,1.96,0.5,low,Снижение Рпл,0.325,"{'ip_no_spike': None, 'ip_smooth': None, 'ql_recovers': None}"
episode_rules_v9_9,Mc_1003,НУР,2025-08-13 00:00:00,2025-08-15 23:00:00,2.96,0.5,low,Снижение Рпл,0.239,"{'ip_no_spike': np.False_, 'ip_smooth': True, 'ql_recovers': None}"
episode_rules_v9_9,Mc_1003,НУР,2025-09-27 00:00:00,2025-09-29 23:00:00,2.96,0.833,medium,Снижение Рпл,0.236,"{'ip_no_spike': np.True_, 'ip_smooth': True, 'ql_recovers': None}"
episode_rules_v9_9,Mc_1003,НУР,2025-10-16 00:00:00,2025-10-19 23:00:00,3.96,0.833,medium,НУР,0.262,"{'ip_no_spike': np.True_, 'ip_smooth': True, 'ql_recovers': None}"
episode_rules_v9_9,Mc_1003,НУР,2025-10-24 00:00:00,2025-10-26 23:00:00,2.96,0.5,low,НУР,0.321,"{'ip_no_spike': np.False_, 'ip_smooth': True, 'ql_recovers': None}"
episode_rules_v9_9,Mc_1003,НУР,2025-11-19 00:00:00,2025-11-21 23:00:00,2.96,0.5,low,Снижение Рпл,0.155,"{'ip_no_spike': np.False_, 'ip_smooth': True, 'ql_recovers': None}"
episode_rules_v9_9,Mc_1003,НУР,2026-01-22 00:00:00,2026-01-23 23:00:00,1.96,0.5,medium,НУР,0.073,"{'ip_no_spike': None, 'ip_smooth': None, 'ql_recovers': None}"
episode_rules_v9_9,Mc_1003,НУР,2026-02-16 00:00:00,2026-02-18 23:00:00,2.96,0.333,low,НУР,0.322,"{'ip_no_spike': np.False_, 'ip_smooth': True, 'ql_recovers': False}"
episode_rules_v9_9,Mc_1003,НУР,2026-03-25 00:00:00,2026-03-29 23:00:00,4.96,0.833,medium,НУР,0.241,"{'ip_no_spike': np.True_, 'ip_smooth': True, 'ql_recovers': None}"
episode_rules_v9_9,Mc_1003,Осложнённый фонд,2025-05-20 00:00:00,2026-05-01 02:49:00,346.12,1.0,high,,,{}
episode_rules_v9_9,Mc_1003,Остановка,2025-01-20 06:27:00,2025-01-20 07:12:00,0.03,1.0,high,,,{}
episode_rules_v9_9,Mc_1003,Остановка,2025-01-22 13:39:00,2025-01-22 14:02:00,0.02,1.0,high,,,{}
episode_rules_v9_9,Mc_1003,Остановка,2025-01-30 19:58:00,2025-02-13 05:13:00,13.39,1.0,high,,,{}
episode_rules_v9_9,Mc_1003,Остановка,2025-03-07 14:47:00,2025-03-08 13:08:00,0.93,1.0,high,,,{}
episode_rules_v9_9,Mc_1003,Остановка,2025-03-19 04:54:00,2025-03-19 16:36:00,0.49,1.0,high,,,{}
episode_rules_v9_9,Mc_1003,Остановка,2025-03-31 09:50:00,2025-03-31 12:40:00,0.12,1.0,high,,,{}
episode_rules_v9_9,Mc_1003,Остановка,2025-04-15 09:59:00,2025-04-15 16:03:00,0.25,1.0,high,,,{}
episode_rules_v9_9,Mc_1003,Остановка,2025-04-20 02:28:00,2025-04-20 03:00:00,0.02,1.0,high,,,{}
episode_rules_v9_9,Mc_1003,Остановка,2025-04-27 13:07:00,2025-04-27 14:52:00,0.07,1.0,high,,,{}
episode_rules_v9_9,Mc_1003,Остановка,2025-05-03 10:06:00,2025-05-03 10:32:00,0.02,1.0,high,,,{}
episode_rules_v9_9,Mc_1003,Остановка,2025-06-02 08:03:00,2025-06-02 14:02:00,0.25,1.0,high,,,{}
episode_rules_v9_9,Mc_1003,Остановка,2025-06-09 07:47:00,2025-06-09 09:36:00,0.08,1.0,high,,,{}
episode_rules_v9_9,Mc_1003,Остановка,2025-06-10 23:56:00,2025-06-11 00:44:00,0.03,1.0,high,,,{}
episode_rules_v9_9,Mc_1003,Остановка,2025-06-16 00:31:00,2025-06-16 02:01:00,0.06,1.0,high,,,{}
episode_rules_v9_9,Mc_1003,Остановка,2025-06-16 08:27:00,2025-06-16 13:14:00,0.2,1.0,high,,,{}
episode_rules_v9_9,Mc_1003,Остановка,2025-06-30 16:47:00,2025-07-01 01:06:00,0.35,1.0,high,,,{}
episode_rules_v9_9,Mc_1003,Остановка,2025-07-18 17:45:00,2025-07-18 18:42:00,0.04,1.0,high,,,{}
episode_rules_v9_9,Mc_1003,Остановка,2025-08-12 06:40:00,2025-08-13 00:17:00,0.73,1.0,high,,,{}
episode_rules_v9_9,Mc_1003,Остановка,2025-08-20 14:29:00,2025-08-20 16:41:00,0.09,1.0,high,,,{}
episode_rules_v9_9,Mc_1003,Остановка,2025-09-04 12:50:00,2025-09-04 15:47:00,0.12,1.0,high,,,{}
episode_rules_v9_9,Mc_1003,Остановка,2025-09-27 03:54:00,2025-09-27 05:06:00,0.05,1.0,high,,,{}
episode_rules_v9_9,Mc_1003,Остановка,2025-09-27 05:57:00,2025-09-27 13:08:00,0.3,1.0,high,,,{}
episode_rules_v9_9,Mc_1003,Остановка,2025-10-11 00:46:00,2025-10-11 04:47:00,0.17,1.0,high,,,{}
episode_rules_v9_9,Mc_1003,Остановка,2025-10-15 21:57:00,2025-10-16 04:07:00,0.26,1.0,high,,,{}
episode_rules_v9_9,Mc_1003,Остановка,2025-10-18 10:40:00,2025-10-18 12:50:00,0.09,1.0,high,,,{}
episode_rules_v9_9,Mc_1003,Остановка,2025-10-22 09:19:00,2025-10-22 11:18:00,0.08,1.0,high,,,{}
episode_rules_v9_9,Mc_1003,Остановка,2025-10-23 06:31:00,2025-10-23 22:28:00,0.66,1.0,high,,,{}
episode_rules_v9_9,Mc_1003,Остановка,2025-10-30 10:12:00,2025-10-30 10:54:00,0.03,1.0,high,,,{}
episode_rules_v9_9,Mc_1003,Остановка,2025-11-09 11:39:00,2025-11-09 14:40:00,0.13,1.0,high,,,{}
episode_rules_v9_9,Mc_1003,Остановка,2025-11-18 04:09:00,2025-11-19 02:06:00,0.91,1.0,high,,,{}
episode_rules_v9_9,Mc_1003,Остановка,2025-12-03 08:40:00,2025-12-03 13:00:00,0.18,1.0,high,,,{}
episode_rules_v9_9,Mc_1003,Остановка,2025-12-24 03:12:00,2025-12-24 04:01:00,0.03,1.0,high,,,{}
episode_rules_v9_9,Mc_1003,Остановка,2025-12-24 12:46:00,2025-12-24 13:27:00,0.03,1.0,high,,,{}
episode_rules_v9_9,Mc_1003,Остановка,2025-12-26 15:33:00,2025-12-26 16:23:00,0.03,1.0,high,,,{}
episode_rules_v9_9,Mc_1003,Остановка,2025-12-27 08:00:00,2025-12-27 11:00:00,0.12,1.0,high,,,{}
episode_rules_v9_9,Mc_1003,Остановка,2025-12-31 21:35:00,2026-01-01 03:10:00,0.23,1.0,high,,,{}
episode_rules_v9_9,Mc_1003,Остановка,2026-01-20 11:34:00,2026-01-20 13:57:00,0.1,1.0,high,,,{}
episode_rules_v9_9,Mc_1003,Остановка,2026-01-22 05:01:00,2026-01-22 12:00:00,0.29,1.0,high,,,{}
episode_rules_v9_9,Mc_1003,Остановка,2026-02-06 12:25:00,2026-02-06 17:17:00,0.2,1.0,high,,,{}
episode_rules_v9_9,Mc_1003,Остановка,2026-02-07 10:28:00,2026-02-07 12:57:00,0.1,1.0,high,,,{}
episode_rules_v9_9,Mc_1003,Остановка,2026-02-15 04:43:00,2026-02-15 22:39:00,0.75,1.0,high,,,{}
episode_rules_v9_9,Mc_1003,Остановка,2026-02-19 03:35:00,2026-02-19 04:54:00,0.05,1.0,high,,,{}
episode_rules_v9_9,Mc_1003,Остановка,2026-03-09 17:08:00,2026-03-09 19:10:00,0.08,1.0,high,,,{}
episode_rules_v9_9,Mc_1003,Остановка,2026-03-19 16:01:00,2026-03-19 17:07:00,0.05,1.0,high,,,{}
episode_rules_v9_9,Mc_1003,Остановка,2026-03-24 04:04:00,2026-03-25 13:31:00,1.39,1.0,high,,,{}
episode_rules_v9_9,Mc_1003,Остановка,2026-03-27 05:01:00,2026-03-27 09:35:00,0.19,1.0,high,,,{}
episode_rules_v9_9,Mc_1003,Остановка,2026-04-09 09:16:00,2026-04-09 12:43:00,0.14,1.0,high,,,{}
episode_rules_v9_9,Mc_1003,Остановка,2026-04-12 05:02:00,2026-04-12 23:46:00,0.78,1.0,high,,,{}
episode_rules_v9_9,Mc_1003,РПТЧ,2025-01-01 00:00:00,2025-02-10 00:00:00,40.0,0.75,medium,,,"{'ql_oscillates': None, 'round_hz': np.True_}"
episode_rules_v9_9,Mc_1003,РПТЧ,2025-02-10 00:00:00,2025-02-11 00:00:00,1.0,0.5,medium,,,"{'freq_data': None, 'ql_oscillates': None}"
episode_rules_v9_9,Mc_1003,РПТЧ,2025-02-11 00:00:00,2026-04-12 05:02:00,425.21,1.0,high,,,"{'ql_oscillates': np.True_, 'round_hz': np.True_}"
episode_rules_v9_9,Mc_1003,Работа,2025-01-01 00:00:00,2025-01-20 06:27:00,19.27,1.0,high,,,{}
episode_rules_v9_9,Mc_1003,Работа,2025-01-20 07:12:00,2025-01-22 13:39:00,2.27,1.0,high,,,{}
episode_rules_v9_9,Mc_1003,Работа,2025-01-22 14:02:00,2025-01-30 19:58:00,8.25,1.0,high,,,{}
episode_rules_v9_9,Mc_1003,Работа,2025-02-13 05:13:00,2025-03-07 14:47:00,22.4,1.0,high,,,{}
episode_rules_v9_9,Mc_1003,Работа,2025-03-08 13:08:00,2025-03-19 04:54:00,10.66,1.0,high,,,{}
episode_rules_v9_9,Mc_1003,Работа,2025-03-19 16:36:00,2025-03-31 09:50:00,11.72,1.0,high,,,{}
episode_rules_v9_9,Mc_1003,Работа,2025-03-31 12:40:00,2025-04-15 09:59:00,14.89,1.0,high,,,{}
episode_rules_v9_9,Mc_1003,Работа,2025-04-15 16:03:00,2025-04-20 02:28:00,4.43,1.0,high,,,{}
episode_rules_v9_9,Mc_1003,Работа,2025-04-20 03:00:00,2025-04-27 13:07:00,7.42,1.0,high,,,{}
episode_rules_v9_9,Mc_1003,Работа,2025-04-27 14:52:00,2025-05-03 10:06:00,5.8,1.0,high,,,{}
episode_rules_v9_9,Mc_1003,Работа,2025-05-03 10:32:00,2025-06-02 08:03:00,29.9,1.0,high,,,{}
episode_rules_v9_9,Mc_1003,Работа,2025-06-02 14:02:00,2025-06-09 07:47:00,6.74,1.0,high,,,{}
episode_rules_v9_9,Mc_1003,Работа,2025-06-09 09:36:00,2025-06-10 23:56:00,1.6,1.0,high,,,{}
episode_rules_v9_9,Mc_1003,Работа,2025-06-11 00:44:00,2025-06-16 00:31:00,4.99,1.0,high,,,{}
episode_rules_v9_9,Mc_1003,Работа,2025-06-16 02:01:00,2025-06-16 08:27:00,0.27,1.0,high,,,{}
episode_rules_v9_9,Mc_1003,Работа,2025-06-16 13:14:00,2025-06-30 16:47:00,14.15,1.0,high,,,{}
episode_rules_v9_9,Mc_1003,Работа,2025-07-01 01:06:00,2025-07-18 17:45:00,17.69,1.0,high,,,{}
episode_rules_v9_9,Mc_1003,Работа,2025-07-18 18:42:00,2025-08-12 06:40:00,24.5,1.0,high,,,{}
episode_rules_v9_9,Mc_1003,Работа,2025-08-13 00:17:00,2025-08-20 14:29:00,7.59,1.0,high,,,{}
episode_rules_v9_9,Mc_1003,Работа,2025-08-20 16:41:00,2025-09-04 12:50:00,14.84,1.0,high,,,{}
episode_rules_v9_9,Mc_1003,Работа,2025-09-04 15:47:00,2025-09-27 03:54:00,22.5,1.0,high,,,{}
episode_rules_v9_9,Mc_1003,Работа,2025-09-27 05:06:00,2025-09-27 05:57:00,0.04,1.0,high,,,{}
episode_rules_v9_9,Mc_1003,Работа,2025-09-27 13:08:00,2025-10-11 00:46:00,13.48,1.0,high,,,{}
episode_rules_v9_9,Mc_1003,Работа,2025-10-11 04:47:00,2025-10-15 21:57:00,4.72,1.0,high,,,{}
episode_rules_v9_9,Mc_1003,Работа,2025-10-16 04:07:00,2025-10-18 10:40:00,2.27,1.0,high,,,{}
episode_rules_v9_9,Mc_1003,Работа,2025-10-18 12:50:00,2025-10-22 09:19:00,3.85,1.0,high,,,{}
episode_rules_v9_9,Mc_1003,Работа,2025-10-22 11:18:00,2025-10-23 06:31:00,0.8,1.0,high,,,{}
episode_rules_v9_9,Mc_1003,Работа,2025-10-23 22:28:00,2025-10-30 10:12:00,6.49,1.0,high,,,{}
episode_rules_v9_9,Mc_1003,Работа,2025-10-30 10:54:00,2025-11-09 11:39:00,10.03,1.0,high,,,{}
episode_rules_v9_9,Mc_1003,Работа,2025-11-09 14:40:00,2025-11-18 04:09:00,8.56,1.0,high,,,{}
episode_rules_v9_9,Mc_1003,Работа,2025-11-19 02:06:00,2025-12-03 08:40:00,14.27,1.0,high,,,{}
episode_rules_v9_9,Mc_1003,Работа,2025-12-03 13:00:00,2025-12-24 03:12:00,20.59,1.0,high,,,{}
episode_rules_v9_9,Mc_1003,Работа,2025-12-24 04:01:00,2025-12-24 12:46:00,0.36,1.0,high,,,{}
episode_rules_v9_9,Mc_1003,Работа,2025-12-24 13:27:00,2025-12-26 15:33:00,2.09,1.0,high,,,{}
episode_rules_v9_9,Mc_1003,Работа,2025-12-26 16:23:00,2025-12-27 08:00:00,0.65,1.0,high,,,{}
episode_rules_v9_9,Mc_1003,Работа,2025-12-27 11:00:00,2025-12-31 21:35:00,4.44,1.0,high,,,{}
episode_rules_v9_9,Mc_1003,Работа,2026-01-01 03:10:00,2026-01-20 11:34:00,19.35,1.0,high,,,{}
episode_rules_v9_9,Mc_1003,Работа,2026-01-20 13:57:00,2026-01-22 05:01:00,1.63,1.0,high,,,{}
episode_rules_v9_9,Mc_1003,Работа,2026-01-22 12:00:00,2026-02-06 12:25:00,15.02,1.0,high,,,{}
episode_rules_v9_9,Mc_1003,Работа,2026-02-06 17:17:00,2026-02-07 10:28:00,0.72,1.0,high,,,{}
episode_rules_v9_9,Mc_1003,Работа,2026-02-07 12:57:00,2026-02-15 04:43:00,7.66,1.0,high,,,{}
episode_rules_v9_9,Mc_1003,Работа,2026-02-15 22:39:00,2026-02-19 03:35:00,3.21,1.0,high,,,{}
episode_rules_v9_9,Mc_1003,Работа,2026-02-19 04:54:00,2026-03-09 17:08:00,18.51,1.0,high,,,{}
episode_rules_v9_9,Mc_1003,Работа,2026-03-09 19:10:00,2026-03-19 16:01:00,9.87,1.0,high,,,{}
episode_rules_v9_9,Mc_1003,Работа,2026-03-19 17:07:00,2026-03-24 04:04:00,4.46,1.0,high,,,{}
episode_rules_v9_9,Mc_1003,Работа,2026-03-25 13:31:00,2026-03-27 05:01:00,1.65,1.0,high,,,{}
episode_rules_v9_9,Mc_1003,Работа,2026-03-27 09:35:00,2026-04-09 09:16:00,12.99,1.0,high,,,{}
episode_rules_v9_9,Mc_1003,Работа,2026-04-09 12:43:00,2026-04-12 05:02:00,2.68,1.0,high,,,{}
episode_rules_v9_9,Mc_1003,Работа,2026-04-12 23:46:00,2026-05-01 02:49:00,18.13,1.0,high,,,{}
episode_rules_v9_9,Mc_1003,Рост Кпрод,2025-08-16 00:00:00,2025-11-18 00:00:00,94.0,1.0,high,,,{}
episode_rules_v9_9,Mc_1003,Рост Кпрод,2026-03-30 00:00:00,2026-04-12 00:00:00,13.0,1.0,high,,,{}
episode_rules_v9_9,Mc_1003,Рост Рпл,2026-03-30 00:00:00,2026-04-12 23:00:00,13.96,1.0,high,,,{}
episode_rules_v9_9,Mc_1003,Снижение Кпрод,2025-04-16 00:00:00,2025-04-22 23:00:00,6.96,0.5,medium,,,"{'ql_confirms': None, 'ql_opz': None}"
episode_rules_v9_9,Mc_1003,Снижение Кпрод,2025-07-04 00:00:00,2025-07-08 23:00:00,4.96,0.5,medium,,,"{'ql_confirms': None, 'ql_opz': None}"
episode_rules_v9_9,Mc_1003,Снижение Кпрод,2025-07-17 00:00:00,2025-07-23 23:00:00,6.96,0.5,medium,,,"{'ql_confirms': None, 'ql_opz': None}"
episode_rules_v9_9,Mc_1003,Снижение Кпрод,2025-09-30 00:00:00,2025-10-04 23:00:00,4.96,0.5,medium,,,"{'ql_confirms': None, 'ql_opz': None}"
episode_rules_v9_9,Mc_1003,Снижение Кпрод,2025-10-19 00:00:00,2025-10-31 23:00:00,12.96,0.5,medium,,,"{'ql_confirms': None, 'ql_opz': None}"
episode_rules_v9_9,Mc_1003,Снижение Кпрод,2025-11-22 00:00:00,2025-11-26 23:00:00,4.96,0.5,medium,,,"{'ql_confirms': None, 'ql_opz': None}"
episode_rules_v9_9,Mc_1003,Снижение Кпрод,2025-12-16 00:00:00,2025-12-22 23:00:00,6.96,0.5,medium,,,"{'ql_confirms': None, 'ql_opz': None}"
episode_rules_v9_9,Mc_1003,Снижение Кпрод,2026-02-21 00:00:00,2026-02-23 23:00:00,2.96,0.5,medium,,,"{'ql_confirms': None, 'ql_opz': None}"
episode_rules_v9_9,Mc_1003,Снижение Кпрод,2026-03-17 00:00:00,2026-03-23 23:00:00,6.96,0.75,high,,,"{'ql_confirms': np.True_, 'ql_opz': None}"
episode_rules_v9_9,Mc_1003,Снижение Кпрод,2026-04-21 00:00:00,2026-04-27 23:00:00,6.96,0.75,high,,,"{'ql_confirms': np.True_, 'ql_opz': None}"
episode_rules_v9_9,Mc_1003,Снижение Рпл,2025-01-15 21:59:00,2025-09-18 14:24:00,245.68,0.167,low,Снижение Рпл,0.315,"{'freq_stable': np.False_, 'ip_gradual': np.False_, 'ql_declining': None}"
episode_rules_v9_9,Mc_1003,УВЧ,2025-01-04 00:00:00,2025-01-08 23:00:00,4.96,0.833,medium,,,"{'freq_net_ok': np.True_, 'freq_trend_up': True, 'ql_rises': None}"
episode_rules_v9_9,Mc_1003,УВЧ,2025-01-15 00:00:00,2025-01-18 23:00:00,3.96,0.833,medium,,,"{'freq_net_ok': np.True_, 'freq_trend_up': True, 'ql_rises': None}"
episode_rules_v9_9,Mc_1003,УВЧ,2025-02-25 00:00:00,2025-03-10 23:00:00,13.96,0.833,medium,,,"{'freq_net_ok': np.True_, 'freq_trend_up': True, 'ql_rises': None}"
episode_rules_v9_9,Mc_1003,УВЧ,2025-03-20 00:00:00,2025-05-04 23:00:00,45.96,0.5,low,,,"{'freq_net_ok': np.True_, 'freq_trend_up': False, 'ql_rises': None}"
episode_rules_v9_9,Mc_1003,УВЧ,2025-06-02 00:00:00,2025-06-17 23:00:00,15.96,0.167,low,,,"{'freq_net_ok': np.False_, 'freq_trend_up': False, 'ql_rises': None}"
episode_rules_v9_9,Mc_1003,УВЧ,2025-10-25 00:00:00,2025-10-29 23:00:00,4.96,0.833,medium,,,"{'freq_net_ok': np.True_, 'freq_trend_up': True, 'ql_rises': None}"
episode_rules_v9_9,Mc_1003,УВЧ,2025-11-13 00:00:00,2025-11-17 23:00:00,4.96,0.833,medium,,,"{'freq_net_ok': np.True_, 'freq_trend_up': True, 'ql_rises': None}"
episode_rules_v9_9,Mc_1003,УВЧ,2025-11-22 00:00:00,2025-12-27 23:00:00,35.96,0.5,low,,,"{'freq_net_ok': np.False_, 'freq_trend_up': True, 'ql_rises': None}"
episode_rules_v9_9,Mc_1003,УВЧ,2026-01-08 00:00:00,2026-01-17 23:00:00,9.96,0.833,medium,,,"{'freq_net_ok': np.True_, 'freq_trend_up': True, 'ql_rises': None}"
episode_rules_v9_9,Mc_1003,УВЧ,2026-02-13 00:00:00,2026-02-18 23:00:00,5.96,0.0,low,,,"{'freq_net_ok': np.False_, 'freq_trend_up': False, 'ql_rises': False}"
episode_rules_v9_9,Mc_1003,УВЧ,2026-03-18 00:00:00,2026-03-23 23:00:00,5.96,0.667,medium,,,"{'freq_net_ok': np.True_, 'freq_trend_up': True, 'ql_rises': False}"
episode_rules_v9_9,Mc_1003,УВЧ,2026-04-16 00:00:00,2026-04-23 23:00:00,7.96,0.667,medium,,,"{'freq_net_ok': np.True_, 'freq_trend_up': True, 'ql_rises': False}"
episode_rules_v9_9,Mc_1004,ГДИ,2025-01-01 00:00:00,2025-01-10 09:12:00,9.38,1.0,high,,,"{'ip_kvd_rising': np.True_, 'ql_zero': True}"
episode_rules_v9_9,Mc_1004,ГДИ,2026-02-07 20:56:00,2026-02-16 01:21:00,8.18,0.5,medium,,,"{'ip_kvd_rising': np.True_, 'ql_zero': np.False_}"
episode_rules_v9_9,Mc_1004,ГДИ,2026-02-16 10:44:00,2026-02-19 04:18:00,2.73,0.5,medium,,,"{'ip_kvd_rising': np.True_, 'ql_zero': np.False_}"
episode_rules_v9_9,Mc_1004,Деградация ЭЦН,2025-03-17 00:00:00,2025-05-16 00:00:00,60.0,1.0,high,,,{}
episode_rules_v9_9,Mc_1004,НУР,2025-01-10 00:00:00,2025-02-04 23:00:00,25.96,0.833,medium,Снижение Рпл,0.238,"{'ip_no_spike': np.True_, 'ip_smooth': True, 'ql_recovers': None}"
episode_rules_v9_9,Mc_1004,НУР,2025-03-19 00:00:00,2025-03-21 23:00:00,2.96,0.5,low,Снижение Рпл,0.216,"{'ip_no_spike': np.False_, 'ip_smooth': True, 'ql_recovers': None}"
episode_rules_v9_9,Mc_1004,НУР,2025-04-15 00:00:00,2025-04-16 23:00:00,1.96,0.5,low,Снижение Рпл,0.354,"{'ip_no_spike': None, 'ip_smooth': None, 'ql_recovers': None}"
episode_rules_v9_9,Mc_1004,НУР,2025-07-01 00:00:00,2025-07-02 23:00:00,1.96,0.5,low,Снижение Рпл,0.255,"{'ip_no_spike': None, 'ip_smooth': None, 'ql_recovers': None}"
episode_rules_v9_9,Mc_1004,НУР,2025-10-24 00:00:00,2025-10-25 23:00:00,1.96,0.5,medium,НУР,0.209,"{'ip_no_spike': None, 'ip_smooth': None, 'ql_recovers': None}"
episode_rules_v9_9,Mc_1004,НУР,2025-11-19 00:00:00,2025-11-20 23:00:00,1.96,0.5,low,Снижение Рпл,0.35,"{'ip_no_spike': None, 'ip_smooth': None, 'ql_recovers': None}"
episode_rules_v9_9,Mc_1004,НУР,2025-12-08 00:00:00,2025-12-12 23:00:00,4.96,0.5,low,НУР,0.141,"{'ip_no_spike': np.False_, 'ip_smooth': True, 'ql_recovers': None}"
episode_rules_v9_9,Mc_1004,НУР,2025-12-17 00:00:00,2025-12-20 23:00:00,3.96,0.5,low,НУР,0.613,"{'ip_no_spike': np.False_, 'ip_smooth': True, 'ql_recovers': None}"
episode_rules_v9_9,Mc_1004,НУР,2026-01-23 00:00:00,2026-01-26 23:00:00,3.96,0.833,medium,НУР,0.345,"{'ip_no_spike': np.True_, 'ip_smooth': True, 'ql_recovers': None}"
episode_rules_v9_9,Mc_1004,НУР,2026-02-02 00:00:00,2026-02-05 23:00:00,3.96,0.833,medium,НУР,0.322,"{'ip_no_spike': np.True_, 'ip_smooth': True, 'ql_recovers': None}"
episode_rules_v9_9,Mc_1004,НУР,2026-02-16 00:00:00,2026-02-27 23:00:00,11.96,0.667,low,Снижение Рпл,0.317,"{'ip_no_spike': np.True_, 'ip_smooth': True, 'ql_recovers': False}"
episode_rules_v9_9,Mc_1004,Осложнённый фонд,2025-10-02 00:00:00,2026-02-24 23:00:00,145.96,1.0,high,,,{}
episode_rules_v9_9,Mc_1004,Остановка,2025-01-01 00:00:00,2025-01-10 09:12:00,9.38,1.0,high,,,{}
episode_rules_v9_9,Mc_1004,Остановка,2025-02-01 18:58:00,2025-02-01 20:32:00,0.07,1.0,high,,,{}
episode_rules_v9_9,Mc_1004,Остановка,2025-02-01 20:48:00,2025-02-01 21:40:00,0.04,1.0,high,,,{}
episode_rules_v9_9,Mc_1004,Остановка,2025-02-11 05:36:00,2025-02-11 10:30:00,0.2,1.0,high,,,{}
episode_rules_v9_9,Mc_1004,Остановка,2025-03-03 13:53:00,2025-03-03 15:44:00,0.08,1.0,high,,,{}
episode_rules_v9_9,Mc_1004,Остановка,2025-03-19 05:12:00,2025-03-19 19:00:00,0.57,1.0,high,,,{}
episode_rules_v9_9,Mc_1004,Остановка,2025-04-15 09:59:00,2025-04-15 16:04:00,0.25,1.0,high,,,{}
episode_rules_v9_9,Mc_1004,Остановка,2025-04-27 13:05:00,2025-04-27 13:58:00,0.04,1.0,high,,,{}
episode_rules_v9_9,Mc_1004,Остановка,2025-04-28 07:22:00,2025-04-28 08:54:00,0.06,1.0,high,,,{}
episode_rules_v9_9,Mc_1004,Остановка,2025-05-03 10:06:00,2025-05-03 10:31:00,0.02,1.0,high,,,{}
episode_rules_v9_9,Mc_1004,Остановка,2025-06-02 08:03:00,2025-06-02 11:19:00,0.14,1.0,high,,,{}
episode_rules_v9_9,Mc_1004,Остановка,2025-06-10 23:55:00,2025-06-11 00:47:00,0.04,1.0,high,,,{}
episode_rules_v9_9,Mc_1004,Остановка,2025-06-11 16:37:00,2025-06-11 17:13:00,0.03,1.0,high,,,{}
episode_rules_v9_9,Mc_1004,Остановка,2025-06-22 08:49:00,2025-06-22 09:45:00,0.04,1.0,high,,,{}
episode_rules_v9_9,Mc_1004,Остановка,2025-06-30 16:46:00,2025-07-01 00:38:00,0.33,1.0,high,,,{}
episode_rules_v9_9,Mc_1004,Остановка,2025-07-18 17:45:00,2025-07-18 18:09:00,0.02,1.0,high,,,{}
episode_rules_v9_9,Mc_1004,Остановка,2025-08-09 08:12:00,2025-08-09 09:44:00,0.06,1.0,high,,,{}
episode_rules_v9_9,Mc_1004,Остановка,2025-08-12 06:35:00,2025-08-13 00:02:00,0.73,1.0,high,,,{}
episode_rules_v9_9,Mc_1004,Остановка,2025-08-31 01:00:00,2025-08-31 05:50:00,0.2,1.0,high,,,{}
episode_rules_v9_9,Mc_1004,Остановка,2025-09-01 15:16:00,2025-09-01 17:50:00,0.11,1.0,high,,,{}
episode_rules_v9_9,Mc_1004,Остановка,2025-09-11 14:15:00,2025-09-11 17:17:00,0.13,1.0,high,,,{}
episode_rules_v9_9,Mc_1004,Остановка,2025-10-04 21:47:00,2025-10-05 00:04:00,0.1,1.0,high,,,{}
episode_rules_v9_9,Mc_1004,Остановка,2025-10-05 01:00:00,2025-10-05 02:56:00,0.08,1.0,high,,,{}
episode_rules_v9_9,Mc_1004,Остановка,2025-10-05 20:16:00,2025-10-05 22:05:00,0.08,1.0,high,,,{}
episode_rules_v9_9,Mc_1004,Остановка,2025-10-07 09:49:00,2025-10-07 13:15:00,0.14,1.0,high,,,{}
episode_rules_v9_9,Mc_1004,Остановка,2025-10-09 16:18:00,2025-10-09 17:18:00,0.04,1.0,high,,,{}
episode_rules_v9_9,Mc_1004,Остановка,2025-10-20 05:07:00,2025-10-20 06:41:00,0.07,1.0,high,,,{}
episode_rules_v9_9,Mc_1004,Остановка,2025-10-22 09:27:00,2025-10-22 11:03:00,0.07,1.0,high,,,{}
episode_rules_v9_9,Mc_1004,Остановка,2025-10-23 05:36:00,2025-10-23 22:57:00,0.72,1.0,high,,,{}
episode_rules_v9_9,Mc_1004,Остановка,2025-10-27 17:34:00,2025-10-27 19:53:00,0.1,1.0,high,,,{}
episode_rules_v9_9,Mc_1004,Остановка,2025-11-18 04:01:00,2025-11-19 02:40:00,0.94,1.0,high,,,{}
episode_rules_v9_9,Mc_1004,Остановка,2025-11-25 19:29:00,2025-11-25 23:29:00,0.17,1.0,high,,,{}
episode_rules_v9_9,Mc_1004,Остановка,2025-11-29 01:30:00,2025-11-29 04:41:00,0.13,1.0,high,,,{}
episode_rules_v9_9,Mc_1004,Остановка,2025-12-08 01:52:00,2025-12-08 02:53:00,0.04,1.0,high,,,{}
episode_rules_v9_9,Mc_1004,Остановка,2025-12-08 03:31:00,2025-12-08 06:25:00,0.12,1.0,high,,,{}
episode_rules_v9_9,Mc_1004,Остановка,2025-12-08 08:22:00,2025-12-08 12:55:00,0.19,1.0,high,,,{}
episode_rules_v9_9,Mc_1004,Остановка,2025-12-08 13:37:00,2025-12-08 21:50:00,0.34,1.0,high,,,{}
episode_rules_v9_9,Mc_1004,Остановка,2025-12-16 15:04:00,2025-12-16 15:42:00,0.03,1.0,high,,,{}
episode_rules_v9_9,Mc_1004,Остановка,2025-12-16 16:40:00,2025-12-16 23:45:00,0.3,1.0,high,,,{}
episode_rules_v9_9,Mc_1004,Остановка,2025-12-17 12:40:00,2025-12-17 12:53:00,0.01,1.0,high,,,{}
episode_rules_v9_9,Mc_1004,Остановка,2026-01-01 23:14:00,2026-01-02 01:28:00,0.09,1.0,high,,,{}
episode_rules_v9_9,Mc_1004,Остановка,2026-01-19 11:26:00,2026-01-19 19:35:00,0.34,1.0,high,,,{}
episode_rules_v9_9,Mc_1004,Остановка,2026-01-23 08:06:00,2026-01-23 16:08:00,0.33,1.0,high,,,{}
episode_rules_v9_9,Mc_1004,Остановка,2026-01-23 16:32:00,2026-01-23 17:09:00,0.03,1.0,high,,,{}
episode_rules_v9_9,Mc_1004,Остановка,2026-01-28 12:56:00,2026-01-28 19:10:00,0.26,1.0,high,,,{}
episode_rules_v9_9,Mc_1004,Остановка,2026-01-29 14:25:00,2026-01-29 18:16:00,0.16,1.0,high,,,{}
episode_rules_v9_9,Mc_1004,Остановка,2026-01-29 18:43:00,2026-01-30 04:59:00,0.43,1.0,high,,,{}
episode_rules_v9_9,Mc_1004,Остановка,2026-01-31 07:24:00,2026-02-02 04:11:00,1.87,1.0,high,,,{}
episode_rules_v9_9,Mc_1004,Остановка,2026-02-02 05:09:00,2026-02-02 13:46:00,0.36,1.0,high,,,{}
episode_rules_v9_9,Mc_1004,Остановка,2026-02-03 07:19:00,2026-02-03 16:35:00,0.39,1.0,high,,,{}
episode_rules_v9_9,Mc_1004,Остановка,2026-02-06 17:12:00,2026-02-07 19:56:00,1.11,1.0,high,,,{}
episode_rules_v9_9,Mc_1004,Остановка,2026-02-07 20:56:00,2026-02-16 01:21:00,8.18,1.0,high,,,{}
episode_rules_v9_9,Mc_1004,Остановка,2026-02-16 02:46:00,2026-02-16 08:47:00,0.25,1.0,high,,,{}
episode_rules_v9_9,Mc_1004,Остановка,2026-02-16 10:44:00,2026-02-19 04:18:00,2.73,1.0,high,,,{}
episode_rules_v9_9,Mc_1004,Остановка,2026-02-20 05:00:00,2026-02-20 08:17:00,0.14,1.0,high,,,{}
episode_rules_v9_9,Mc_1004,Остановка,2026-02-27 20:55:00,2026-04-07 03:48:00,38.29,1.0,high,,,{}
episode_rules_v9_9,Mc_1004,Периодическая работа,2026-01-19 00:00:00,2026-03-05 00:00:00,45.0,0.5,low,,,"{'ql_cyclic': np.True_, 'rhythm_ok': False}"
episode_rules_v9_9,Mc_1004,РПТЧ,2025-03-19 19:00:00,2026-02-27 20:55:00,345.08,1.0,high,,,"{'ql_oscillates': np.True_, 'round_hz': np.True_}"
episode_rules_v9_9,Mc_1004,Работа,2025-01-10 09:12:00,2025-02-01 18:58:00,22.41,1.0,high,,,{}
episode_rules_v9_9,Mc_1004,Работа,2025-02-01 20:32:00,2025-02-01 20:48:00,0.01,1.0,high,,,{}
episode_rules_v9_9,Mc_1004,Работа,2025-02-01 21:40:00,2025-02-11 05:36:00,9.33,1.0,high,,,{}
episode_rules_v9_9,Mc_1004,Работа,2025-02-11 10:30:00,2025-03-03 13:53:00,20.14,1.0,high,,,{}
episode_rules_v9_9,Mc_1004,Работа,2025-03-03 15:44:00,2025-03-19 05:12:00,15.56,1.0,high,,,{}
episode_rules_v9_9,Mc_1004,Работа,2025-03-19 19:00:00,2025-04-15 09:59:00,26.62,1.0,high,,,{}
episode_rules_v9_9,Mc_1004,Работа,2025-04-15 16:04:00,2025-04-27 13:05:00,11.88,1.0,high,,,{}
episode_rules_v9_9,Mc_1004,Работа,2025-04-27 13:58:00,2025-04-28 07:22:00,0.72,1.0,high,,,{}
episode_rules_v9_9,Mc_1004,Работа,2025-04-28 08:54:00,2025-05-03 10:06:00,5.05,1.0,high,,,{}
episode_rules_v9_9,Mc_1004,Работа,2025-05-03 10:31:00,2025-06-02 08:03:00,29.9,1.0,high,,,{}
episode_rules_v9_9,Mc_1004,Работа,2025-06-02 11:19:00,2025-06-10 23:55:00,8.53,1.0,high,,,{}
episode_rules_v9_9,Mc_1004,Работа,2025-06-11 00:47:00,2025-06-11 16:37:00,0.66,1.0,high,,,{}
episode_rules_v9_9,Mc_1004,Работа,2025-06-11 17:13:00,2025-06-22 08:49:00,10.65,1.0,high,,,{}
episode_rules_v9_9,Mc_1004,Работа,2025-06-22 09:45:00,2025-06-30 16:46:00,8.29,1.0,high,,,{}
episode_rules_v9_9,Mc_1004,Работа,2025-07-01 00:38:00,2025-07-18 17:45:00,17.71,1.0,high,,,{}
episode_rules_v9_9,Mc_1004,Работа,2025-07-18 18:09:00,2025-08-09 08:12:00,21.59,1.0,high,,,{}
episode_rules_v9_9,Mc_1004,Работа,2025-08-09 09:44:00,2025-08-12 06:35:00,2.87,1.0,high,,,{}
episode_rules_v9_9,Mc_1004,Работа,2025-08-13 00:02:00,2025-08-31 01:00:00,18.04,1.0,high,,,{}
episode_rules_v9_9,Mc_1004,Работа,2025-08-31 05:50:00,2025-09-01 15:16:00,1.39,1.0,high,,,{}
episode_rules_v9_9,Mc_1004,Работа,2025-09-01 17:50:00,2025-09-11 14:15:00,9.85,1.0,high,,,{}
episode_rules_v9_9,Mc_1004,Работа,2025-09-11 17:17:00,2025-10-04 21:47:00,23.19,1.0,high,,,{}
episode_rules_v9_9,Mc_1004,Работа,2025-10-05 00:04:00,2025-10-05 01:00:00,0.04,1.0,high,,,{}
episode_rules_v9_9,Mc_1004,Работа,2025-10-05 02:56:00,2025-10-05 20:16:00,0.72,1.0,high,,,{}
episode_rules_v9_9,Mc_1004,Работа,2025-10-05 22:05:00,2025-10-07 09:49:00,1.49,1.0,high,,,{}
episode_rules_v9_9,Mc_1004,Работа,2025-10-07 13:15:00,2025-10-09 16:18:00,2.13,1.0,high,,,{}
episode_rules_v9_9,Mc_1004,Работа,2025-10-09 17:18:00,2025-10-20 05:07:00,10.49,1.0,high,,,{}
episode_rules_v9_9,Mc_1004,Работа,2025-10-20 06:41:00,2025-10-22 09:27:00,2.12,1.0,high,,,{}
episode_rules_v9_9,Mc_1004,Работа,2025-10-22 11:03:00,2025-10-23 05:36:00,0.77,1.0,high,,,{}
episode_rules_v9_9,Mc_1004,Работа,2025-10-23 22:57:00,2025-10-27 17:34:00,3.78,1.0,high,,,{}
episode_rules_v9_9,Mc_1004,Работа,2025-10-27 19:53:00,2025-11-18 04:01:00,21.34,1.0,high,,,{}
episode_rules_v9_9,Mc_1004,Работа,2025-11-19 02:40:00,2025-11-25 19:29:00,6.7,1.0,high,,,{}
episode_rules_v9_9,Mc_1004,Работа,2025-11-25 23:29:00,2025-11-29 01:30:00,3.08,1.0,high,,,{}
episode_rules_v9_9,Mc_1004,Работа,2025-11-29 04:41:00,2025-12-08 01:52:00,8.88,1.0,high,,,{}
episode_rules_v9_9,Mc_1004,Работа,2025-12-08 02:53:00,2025-12-08 03:31:00,0.03,1.0,high,,,{}
episode_rules_v9_9,Mc_1004,Работа,2025-12-08 06:25:00,2025-12-08 08:22:00,0.08,1.0,high,,,{}
episode_rules_v9_9,Mc_1004,Работа,2025-12-08 12:55:00,2025-12-08 13:37:00,0.03,1.0,high,,,{}
episode_rules_v9_9,Mc_1004,Работа,2025-12-08 21:50:00,2025-12-16 15:04:00,7.72,1.0,high,,,{}
episode_rules_v9_9,Mc_1004,Работа,2025-12-16 15:42:00,2025-12-16 16:40:00,0.04,1.0,high,,,{}
episode_rules_v9_9,Mc_1004,Работа,2025-12-16 23:45:00,2025-12-17 12:40:00,0.54,1.0,high,,,{}
episode_rules_v9_9,Mc_1004,Работа,2025-12-17 12:53:00,2026-01-01 23:14:00,15.43,1.0,high,,,{}
episode_rules_v9_9,Mc_1004,Работа,2026-01-02 01:28:00,2026-01-19 11:26:00,17.42,1.0,high,,,{}
episode_rules_v9_9,Mc_1004,Работа,2026-01-19 19:35:00,2026-01-23 08:06:00,3.52,1.0,high,,,{}
episode_rules_v9_9,Mc_1004,Работа,2026-01-23 16:08:00,2026-01-23 16:32:00,0.02,1.0,high,,,{}
episode_rules_v9_9,Mc_1004,Работа,2026-01-23 17:09:00,2026-01-28 12:56:00,4.82,1.0,high,,,{}
episode_rules_v9_9,Mc_1004,Работа,2026-01-28 19:10:00,2026-01-29 14:25:00,0.8,1.0,high,,,{}
episode_rules_v9_9,Mc_1004,Работа,2026-01-29 18:16:00,2026-01-29 18:43:00,0.02,1.0,high,,,{}
episode_rules_v9_9,Mc_1004,Работа,2026-01-30 04:59:00,2026-01-31 07:24:00,1.1,1.0,high,,,{}
episode_rules_v9_9,Mc_1004,Работа,2026-02-02 04:11:00,2026-02-02 05:09:00,0.04,1.0,high,,,{}
episode_rules_v9_9,Mc_1004,Работа,2026-02-02 13:46:00,2026-02-03 07:19:00,0.73,1.0,high,,,{}
episode_rules_v9_9,Mc_1004,Работа,2026-02-03 16:35:00,2026-02-06 17:12:00,3.03,1.0,high,,,{}
episode_rules_v9_9,Mc_1004,Работа,2026-02-07 19:56:00,2026-02-07 20:56:00,0.04,1.0,high,,,{}
episode_rules_v9_9,Mc_1004,Работа,2026-02-16 01:21:00,2026-02-16 02:46:00,0.06,1.0,high,,,{}
episode_rules_v9_9,Mc_1004,Работа,2026-02-16 08:47:00,2026-02-16 10:44:00,0.08,1.0,high,,,{}
episode_rules_v9_9,Mc_1004,Работа,2026-02-19 04:18:00,2026-02-20 05:00:00,1.03,1.0,high,,,{}
episode_rules_v9_9,Mc_1004,Работа,2026-02-20 08:17:00,2026-02-27 20:55:00,7.53,1.0,high,,,{}
episode_rules_v9_9,Mc_1004,Рост Кпрод,2025-08-13 00:00:00,2025-10-23 00:00:00,71.0,1.0,high,,,{}
episode_rules_v9_9,Mc_1004,Рост Кпрод,2025-11-21 00:00:00,2026-01-31 00:00:00,71.0,1.0,high,,,{}
episode_rules_v9_9,Mc_1004,Рост Рпл,2025-11-21 00:00:00,2026-01-31 23:00:00,71.96,1.0,high,,,{}
episode_rules_v9_9,Mc_1004,Снижение Кпрод,2025-03-18 00:00:00,2025-03-22 23:00:00,4.96,0.5,medium,,,"{'ql_confirms': None, 'ql_opz': None}"
episode_rules_v9_9,Mc_1004,Снижение Кпрод,2025-06-16 00:00:00,2025-06-22 23:00:00,6.96,0.5,medium,,,"{'ql_confirms': None, 'ql_opz': None}"
episode_rules_v9_9,Mc_1004,Снижение Кпрод,2025-08-16 00:00:00,2025-08-20 23:00:00,4.96,0.5,medium,,,"{'ql_confirms': None, 'ql_opz': None}"
episode_rules_v9_9,Mc_1004,Снижение Кпрод,2025-10-10 00:00:00,2025-10-13 23:00:00,3.96,0.5,medium,,,"{'ql_confirms': None, 'ql_opz': None}"
episode_rules_v9_9,Mc_1004,Снижение Кпрод,2025-11-16 00:00:00,2025-11-18 23:00:00,2.96,0.5,medium,,,"{'ql_confirms': None, 'ql_opz': None}"
episode_rules_v9_9,Mc_1004,Снижение Кпрод,2025-12-02 00:00:00,2025-12-06 23:00:00,4.96,0.5,medium,,,"{'ql_confirms': None, 'ql_opz': None}"
episode_rules_v9_9,Mc_1004,Снижение Кпрод,2025-12-12 00:00:00,2025-12-15 23:00:00,3.96,0.5,medium,,,"{'ql_confirms': None, 'ql_opz': None}"
episode_rules_v9_9,Mc_1004,Снижение Кпрод,2025-12-20 00:00:00,2025-12-25 23:00:00,5.96,0.5,medium,,,"{'ql_confirms': None, 'ql_opz': None}"
episode_rules_v9_9,Mc_1004,Снижение Кпрод,2026-01-05 00:00:00,2026-01-10 23:00:00,5.96,0.5,medium,,,"{'ql_confirms': None, 'ql_opz': None}"
episode_rules_v9_9,Mc_1004,Снижение Кпрод,2026-02-06 00:00:00,2026-02-06 23:00:00,0.96,0.5,medium,,,"{'ql_confirms': None, 'ql_opz': None}"
episode_rules_v9_9,Mc_1004,Снижение Рпл,2025-02-13 07:12:00,2025-11-06 12:29:00,266.22,0.833,medium,Снижение Рпл,0.314,"{'freq_stable': np.True_, 'ip_gradual': np.True_, 'ql_declining': None}"
episode_rules_v9_9,Mc_1004,УВЧ,2025-01-11 00:00:00,2025-01-24 23:00:00,13.96,0.833,medium,,,"{'freq_net_ok': np.True_, 'freq_trend_up': True, 'ql_rises': None}"
episode_rules_v9_9,Mc_1004,УВЧ,2025-02-10 00:00:00,2025-02-17 23:00:00,7.96,0.833,medium,,,"{'freq_net_ok': np.True_, 'freq_trend_up': True, 'ql_rises': None}"
episode_rules_v9_9,Mc_1004,УВЧ,2025-02-20 00:00:00,2025-02-24 23:00:00,4.96,0.833,medium,,,"{'freq_net_ok': np.True_, 'freq_trend_up': True, 'ql_rises': None}"
episode_rules_v9_9,Mc_1004,УВЧ,2025-02-26 00:00:00,2025-04-10 23:00:00,43.96,0.833,medium,,,"{'freq_net_ok': np.True_, 'freq_trend_up': True, 'ql_rises': None}"
episode_rules_v9_9,Mc_1004,УВЧ,2025-08-10 00:00:00,2025-08-15 23:00:00,5.96,0.833,medium,,,"{'freq_net_ok': np.True_, 'freq_trend_up': True, 'ql_rises': None}"
episode_rules_v9_9,Mc_1004,УВЧ,2025-09-14 00:00:00,2025-09-18 23:00:00,4.96,0.833,medium,,,"{'freq_net_ok': np.True_, 'freq_trend_up': True, 'ql_rises': None}"
episode_rules_v9_9,Mc_1004,УВЧ,2025-10-16 00:00:00,2025-10-18 23:00:00,2.96,0.833,medium,,,"{'freq_net_ok': np.True_, 'freq_trend_up': True, 'ql_rises': None}"
episode_rules_v9_9,Mc_1004,УВЧ,2025-10-19 00:00:00,2025-10-21 23:00:00,2.96,0.833,medium,,,"{'freq_net_ok': np.True_, 'freq_trend_up': True, 'ql_rises': None}"
episode_rules_v9_9,Mc_1004,УВЧ,2025-10-31 00:00:00,2025-11-03 23:00:00,3.96,0.833,medium,,,"{'freq_net_ok': np.True_, 'freq_trend_up': True, 'ql_rises': None}"
episode_rules_v9_9,Mc_1004,УВЧ,2025-12-26 00:00:00,2025-12-29 23:00:00,3.96,0.833,medium,,,"{'freq_net_ok': np.True_, 'freq_trend_up': True, 'ql_rises': None}"
episode_rules_v9_9,Mc_1004,УВЧ,2026-01-03 00:00:00,2026-01-10 23:00:00,7.96,0.833,medium,,,"{'freq_net_ok': np.True_, 'freq_trend_up': True, 'ql_rises': None}"
episode_rules_v9_9,Mc_1004,УВЧ,2026-01-13 00:00:00,2026-01-16 23:00:00,3.96,0.833,medium,,,"{'freq_net_ok': np.True_, 'freq_trend_up': True, 'ql_rises': None}"
episode_rules_v9_9,Mc_1004,УВЧ,2026-02-23 00:00:00,2026-02-26 23:00:00,3.96,0.833,medium,,,"{'freq_net_ok': np.True_, 'freq_trend_up': True, 'ql_rises': None}"
episode_rules_v9_9,Vt_3311,ГДИ,2025-03-13 17:57:00,2025-03-16 05:00:00,2.46,0.5,low,,,"{'ip_kvd_rising': np.False_, 'ql_zero': True}"
episode_rules_v9_9,Vt_3311,Деградация ЭЦН,2025-03-17 00:00:00,2025-04-16 00:00:00,30.0,1.0,high,,,{}
episode_rules_v9_9,Vt_3311,НУР,2025-06-03 00:00:00,2025-06-06 23:00:00,3.96,1.0,high,НУР,0.357,"{'ip_no_spike': np.True_, 'ip_smooth': True, 'ql_recovers': True}"
episode_rules_v9_9,Vt_3311,НУР,2026-04-12 00:00:00,2026-05-01 23:00:00,19.96,0.667,medium,НУР,0.281,"{'ip_no_spike': np.True_, 'ip_smooth': True, 'ql_recovers': False}"
episode_rules_v9_9,Vt_3311,Остановка,2025-01-02 07:58:00,2025-01-02 17:29:00,0.4,1.0,high,,,{}
episode_rules_v9_9,Vt_3311,Остановка,2025-01-09 17:28:00,2025-01-13 05:00:00,3.48,1.0,high,,,{}
episode_rules_v9_9,Vt_3311,Остановка,2025-01-15 23:53:00,2025-01-20 05:00:00,4.21,1.0,high,,,{}
episode_rules_v9_9,Vt_3311,Остановка,2025-01-22 22:28:00,2025-01-25 05:00:00,2.27,1.0,high,,,{}
episode_rules_v9_9,Vt_3311,Остановка,2025-01-27 23:27:00,2025-01-31 05:00:00,3.23,1.0,high,,,{}
episode_rules_v9_9,Vt_3311,Остановка,2025-02-03 20:35:00,2025-02-06 05:00:00,2.35,1.0,high,,,{}
episode_rules_v9_9,Vt_3311,Остановка,2025-02-09 00:00:00,2025-02-12 05:00:00,3.21,1.0,high,,,{}
episode_rules_v9_9,Vt_3311,Остановка,2025-02-15 05:00:00,2025-02-17 05:00:00,2.0,1.0,high,,,{}
episode_rules_v9_9,Vt_3311,Остановка,2025-02-19 16:24:00,2025-02-22 05:00:00,2.52,1.0,high,,,{}
episode_rules_v9_9,Vt_3311,Остановка,2025-03-01 16:27:00,2025-03-04 02:09:00,2.4,1.0,high,,,{}
episode_rules_v9_9,Vt_3311,Остановка,2025-03-06 12:46:00,2025-03-06 13:36:00,0.03,1.0,high,,,{}
episode_rules_v9_9,Vt_3311,Остановка,2025-03-13 11:30:00,2025-03-13 17:31:00,0.25,1.0,high,,,{}
episode_rules_v9_9,Vt_3311,Остановка,2025-03-13 17:57:00,2025-03-16 05:00:00,2.46,1.0,high,,,{}
episode_rules_v9_9,Vt_3311,Остановка,2025-04-15 16:23:00,2025-04-15 18:42:00,0.1,1.0,high,,,{}
episode_rules_v9_9,Vt_3311,Остановка,2025-04-15 19:31:00,2025-04-15 23:24:00,0.16,1.0,high,,,{}
episode_rules_v9_9,Vt_3311,Остановка,2025-05-16 16:08:00,2025-05-16 17:56:00,0.07,1.0,high,,,{}
episode_rules_v9_9,Vt_3311,Остановка,2025-05-16 18:20:00,2025-05-16 22:56:00,0.19,1.0,high,,,{}
episode_rules_v9_9,Vt_3311,Остановка,2025-05-17 05:00:00,2025-06-03 00:00:00,16.79,1.0,high,,,{}
episode_rules_v9_9,Vt_3311,Остановка,2025-06-07 09:01:00,2025-06-07 18:52:00,0.41,1.0,high,,,{}
episode_rules_v9_9,Vt_3311,Остановка,2025-09-12 14:22:00,2025-09-12 20:07:00,0.24,1.0,high,,,{}
episode_rules_v9_9,Vt_3311,Остановка,2025-10-15 07:01:00,2025-10-15 11:27:00,0.18,1.0,high,,,{}
episode_rules_v9_9,Vt_3311,Остановка,2025-11-19 19:35:00,2025-11-20 01:39:00,0.25,1.0,high,,,{}
episode_rules_v9_9,Vt_3311,Остановка,2026-02-10 14:29:00,2026-02-10 15:06:00,0.03,1.0,high,,,{}
episode_rules_v9_9,Vt_3311,Остановка,2026-02-11 07:34:00,2026-02-11 09:07:00,0.06,1.0,high,,,{}
episode_rules_v9_9,Vt_3311,Остановка,2026-02-11 11:07:00,2026-02-11 12:09:00,0.04,1.0,high,,,{}
episode_rules_v9_9,Vt_3311,Остановка,2026-02-11 12:42:00,2026-02-11 14:41:00,0.08,1.0,high,,,{}
episode_rules_v9_9,Vt_3311,Остановка,2026-02-11 15:29:00,2026-02-11 22:29:00,0.29,1.0,high,,,{}
episode_rules_v9_9,Vt_3311,Остановка,2026-02-18 23:52:00,2026-02-19 00:50:00,0.04,1.0,high,,,{}
episode_rules_v9_9,Vt_3311,Остановка,2026-03-04 12:32:00,2026-03-04 14:51:00,0.1,1.0,high,,,{}
episode_rules_v9_9,Vt_3311,Остановка,2026-04-03 10:07:00,2026-04-03 12:21:00,0.09,1.0,high,,,{}
episode_rules_v9_9,Vt_3311,Остановка,2026-04-10 06:15:00,2026-04-11 06:59:00,1.03,1.0,high,,,{}
episode_rules_v9_9,Vt_3311,Остановка,2026-04-11 12:52:00,2026-04-11 22:50:00,0.42,1.0,high,,,{}
episode_rules_v9_9,Vt_3311,РПТЧ,2025-01-01 00:00:00,2025-03-13 17:57:00,71.75,1.0,high,,,"{'ql_oscillates': np.True_, 'round_hz': np.True_}"
episode_rules_v9_9,Vt_3311,РПТЧ,2025-06-03 00:00:00,2026-04-10 06:15:00,311.26,1.0,high,,,"{'ql_oscillates': np.True_, 'round_hz': np.True_}"
episode_rules_v9_9,Vt_3311,Работа,2025-01-01 00:00:00,2025-01-02 07:58:00,1.33,1.0,high,,,{}
episode_rules_v9_9,Vt_3311,Работа,2025-01-02 17:29:00,2025-01-09 17:28:00,7.0,1.0,high,,,{}
episode_rules_v9_9,Vt_3311,Работа,2025-01-13 05:00:00,2025-01-15 23:53:00,2.79,1.0,high,,,{}
episode_rules_v9_9,Vt_3311,Работа,2025-01-20 05:00:00,2025-01-22 22:28:00,2.73,1.0,high,,,{}
episode_rules_v9_9,Vt_3311,Работа,2025-01-25 05:00:00,2025-01-27 23:27:00,2.77,1.0,high,,,{}
episode_rules_v9_9,Vt_3311,Работа,2025-01-31 05:00:00,2025-02-03 20:35:00,3.65,1.0,high,,,{}
episode_rules_v9_9,Vt_3311,Работа,2025-02-06 05:00:00,2025-02-09 00:00:00,2.79,1.0,high,,,{}
episode_rules_v9_9,Vt_3311,Работа,2025-02-12 05:00:00,2025-02-15 05:00:00,3.0,1.0,high,,,{}
episode_rules_v9_9,Vt_3311,Работа,2025-02-17 05:00:00,2025-02-19 16:24:00,2.48,1.0,high,,,{}
episode_rules_v9_9,Vt_3311,Работа,2025-02-22 05:00:00,2025-03-01 16:27:00,7.48,1.0,high,,,{}
episode_rules_v9_9,Vt_3311,Работа,2025-03-04 02:09:00,2025-03-06 12:46:00,2.44,1.0,high,,,{}
episode_rules_v9_9,Vt_3311,Работа,2025-03-06 13:36:00,2025-03-13 11:30:00,6.91,1.0,high,,,{}
episode_rules_v9_9,Vt_3311,Работа,2025-03-13 17:31:00,2025-03-13 17:57:00,0.02,1.0,high,,,{}
episode_rules_v9_9,Vt_3311,Работа,2025-03-16 05:00:00,2025-04-15 16:23:00,30.47,1.0,high,,,{}
episode_rules_v9_9,Vt_3311,Работа,2025-04-15 18:42:00,2025-04-15 19:31:00,0.03,1.0,high,,,{}
episode_rules_v9_9,Vt_3311,Работа,2025-04-15 23:24:00,2025-05-16 16:08:00,30.7,1.0,high,,,{}
episode_rules_v9_9,Vt_3311,Работа,2025-05-16 17:56:00,2025-05-16 18:20:00,0.02,1.0,high,,,{}
episode_rules_v9_9,Vt_3311,Работа,2025-05-16 22:56:00,2025-05-17 05:00:00,0.25,1.0,high,,,{}
episode_rules_v9_9,Vt_3311,Работа,2025-06-03 00:00:00,2025-06-07 09:01:00,4.38,1.0,high,,,{}
episode_rules_v9_9,Vt_3311,Работа,2025-06-07 18:52:00,2025-09-12 14:22:00,96.81,1.0,high,,,{}
episode_rules_v9_9,Vt_3311,Работа,2025-09-12 20:07:00,2025-10-15 07:01:00,32.45,1.0,high,,,{}
episode_rules_v9_9,Vt_3311,Работа,2025-10-15 11:27:00,2025-11-19 19:35:00,35.34,1.0,high,,,{}
episode_rules_v9_9,Vt_3311,Работа,2025-11-20 01:39:00,2026-02-10 14:29:00,82.53,1.0,high,,,{}
episode_rules_v9_9,Vt_3311,Работа,2026-02-10 15:06:00,2026-02-11 07:34:00,0.69,1.0,high,,,{}
episode_rules_v9_9,Vt_3311,Работа,2026-02-11 09:07:00,2026-02-11 11:07:00,0.08,1.0,high,,,{}
episode_rules_v9_9,Vt_3311,Работа,2026-02-11 12:09:00,2026-02-11 12:42:00,0.02,1.0,high,,,{}
episode_rules_v9_9,Vt_3311,Работа,2026-02-11 14:41:00,2026-02-11 15:29:00,0.03,1.0,high,,,{}
episode_rules_v9_9,Vt_3311,Работа,2026-02-11 22:29:00,2026-02-18 23:52:00,7.06,1.0,high,,,{}
episode_rules_v9_9,Vt_3311,Работа,2026-02-19 00:50:00,2026-03-04 12:32:00,13.49,1.0,high,,,{}
episode_rules_v9_9,Vt_3311,Работа,2026-03-04 14:51:00,2026-04-03 10:07:00,29.8,1.0,high,,,{}
episode_rules_v9_9,Vt_3311,Работа,2026-04-03 12:21:00,2026-04-10 06:15:00,6.75,1.0,high,,,{}
episode_rules_v9_9,Vt_3311,Работа,2026-04-11 06:59:00,2026-04-11 12:52:00,0.25,1.0,high,,,{}
episode_rules_v9_9,Vt_3311,Работа,2026-04-11 22:50:00,2026-05-01 00:00:00,19.05,1.0,high,,,{}
episode_rules_v9_9,Vt_3311,Снижение Кпрод,2026-01-10 00:00:00,2026-04-10 06:15:00,90.26,0.5,medium,,,"{'ql_confirms': None, 'ql_opz': None}"
episode_rules_v9_9,Vt_3311,Снижение Кпрод,2026-04-11 06:59:00,2026-04-11 23:00:00,0.67,0.5,medium,,,"{'ql_confirms': None, 'ql_opz': None}"
episode_rules_v9_9,Vt_3311,Снижение Рпл,2025-07-25 00:00:00,2025-08-29 23:00:00,35.96,0.833,medium,Снижение Рпл,0.164,"{'freq_stable': np.True_, 'ip_gradual': np.True_, 'ql_declining': None}"
episode_rules_v9_9,Vt_3311,УВЧ,2025-01-01 00:00:00,2025-01-09 17:28:00,8.73,0.833,medium,,,"{'freq_net_ok': np.True_, 'freq_trend_up': True, 'ql_rises': None}"
episode_rules_v9_9,Vt_3311,УВЧ,2025-01-13 05:00:00,2025-01-15 23:53:00,2.79,0.833,medium,,,"{'freq_net_ok': np.True_, 'freq_trend_up': True, 'ql_rises': None}"
episode_rules_v9_9,Vt_3311,УВЧ,2025-01-20 05:00:00,2025-01-21 23:00:00,1.75,0.5,medium,,,"{'freq_net_ok': None, 'freq_trend_up': None, 'ql_rises': None}"
episode_rules_v9_9,Vt_3311,УВЧ,2025-01-26 00:00:00,2025-01-27 23:27:00,1.98,0.333,low,,,"{'freq_net_ok': np.False_, 'freq_trend_up': None, 'ql_rises': None}"
episode_rules_v9_9,Vt_3311,УВЧ,2025-01-31 05:00:00,2025-02-03 20:35:00,3.65,0.5,low,,,"{'freq_net_ok': np.False_, 'freq_trend_up': True, 'ql_rises': None}"
episode_rules_v9_9,Vt_3311,УВЧ,2025-02-06 05:00:00,2025-02-07 23:00:00,1.75,0.5,medium,,,"{'freq_net_ok': None, 'freq_trend_up': None, 'ql_rises': None}"
episode_rules_v9_9,Vt_3311,УВЧ,2025-06-09 00:00:00,2025-06-14 23:00:00,5.96,1.0,high,,,"{'freq_net_ok': np.True_, 'freq_trend_up': True, 'ql_rises': True}"
episode_rules_v9_9,Vt_3311,УВЧ,2025-07-03 00:00:00,2025-07-06 23:00:00,3.96,0.833,medium,,,"{'freq_net_ok': np.True_, 'freq_trend_up': True, 'ql_rises': None}"
episode_rules_v9_9,Vt_3311,УВЧ,2026-02-16 00:00:00,2026-02-22 23:00:00,6.96,0.833,medium,,,"{'freq_net_ok': np.True_, 'freq_trend_up': True, 'ql_rises': None}"
episode_rules_v9_9,Vt_410,ГДИ,2025-03-02 15:50:00,2025-03-05 20:44:00,3.2,1.0,high,,,"{'ip_kvd_rising': np.True_, 'ql_zero': True}"
episode_rules_v9_9,Vt_410,ГДИ,2025-06-22 18:59:00,2025-07-08 05:00:00,15.42,0.5,medium,,,"{'ip_kvd_rising': np.True_, 'ql_zero': np.False_}"
episode_rules_v9_9,Vt_410,ГДИ,2025-09-23 10:27:00,2025-09-28 00:00:00,4.56,1.0,high,,,"{'ip_kvd_rising': np.True_, 'ql_zero': True}"
episode_rules_v9_9,Vt_410,ГДИ,2026-04-11 09:53:00,2026-04-13 12:31:00,2.11,1.0,high,,,"{'ip_kvd_rising': np.True_, 'ql_zero': True}"
episode_rules_v9_9,Vt_410,НУР,2025-01-16 00:00:00,2025-02-06 23:00:00,21.96,0.667,medium,НУР,0.333,"{'ip_no_spike': np.True_, 'ip_smooth': True, 'ql_recovers': False}"
episode_rules_v9_9,Vt_410,НУР,2025-03-06 00:00:00,2025-03-13 23:00:00,7.96,0.833,medium,НУР,0.342,"{'ip_no_spike': np.True_, 'ip_smooth': True, 'ql_recovers': None}"
episode_rules_v9_9,Vt_410,НУР,2025-07-08 00:00:00,2025-07-10 23:00:00,2.96,0.833,low,Снижение Рпл,0.473,"{'ip_no_spike': np.True_, 'ip_smooth': True, 'ql_recovers': None}"
episode_rules_v9_9,Vt_410,НУР,2025-09-11 00:00:00,2025-10-10 23:00:00,29.96,1.0,high,НУР,0.268,"{'ip_no_spike': np.True_, 'ip_smooth': True, 'ql_recovers': True}"
episode_rules_v9_9,Vt_410,НУР,2026-03-14 00:00:00,2026-03-16 23:00:00,2.96,0.833,medium,НУР,0.314,"{'ip_no_spike': np.True_, 'ip_smooth': True, 'ql_recovers': None}"
episode_rules_v9_9,Vt_410,НУР,2026-04-14 00:00:00,2026-04-17 23:00:00,3.96,0.833,medium,НУР,0.545,"{'ip_no_spike': np.True_, 'ip_smooth': True, 'ql_recovers': None}"
episode_rules_v9_9,Vt_410,Осложнённый фонд,2025-01-01 00:00:00,2025-04-16 23:00:00,105.96,1.0,high,,,{}
episode_rules_v9_9,Vt_410,Осложнённый фонд,2025-05-04 00:00:00,2026-01-04 23:00:00,245.96,1.0,high,,,{}
episode_rules_v9_9,Vt_410,Остановка,2025-01-14 10:52:00,2025-01-15 10:03:00,0.97,1.0,high,,,{}
episode_rules_v9_9,Vt_410,Остановка,2025-01-21 09:20:00,2025-01-21 11:05:00,0.07,1.0,high,,,{}
episode_rules_v9_9,Vt_410,Остановка,2025-01-22 10:30:00,2025-01-22 12:40:00,0.09,1.0,high,,,{}
episode_rules_v9_9,Vt_410,Остановка,2025-01-23 15:00:00,2025-01-23 16:50:00,0.08,1.0,high,,,{}
episode_rules_v9_9,Vt_410,Остановка,2025-01-24 09:30:00,2025-01-24 12:35:00,0.13,1.0,high,,,{}
episode_rules_v9_9,Vt_410,Остановка,2025-01-25 10:20:00,2025-01-25 12:20:00,0.08,1.0,high,,,{}
episode_rules_v9_9,Vt_410,Остановка,2025-01-26 15:40:00,2025-01-26 17:50:00,0.09,1.0,high,,,{}
episode_rules_v9_9,Vt_410,Остановка,2025-01-27 17:50:00,2025-01-27 19:50:00,0.08,1.0,high,,,{}
episode_rules_v9_9,Vt_410,Остановка,2025-01-28 21:50:00,2025-01-28 23:50:00,0.08,1.0,high,,,{}
episode_rules_v9_9,Vt_410,Остановка,2025-01-29 21:41:00,2025-01-29 23:55:00,0.09,1.0,high,,,{}
episode_rules_v9_9,Vt_410,Остановка,2025-01-31 10:40:00,2025-01-31 12:40:00,0.08,1.0,high,,,{}
episode_rules_v9_9,Vt_410,Остановка,2025-02-01 16:00:00,2025-02-02 00:06:00,0.34,1.0,high,,,{}
episode_rules_v9_9,Vt_410,Остановка,2025-02-03 01:45:00,2025-02-03 04:15:00,0.1,1.0,high,,,{}
episode_rules_v9_9,Vt_410,Остановка,2025-02-04 10:30:00,2025-02-04 12:30:00,0.08,1.0,high,,,{}
episode_rules_v9_9,Vt_410,Остановка,2025-02-07 00:40:00,2025-02-07 03:05:00,0.1,1.0,high,,,{}
episode_rules_v9_9,Vt_410,Остановка,2025-02-08 05:40:00,2025-02-08 07:35:00,0.08,1.0,high,,,{}
episode_rules_v9_9,Vt_410,Остановка,2025-02-09 10:30:00,2025-02-09 12:35:00,0.09,1.0,high,,,{}
episode_rules_v9_9,Vt_410,Остановка,2025-02-10 23:05:00,2025-02-11 01:05:00,0.08,1.0,high,,,{}
episode_rules_v9_9,Vt_410,Остановка,2025-02-12 05:01:00,2025-02-12 07:15:00,0.09,1.0,high,,,{}
episode_rules_v9_9,Vt_410,Остановка,2025-02-13 16:25:00,2025-02-13 18:30:00,0.09,1.0,high,,,{}
episode_rules_v9_9,Vt_410,Остановка,2025-02-15 01:50:00,2025-02-15 04:52:00,0.13,1.0,high,,,{}
episode_rules_v9_9,Vt_410,Остановка,2025-02-16 14:54:00,2025-02-16 16:40:00,0.07,1.0,high,,,{}
episode_rules_v9_9,Vt_410,Остановка,2025-02-17 16:09:00,2025-02-17 18:57:00,0.12,1.0,high,,,{}
episode_rules_v9_9,Vt_410,Остановка,2025-02-18 22:05:00,2025-02-18 23:55:00,0.08,1.0,high,,,{}
episode_rules_v9_9,Vt_410,Остановка,2025-02-20 15:17:00,2025-02-20 18:55:00,0.15,1.0,high,,,{}
episode_rules_v9_9,Vt_410,Остановка,2025-02-22 03:55:00,2025-02-22 06:45:00,0.12,1.0,high,,,{}
episode_rules_v9_9,Vt_410,Остановка,2025-02-23 09:45:00,2025-02-23 11:45:00,0.08,1.0,high,,,{}
episode_rules_v9_9,Vt_410,Остановка,2025-02-24 10:43:00,2025-02-24 14:51:00,0.17,1.0,high,,,{}
episode_rules_v9_9,Vt_410,Остановка,2025-02-25 03:56:00,2025-02-25 04:55:00,0.04,1.0,high,,,{}
episode_rules_v9_9,Vt_410,Остановка,2025-02-26 00:00:00,2025-02-26 03:09:00,0.13,1.0,high,,,{}
episode_rules_v9_9,Vt_410,Остановка,2025-02-27 10:50:00,2025-02-27 13:15:00,0.1,1.0,high,,,{}
episode_rules_v9_9,Vt_410,Остановка,2025-02-28 23:55:00,2025-03-01 01:36:00,0.07,1.0,high,,,{}
episode_rules_v9_9,Vt_410,Остановка,2025-03-02 15:50:00,2025-03-05 20:44:00,3.2,1.0,high,,,{}
episode_rules_v9_9,Vt_410,Остановка,2025-03-06 11:48:00,2025-03-06 16:30:00,0.2,1.0,high,,,{}
episode_rules_v9_9,Vt_410,Остановка,2025-03-07 14:50:00,2025-03-07 17:30:00,0.11,1.0,high,,,{}
episode_rules_v9_9,Vt_410,Остановка,2025-03-09 02:05:00,2025-03-09 04:30:00,0.1,1.0,high,,,{}
episode_rules_v9_9,Vt_410,Остановка,2025-03-10 09:35:00,2025-03-10 12:25:00,0.12,1.0,high,,,{}
episode_rules_v9_9,Vt_410,Остановка,2025-03-11 23:30:00,2025-03-12 01:58:00,0.1,1.0,high,,,{}
episode_rules_v9_9,Vt_410,Остановка,2025-03-13 16:20:00,2025-03-13 18:30:00,0.09,1.0,high,,,{}
episode_rules_v9_9,Vt_410,Остановка,2025-03-15 00:23:00,2025-03-15 02:30:00,0.09,1.0,high,,,{}
episode_rules_v9_9,Vt_410,Остановка,2025-03-15 21:35:00,2025-03-16 00:15:00,0.11,1.0,high,,,{}
episode_rules_v9_9,Vt_410,Остановка,2025-03-16 21:50:00,2025-03-17 01:05:00,0.14,1.0,high,,,{}
episode_rules_v9_9,Vt_410,Остановка,2025-03-18 00:50:00,2025-03-18 04:59:00,0.17,1.0,high,,,{}
episode_rules_v9_9,Vt_410,Остановка,2025-03-19 00:10:00,2025-03-19 03:00:00,0.12,1.0,high,,,{}
episode_rules_v9_9,Vt_410,Остановка,2025-03-20 00:50:00,2025-03-20 03:55:00,0.13,1.0,high,,,{}
episode_rules_v9_9,Vt_410,Остановка,2025-03-21 05:01:00,2025-03-21 07:15:00,0.09,1.0,high,,,{}
episode_rules_v9_9,Vt_410,Остановка,2025-03-22 05:01:00,2025-03-22 07:10:00,0.09,1.0,high,,,{}
episode_rules_v9_9,Vt_410,Остановка,2025-03-23 09:40:00,2025-03-23 12:30:00,0.12,1.0,high,,,{}
episode_rules_v9_9,Vt_410,Остановка,2025-03-24 21:47:00,2025-03-25 00:00:00,0.09,1.0,high,,,{}
episode_rules_v9_9,Vt_410,Остановка,2025-03-26 03:41:00,2025-03-26 06:45:00,0.13,1.0,high,,,{}
episode_rules_v9_9,Vt_410,Остановка,2025-03-27 00:15:00,2025-03-27 02:25:00,0.09,1.0,high,,,{}
episode_rules_v9_9,Vt_410,Остановка,2025-03-28 04:00:00,2025-03-28 06:35:00,0.11,1.0,high,,,{}
episode_rules_v9_9,Vt_410,Остановка,2025-03-29 10:55:00,2025-03-29 13:00:00,0.09,1.0,high,,,{}
episode_rules_v9_9,Vt_410,Остановка,2025-03-30 16:40:00,2025-03-30 19:50:00,0.13,1.0,high,,,{}
episode_rules_v9_9,Vt_410,Остановка,2025-04-01 04:25:00,2025-04-01 06:15:00,0.08,1.0,high,,,{}
episode_rules_v9_9,Vt_410,Остановка,2025-04-02 15:08:00,2025-04-02 17:04:00,0.08,1.0,high,,,{}
episode_rules_v9_9,Vt_410,Остановка,2025-04-03 16:14:00,2025-04-03 18:24:00,0.09,1.0,high,,,{}
episode_rules_v9_9,Vt_410,Остановка,2025-04-05 05:01:00,2025-04-05 06:37:00,0.07,1.0,high,,,{}
episode_rules_v9_9,Vt_410,Остановка,2025-04-06 14:35:00,2025-04-06 16:45:00,0.09,1.0,high,,,{}
episode_rules_v9_9,Vt_410,Остановка,2025-04-08 02:20:00,2025-04-08 04:10:00,0.08,1.0,high,,,{}
episode_rules_v9_9,Vt_410,Остановка,2025-04-09 13:54:00,2025-04-09 15:36:00,0.07,1.0,high,,,{}
episode_rules_v9_9,Vt_410,Остановка,2025-04-10 13:54:00,2025-04-10 18:55:00,0.21,1.0,high,,,{}
episode_rules_v9_9,Vt_410,Остановка,2025-04-12 00:00:00,2025-04-12 02:05:00,0.09,1.0,high,,,{}
episode_rules_v9_9,Vt_410,Остановка,2025-04-13 09:50:00,2025-04-13 11:37:00,0.07,1.0,high,,,{}
episode_rules_v9_9,Vt_410,Остановка,2025-04-14 18:23:00,2025-04-14 20:00:00,0.07,1.0,high,,,{}
episode_rules_v9_9,Vt_410,Остановка,2025-04-16 00:15:00,2025-04-16 03:07:00,0.12,1.0,high,,,{}
episode_rules_v9_9,Vt_410,Остановка,2025-05-12 11:54:00,2025-05-12 16:03:00,0.17,1.0,high,,,{}
episode_rules_v9_9,Vt_410,Остановка,2025-05-12 18:59:00,2025-05-12 19:49:00,0.03,1.0,high,,,{}
episode_rules_v9_9,Vt_410,Остановка,2025-05-19 23:06:00,2025-05-20 00:24:00,0.05,1.0,high,,,{}
episode_rules_v9_9,Vt_410,Остановка,2025-05-20 12:02:00,2025-05-20 13:30:00,0.06,1.0,high,,,{}
episode_rules_v9_9,Vt_410,Остановка,2025-05-20 21:17:00,2025-05-20 22:47:00,0.06,1.0,high,,,{}
episode_rules_v9_9,Vt_410,Остановка,2025-06-01 18:14:00,2025-06-01 22:15:00,0.17,1.0,high,,,{}
episode_rules_v9_9,Vt_410,Остановка,2025-06-02 00:56:00,2025-06-02 02:01:00,0.05,1.0,high,,,{}
episode_rules_v9_9,Vt_410,Остановка,2025-06-02 11:08:00,2025-06-02 12:24:00,0.05,1.0,high,,,{}
episode_rules_v9_9,Vt_410,Остановка,2025-06-03 01:04:00,2025-06-03 03:39:00,0.11,1.0,high,,,{}
episode_rules_v9_9,Vt_410,Остановка,2025-06-04 03:40:00,2025-06-04 04:59:00,0.05,1.0,high,,,{}
episode_rules_v9_9,Vt_410,Остановка,2025-06-05 21:17:00,2025-06-05 22:30:00,0.05,1.0,high,,,{}
episode_rules_v9_9,Vt_410,Остановка,2025-06-08 10:28:00,2025-06-08 14:13:00,0.16,1.0,high,,,{}
episode_rules_v9_9,Vt_410,Остановка,2025-06-09 22:43:00,2025-06-10 00:25:00,0.07,1.0,high,,,{}
episode_rules_v9_9,Vt_410,Остановка,2025-06-12 13:03:00,2025-06-12 15:13:00,0.09,1.0,high,,,{}
episode_rules_v9_9,Vt_410,Остановка,2025-06-21 02:30:00,2025-06-21 07:50:00,0.22,1.0,high,,,{}
episode_rules_v9_9,Vt_410,Остановка,2025-06-21 11:57:00,2025-06-21 14:39:00,0.11,1.0,high,,,{}
episode_rules_v9_9,Vt_410,Остановка,2025-06-21 20:52:00,2025-06-21 22:15:00,0.06,1.0,high,,,{}
episode_rules_v9_9,Vt_410,Остановка,2025-06-22 06:32:00,2025-06-22 17:00:00,0.44,1.0,high,,,{}
episode_rules_v9_9,Vt_410,Остановка,2025-06-22 18:59:00,2025-07-08 05:00:00,15.42,1.0,high,,,{}
episode_rules_v9_9,Vt_410,Остановка,2025-07-10 21:30:00,2025-07-11 11:45:00,0.59,1.0,high,,,{}
episode_rules_v9_9,Vt_410,Остановка,2025-07-12 15:15:00,2025-07-12 19:24:00,0.17,1.0,high,,,{}
episode_rules_v9_9,Vt_410,Остановка,2025-07-21 01:59:00,2025-07-21 03:54:00,0.08,1.0,high,,,{}
episode_rules_v9_9,Vt_410,Остановка,2025-08-01 17:40:00,2025-08-01 20:23:00,0.11,1.0,high,,,{}
episode_rules_v9_9,Vt_410,Остановка,2025-08-02 03:59:00,2025-08-02 07:30:00,0.15,1.0,high,,,{}
episode_rules_v9_9,Vt_410,Остановка,2025-08-07 17:09:00,2025-08-07 18:33:00,0.06,1.0,high,,,{}
episode_rules_v9_9,Vt_410,Остановка,2025-08-07 19:00:00,2025-08-08 00:37:00,0.23,1.0,high,,,{}
episode_rules_v9_9,Vt_410,Остановка,2025-08-08 06:59:00,2025-08-08 08:20:00,0.06,1.0,high,,,{}
episode_rules_v9_9,Vt_410,Остановка,2025-08-20 04:00:00,2025-08-20 06:11:00,0.09,1.0,high,,,{}
episode_rules_v9_9,Vt_410,Остановка,2025-08-20 08:48:00,2025-08-20 10:25:00,0.07,1.0,high,,,{}
episode_rules_v9_9,Vt_410,Остановка,2025-08-20 10:58:00,2025-09-10 13:47:00,21.12,1.0,high,,,{}
episode_rules_v9_9,Vt_410,Остановка,2025-09-23 10:27:00,2025-09-28 00:00:00,4.56,1.0,high,,,{}
episode_rules_v9_9,Vt_410,Остановка,2026-02-19 15:08:00,2026-02-19 17:32:00,0.1,1.0,high,,,{}
episode_rules_v9_9,Vt_410,Остановка,2026-03-13 12:18:00,2026-03-13 20:48:00,0.35,1.0,high,,,{}
episode_rules_v9_9,Vt_410,Остановка,2026-04-03 15:50:00,2026-04-04 15:17:00,0.98,1.0,high,,,{}
episode_rules_v9_9,Vt_410,Остановка,2026-04-11 09:53:00,2026-04-13 12:31:00,2.11,1.0,high,,,{}
episode_rules_v9_9,Vt_410,Периодическая работа,2025-05-30 00:00:00,2025-07-06 00:00:00,37.0,0.25,low,,,"{'ql_cyclic': None, 'rhythm_ok': False}"
episode_rules_v9_9,Vt_410,РПТЧ,2025-01-01 00:00:00,2025-06-22 18:59:00,172.79,1.0,high,,,"{'ql_oscillates': np.True_, 'round_hz': np.True_}"
episode_rules_v9_9,Vt_410,Работа,2025-01-01 00:00:00,2025-01-14 10:52:00,13.45,1.0,high,,,{}
episode_rules_v9_9,Vt_410,Работа,2025-01-15 10:03:00,2025-01-21 09:20:00,5.97,1.0,high,,,{}
episode_rules_v9_9,Vt_410,Работа,2025-01-21 11:05:00,2025-01-22 10:30:00,0.98,1.0,high,,,{}
episode_rules_v9_9,Vt_410,Работа,2025-01-22 12:40:00,2025-01-23 15:00:00,1.1,1.0,high,,,{}
episode_rules_v9_9,Vt_410,Работа,2025-01-23 16:50:00,2025-01-24 09:30:00,0.69,1.0,high,,,{}
episode_rules_v9_9,Vt_410,Работа,2025-01-24 12:35:00,2025-01-25 10:20:00,0.91,1.0,high,,,{}
episode_rules_v9_9,Vt_410,Работа,2025-01-25 12:20:00,2025-01-26 15:40:00,1.14,1.0,high,,,{}
episode_rules_v9_9,Vt_410,Работа,2025-01-26 17:50:00,2025-01-27 17:50:00,1.0,1.0,high,,,{}
episode_rules_v9_9,Vt_410,Работа,2025-01-27 19:50:00,2025-01-28 21:50:00,1.08,1.0,high,,,{}
episode_rules_v9_9,Vt_410,Работа,2025-01-28 23:50:00,2025-01-29 21:41:00,0.91,1.0,high,,,{}
episode_rules_v9_9,Vt_410,Работа,2025-01-29 23:55:00,2025-01-31 10:40:00,1.45,1.0,high,,,{}
episode_rules_v9_9,Vt_410,Работа,2025-01-31 12:40:00,2025-02-01 16:00:00,1.14,1.0,high,,,{}
episode_rules_v9_9,Vt_410,Работа,2025-02-02 00:06:00,2025-02-03 01:45:00,1.07,1.0,high,,,{}
episode_rules_v9_9,Vt_410,Работа,2025-02-03 04:15:00,2025-02-04 10:30:00,1.26,1.0,high,,,{}
episode_rules_v9_9,Vt_410,Работа,2025-02-04 12:30:00,2025-02-07 00:40:00,2.51,1.0,high,,,{}
episode_rules_v9_9,Vt_410,Работа,2025-02-07 03:05:00,2025-02-08 05:40:00,1.11,1.0,high,,,{}
episode_rules_v9_9,Vt_410,Работа,2025-02-08 07:35:00,2025-02-09 10:30:00,1.12,1.0,high,,,{}
episode_rules_v9_9,Vt_410,Работа,2025-02-09 12:35:00,2025-02-10 23:05:00,1.44,1.0,high,,,{}
episode_rules_v9_9,Vt_410,Работа,2025-02-11 01:05:00,2025-02-12 05:01:00,1.16,1.0,high,,,{}
episode_rules_v9_9,Vt_410,Работа,2025-02-12 07:15:00,2025-02-13 16:25:00,1.38,1.0,high,,,{}
episode_rules_v9_9,Vt_410,Работа,2025-02-13 18:30:00,2025-02-15 01:50:00,1.31,1.0,high,,,{}
episode_rules_v9_9,Vt_410,Работа,2025-02-15 04:52:00,2025-02-16 14:54:00,1.42,1.0,high,,,{}
episode_rules_v9_9,Vt_410,Работа,2025-02-16 16:40:00,2025-02-17 16:09:00,0.98,1.0,high,,,{}
episode_rules_v9_9,Vt_410,Работа,2025-02-17 18:57:00,2025-02-18 22:05:00,1.13,1.0,high,,,{}
episode_rules_v9_9,Vt_410,Работа,2025-02-18 23:55:00,2025-02-20 15:17:00,1.64,1.0,high,,,{}
episode_rules_v9_9,Vt_410,Работа,2025-02-20 18:55:00,2025-02-22 03:55:00,1.38,1.0,high,,,{}
episode_rules_v9_9,Vt_410,Работа,2025-02-22 06:45:00,2025-02-23 09:45:00,1.12,1.0,high,,,{}
episode_rules_v9_9,Vt_410,Работа,2025-02-23 11:45:00,2025-02-24 10:43:00,0.96,1.0,high,,,{}
episode_rules_v9_9,Vt_410,Работа,2025-02-24 14:51:00,2025-02-25 03:56:00,0.55,1.0,high,,,{}
episode_rules_v9_9,Vt_410,Работа,2025-02-25 04:55:00,2025-02-26 00:00:00,0.8,1.0,high,,,{}
episode_rules_v9_9,Vt_410,Работа,2025-02-26 03:09:00,2025-02-27 10:50:00,1.32,1.0,high,,,{}
episode_rules_v9_9,Vt_410,Работа,2025-02-27 13:15:00,2025-02-28 23:55:00,1.44,1.0,high,,,{}
episode_rules_v9_9,Vt_410,Работа,2025-03-01 01:36:00,2025-03-02 15:50:00,1.59,1.0,high,,,{}
episode_rules_v9_9,Vt_410,Работа,2025-03-05 20:44:00,2025-03-06 11:48:00,0.63,1.0,high,,,{}
episode_rules_v9_9,Vt_410,Работа,2025-03-06 16:30:00,2025-03-07 14:50:00,0.93,1.0,high,,,{}
episode_rules_v9_9,Vt_410,Работа,2025-03-07 17:30:00,2025-03-09 02:05:00,1.36,1.0,high,,,{}
episode_rules_v9_9,Vt_410,Работа,2025-03-09 04:30:00,2025-03-10 09:35:00,1.21,1.0,high,,,{}
episode_rules_v9_9,Vt_410,Работа,2025-03-10 12:25:00,2025-03-11 23:30:00,1.46,1.0,high,,,{}
episode_rules_v9_9,Vt_410,Работа,2025-03-12 01:58:00,2025-03-13 16:20:00,1.6,1.0,high,,,{}
episode_rules_v9_9,Vt_410,Работа,2025-03-13 18:30:00,2025-03-15 00:23:00,1.25,1.0,high,,,{}
episode_rules_v9_9,Vt_410,Работа,2025-03-15 02:30:00,2025-03-15 21:35:00,0.8,1.0,high,,,{}
episode_rules_v9_9,Vt_410,Работа,2025-03-16 00:15:00,2025-03-16 21:50:00,0.9,1.0,high,,,{}
episode_rules_v9_9,Vt_410,Работа,2025-03-17 01:05:00,2025-03-18 00:50:00,0.99,1.0,high,,,{}
episode_rules_v9_9,Vt_410,Работа,2025-03-18 04:59:00,2025-03-19 00:10:00,0.8,1.0,high,,,{}
episode_rules_v9_9,Vt_410,Работа,2025-03-19 03:00:00,2025-03-20 00:50:00,0.91,1.0,high,,,{}
episode_rules_v9_9,Vt_410,Работа,2025-03-20 03:55:00,2025-03-21 05:01:00,1.05,1.0,high,,,{}
episode_rules_v9_9,Vt_410,Работа,2025-03-21 07:15:00,2025-03-22 05:01:00,0.91,1.0,high,,,{}
episode_rules_v9_9,Vt_410,Работа,2025-03-22 07:10:00,2025-03-23 09:40:00,1.1,1.0,high,,,{}
episode_rules_v9_9,Vt_410,Работа,2025-03-23 12:30:00,2025-03-24 21:47:00,1.39,1.0,high,,,{}
episode_rules_v9_9,Vt_410,Работа,2025-03-25 00:00:00,2025-03-26 03:41:00,1.15,1.0,high,,,{}
episode_rules_v9_9,Vt_410,Работа,2025-03-26 06:45:00,2025-03-27 00:15:00,0.73,1.0,high,,,{}
episode_rules_v9_9,Vt_410,Работа,2025-03-27 02:25:00,2025-03-28 04:00:00,1.07,1.0,high,,,{}
episode_rules_v9_9,Vt_410,Работа,2025-03-28 06:35:00,2025-03-29 10:55:00,1.18,1.0,high,,,{}
episode_rules_v9_9,Vt_410,Работа,2025-03-29 13:00:00,2025-03-30 16:40:00,1.15,1.0,high,,,{}
episode_rules_v9_9,Vt_410,Работа,2025-03-30 19:50:00,2025-04-01 04:25:00,1.36,1.0,high,,,{}
episode_rules_v9_9,Vt_410,Работа,2025-04-01 06:15:00,2025-04-02 15:08:00,1.37,1.0,high,,,{}
episode_rules_v9_9,Vt_410,Работа,2025-04-02 17:04:00,2025-04-03 16:14:00,0.97,1.0,high,,,{}
episode_rules_v9_9,Vt_410,Работа,2025-04-03 18:24:00,2025-04-05 05:01:00,1.44,1.0,high,,,{}
episode_rules_v9_9,Vt_410,Работа,2025-04-05 06:37:00,2025-04-06 14:35:00,1.33,1.0,high,,,{}
episode_rules_v9_9,Vt_410,Работа,2025-04-06 16:45:00,2025-04-08 02:20:00,1.4,1.0,high,,,{}
episode_rules_v9_9,Vt_410,Работа,2025-04-08 04:10:00,2025-04-09 13:54:00,1.41,1.0,high,,,{}
episode_rules_v9_9,Vt_410,Работа,2025-04-09 15:36:00,2025-04-10 13:54:00,0.93,1.0,high,,,{}
episode_rules_v9_9,Vt_410,Работа,2025-04-10 18:55:00,2025-04-12 00:00:00,1.21,1.0,high,,,{}
episode_rules_v9_9,Vt_410,Работа,2025-04-12 02:05:00,2025-04-13 09:50:00,1.32,1.0,high,,,{}
episode_rules_v9_9,Vt_410,Работа,2025-04-13 11:37:00,2025-04-14 18:23:00,1.28,1.0,high,,,{}
episode_rules_v9_9,Vt_410,Работа,2025-04-14 20:00:00,2025-04-16 00:15:00,1.18,1.0,high,,,{}
episode_rules_v9_9,Vt_410,Работа,2025-04-16 03:07:00,2025-05-12 11:54:00,26.37,1.0,high,,,{}
episode_rules_v9_9,Vt_410,Работа,2025-05-12 16:03:00,2025-05-12 18:59:00,0.12,1.0,high,,,{}
episode_rules_v9_9,Vt_410,Работа,2025-05-12 19:49:00,2025-05-19 23:06:00,7.14,1.0,high,,,{}
episode_rules_v9_9,Vt_410,Работа,2025-05-20 00:24:00,2025-05-20 12:02:00,0.48,1.0,high,,,{}
episode_rules_v9_9,Vt_410,Работа,2025-05-20 13:30:00,2025-05-20 21:17:00,0.32,1.0,high,,,{}
episode_rules_v9_9,Vt_410,Работа,2025-05-20 22:47:00,2025-06-01 18:14:00,11.81,1.0,high,,,{}
episode_rules_v9_9,Vt_410,Работа,2025-06-01 22:15:00,2025-06-02 00:56:00,0.11,1.0,high,,,{}
episode_rules_v9_9,Vt_410,Работа,2025-06-02 02:01:00,2025-06-02 11:08:00,0.38,1.0,high,,,{}
episode_rules_v9_9,Vt_410,Работа,2025-06-02 12:24:00,2025-06-03 01:04:00,0.53,1.0,high,,,{}
episode_rules_v9_9,Vt_410,Работа,2025-06-03 03:39:00,2025-06-04 03:40:00,1.0,1.0,high,,,{}
episode_rules_v9_9,Vt_410,Работа,2025-06-04 04:59:00,2025-06-05 21:17:00,1.68,1.0,high,,,{}
episode_rules_v9_9,Vt_410,Работа,2025-06-05 22:30:00,2025-06-08 10:28:00,2.5,1.0,high,,,{}
episode_rules_v9_9,Vt_410,Работа,2025-06-08 14:13:00,2025-06-09 22:43:00,1.35,1.0,high,,,{}
episode_rules_v9_9,Vt_410,Работа,2025-06-10 00:25:00,2025-06-12 13:03:00,2.53,1.0,high,,,{}
episode_rules_v9_9,Vt_410,Работа,2025-06-12 15:13:00,2025-06-21 02:30:00,8.47,1.0,high,,,{}
episode_rules_v9_9,Vt_410,Работа,2025-06-21 07:50:00,2025-06-21 11:57:00,0.17,1.0,high,,,{}
episode_rules_v9_9,Vt_410,Работа,2025-06-21 14:39:00,2025-06-21 20:52:00,0.26,1.0,high,,,{}
episode_rules_v9_9,Vt_410,Работа,2025-06-21 22:15:00,2025-06-22 06:32:00,0.35,1.0,high,,,{}
episode_rules_v9_9,Vt_410,Работа,2025-06-22 17:00:00,2025-06-22 18:59:00,0.08,1.0,high,,,{}
episode_rules_v9_9,Vt_410,Работа,2025-07-08 05:00:00,2025-07-10 21:30:00,2.69,1.0,high,,,{}
episode_rules_v9_9,Vt_410,Работа,2025-07-11 11:45:00,2025-07-12 15:15:00,1.15,1.0,high,,,{}
episode_rules_v9_9,Vt_410,Работа,2025-07-12 19:24:00,2025-07-21 01:59:00,8.27,1.0,high,,,{}
episode_rules_v9_9,Vt_410,Работа,2025-07-21 03:54:00,2025-08-01 17:40:00,11.57,1.0,high,,,{}
episode_rules_v9_9,Vt_410,Работа,2025-08-01 20:23:00,2025-08-02 03:59:00,0.32,1.0,high,,,{}
episode_rules_v9_9,Vt_410,Работа,2025-08-02 07:30:00,2025-08-07 17:09:00,5.4,1.0,high,,,{}
episode_rules_v9_9,Vt_410,Работа,2025-08-07 18:33:00,2025-08-07 19:00:00,0.02,1.0,high,,,{}
episode_rules_v9_9,Vt_410,Работа,2025-08-08 00:37:00,2025-08-08 06:59:00,0.27,1.0,high,,,{}
episode_rules_v9_9,Vt_410,Работа,2025-08-08 08:20:00,2025-08-20 04:00:00,11.82,1.0,high,,,{}
episode_rules_v9_9,Vt_410,Работа,2025-08-20 06:11:00,2025-08-20 08:48:00,0.11,1.0,high,,,{}
episode_rules_v9_9,Vt_410,Работа,2025-08-20 10:25:00,2025-08-20 10:58:00,0.02,1.0,high,,,{}
episode_rules_v9_9,Vt_410,Работа,2025-09-10 13:47:00,2025-09-23 10:27:00,12.86,1.0,high,,,{}
episode_rules_v9_9,Vt_410,Работа,2025-09-28 00:00:00,2026-02-19 15:08:00,144.63,1.0,high,,,{}
episode_rules_v9_9,Vt_410,Работа,2026-02-19 17:32:00,2026-03-13 12:18:00,21.78,1.0,high,,,{}
episode_rules_v9_9,Vt_410,Работа,2026-03-13 20:48:00,2026-04-03 15:50:00,20.79,1.0,high,,,{}
episode_rules_v9_9,Vt_410,Работа,2026-04-04 15:17:00,2026-04-11 09:53:00,6.78,1.0,high,,,{}
episode_rules_v9_9,Vt_410,Работа,2026-04-13 12:31:00,2026-05-01 00:00:00,17.48,1.0,high,,,{}
episode_rules_v9_9,Vt_410,СППВ,2025-03-05 20:44:00,2025-08-20 10:58:00,167.59,1.0,high,,,{}
episode_rules_v9_9,Vt_410,СППВ,2025-09-10 13:47:00,2025-09-23 10:27:00,12.86,1.0,high,,,{}
episode_rules_v9_9,Vt_410,СППВ,2025-09-28 00:00:00,2026-04-11 09:53:00,195.41,1.0,high,,,{}
episode_rules_v9_9,Vt_410,СППВ,2026-04-13 12:31:00,2026-05-01 00:00:00,17.48,1.0,high,,,{}
episode_rules_v9_9,Vt_410,Снижение Кпрод,2025-01-03 00:00:00,2025-01-14 23:00:00,11.96,0.5,medium,,,"{'ql_confirms': None, 'ql_opz': None}"
episode_rules_v9_9,Vt_410,Снижение Кпрод,2025-01-20 00:00:00,2025-02-13 23:00:00,24.96,0.5,medium,,,"{'ql_confirms': None, 'ql_opz': None}"
episode_rules_v9_9,Vt_410,Снижение Кпрод,2025-02-21 00:00:00,2025-02-24 23:00:00,3.96,0.5,medium,,,"{'ql_confirms': None, 'ql_opz': None}"
episode_rules_v9_9,Vt_410,Снижение Кпрод,2025-03-01 00:00:00,2025-03-02 23:00:00,1.96,0.5,medium,,,"{'ql_confirms': None, 'ql_opz': None}"
episode_rules_v9_9,Vt_410,Снижение Кпрод,2025-06-18 00:00:00,2025-06-20 23:00:00,2.96,0.5,medium,,,"{'ql_confirms': None, 'ql_opz': None}"
episode_rules_v9_9,Vt_410,Снижение Кпрод,2025-07-15 00:00:00,2025-07-16 23:00:00,1.96,0.5,medium,,,"{'ql_confirms': None, 'ql_opz': None}"
episode_rules_v9_9,Vt_410,Снижение Кпрод,2025-07-24 00:00:00,2025-07-25 23:00:00,1.96,0.5,medium,,,"{'ql_confirms': None, 'ql_opz': None}"
episode_rules_v9_9,Vt_410,Снижение Кпрод,2025-09-14 00:00:00,2025-09-23 23:00:00,9.96,0.5,medium,,,"{'ql_confirms': None, 'ql_opz': None}"
episode_rules_v9_9,Vt_410,Снижение Кпрод,2025-10-01 00:00:00,2025-10-11 23:00:00,10.96,0.5,medium,,,"{'ql_confirms': None, 'ql_opz': None}"
episode_rules_v9_9,Vt_410,Снижение Кпрод,2025-10-19 00:00:00,2025-10-20 23:00:00,1.96,0.5,medium,,,"{'ql_confirms': None, 'ql_opz': None}"
episode_rules_v9_9,Vt_410,Снижение Кпрод,2025-11-14 00:00:00,2025-11-20 23:00:00,6.96,0.5,medium,,,"{'ql_confirms': None, 'ql_opz': None}"
episode_rules_v9_9,Vt_410,Снижение Кпрод,2026-03-18 00:00:00,2026-03-22 23:00:00,4.96,0.5,medium,,,"{'ql_confirms': None, 'ql_opz': None}"
episode_rules_v9_9,Vt_410,Снижение Рпл,2025-01-07 17:26:00,2025-04-30 06:51:30,112.56,0.667,low,Снижение Рпл,0.457,"{'freq_stable': np.False_, 'ip_gradual': np.True_, 'ql_declining': np.True_}"
episode_rules_v9_9,Vt_410,Снижение Рпл,2025-07-09 13:15:00,2025-08-01 10:21:30,22.88,0.5,low,НУР,0.208,"{'freq_stable': np.False_, 'ip_gradual': np.True_, 'ql_declining': None}"
episode_rules_v9_9,Vt_410,Снижение Рпл,2025-09-17 00:07:00,2026-04-23 05:15:30,218.21,0.667,low,Снижение Рпл,0.694,"{'freq_stable': np.False_, 'ip_gradual': np.True_, 'ql_declining': np.True_}"
episode_rules_v9_9,Vt_410,УВЧ,2025-01-10 00:00:00,2025-02-06 23:00:00,27.96,0.667,medium,,,"{'freq_net_ok': np.True_, 'freq_trend_up': True, 'ql_rises': False}"
episode_rules_v9_9,Vt_410,УВЧ,2025-02-17 00:00:00,2025-05-03 23:00:00,75.96,0.667,medium,,,"{'freq_net_ok': np.True_, 'freq_trend_up': True, 'ql_rises': False}"
episode_rules_v9_9,Vt_410,УВЧ,2025-06-13 00:00:00,2025-06-15 23:00:00,2.96,0.167,low,,,"{'freq_net_ok': np.False_, 'freq_trend_up': False, 'ql_rises': None}"
episode_rules_v9_9,Vt_410,УВЧ,2025-07-19 00:00:00,2025-07-24 23:00:00,5.96,0.167,low,,,"{'freq_net_ok': np.False_, 'freq_trend_up': False, 'ql_rises': None}"
episode_rules_v9_9,Vt_410,УВЧ,2025-07-30 00:00:00,2025-08-05 23:00:00,6.96,0.5,low,,,"{'freq_net_ok': np.False_, 'freq_trend_up': True, 'ql_rises': None}"
episode_rules_v9_9,Vt_410,УВЧ,2025-08-06 00:00:00,2025-08-15 23:00:00,9.96,0.5,low,,,"{'freq_net_ok': np.False_, 'freq_trend_up': True, 'ql_rises': None}"
episode_rules_v9_9,Vt_410,УВЧ,2025-09-22 00:00:00,2025-10-01 23:00:00,9.96,0.833,medium,,,"{'freq_net_ok': np.True_, 'freq_trend_up': True, 'ql_rises': None}"
episode_rules_v9_9,Vt_410,УВЧ,2025-10-05 00:00:00,2025-10-13 23:00:00,8.96,0.5,low,,,"{'freq_net_ok': np.False_, 'freq_trend_up': True, 'ql_rises': None}"
episode_rules_v9_9,Vt_410,УВЧ,2025-10-14 00:00:00,2025-10-17 23:00:00,3.96,0.833,medium,,,"{'freq_net_ok': np.True_, 'freq_trend_up': True, 'ql_rises': None}"
episode_rules_v9_9,Vt_410,УВЧ,2025-10-21 00:00:00,2025-10-26 23:00:00,5.96,0.833,medium,,,"{'freq_net_ok': np.True_, 'freq_trend_up': True, 'ql_rises': None}"
episode_rules_v9_9,Vt_410,УВЧ,2025-10-28 00:00:00,2025-12-15 23:00:00,48.96,0.667,medium,,,"{'freq_net_ok': np.True_, 'freq_trend_up': True, 'ql_rises': False}"
episode_rules_v9_9,Vt_410,УВЧ,2026-04-27 00:00:00,2026-05-01 23:00:00,4.96,0.833,medium,,,"{'freq_net_ok': np.True_, 'freq_trend_up': True, 'ql_rises': None}"
episode_rules_v9_9,Vt_419,ГДИ,2026-03-15 01:23:00,2026-03-22 14:56:00,7.56,1.0,high,,,"{'ip_kvd_rising': np.True_, 'ql_zero': True}"
episode_rules_v9_9,Vt_419,ГДИ,2026-04-11 05:58:00,2026-04-13 10:42:00,2.2,1.0,high,,,"{'ip_kvd_rising': np.True_, 'ql_zero': True}"
episode_rules_v9_9,Vt_419,Деградация ЭЦН,2026-01-16 00:00:00,2026-02-12 00:00:00,27.0,1.0,high,,,{}
episode_rules_v9_9,Vt_419,НУР,2025-01-04 00:00:00,2025-01-05 23:00:00,1.96,0.5,medium,НУР,0.113,"{'ip_no_spike': None, 'ip_smooth': None, 'ql_recovers': None}"
episode_rules_v9_9,Vt_419,НУР,2025-01-29 00:00:00,2025-02-02 23:00:00,4.96,0.833,medium,НУР,0.586,"{'ip_no_spike': np.True_, 'ip_smooth': True, 'ql_recovers': None}"
episode_rules_v9_9,Vt_419,НУР,2025-02-18 00:00:00,2025-02-19 23:00:00,1.96,0.5,medium,НУР,0.19,"{'ip_no_spike': None, 'ip_smooth': None, 'ql_recovers': None}"
episode_rules_v9_9,Vt_419,НУР,2025-02-23 00:00:00,2025-02-25 23:00:00,2.96,0.833,medium,НУР,0.257,"{'ip_no_spike': np.True_, 'ip_smooth': True, 'ql_recovers': None}"
episode_rules_v9_9,Vt_419,НУР,2025-02-27 00:00:00,2025-03-01 23:00:00,2.96,0.5,low,НУР,0.215,"{'ip_no_spike': np.False_, 'ip_smooth': True, 'ql_recovers': None}"
episode_rules_v9_9,Vt_419,НУР,2025-03-05 00:00:00,2025-03-11 23:00:00,6.96,0.5,low,НУР,0.577,"{'ip_no_spike': np.False_, 'ip_smooth': True, 'ql_recovers': None}"
episode_rules_v9_9,Vt_419,НУР,2025-04-03 00:00:00,2025-04-27 23:00:00,24.96,1.0,high,Снижение Рпл,0.01,"{'ip_no_spike': np.True_, 'ip_smooth': True, 'ql_recovers': True}"
episode_rules_v9_9,Vt_419,НУР,2025-05-15 00:00:00,2025-05-21 23:00:00,6.96,0.833,medium,НУР,0.546,"{'ip_no_spike': np.True_, 'ip_smooth': True, 'ql_recovers': None}"
episode_rules_v9_9,Vt_419,НУР,2025-06-04 00:00:00,2025-06-06 23:00:00,2.96,0.833,medium,НУР,0.223,"{'ip_no_spike': np.True_, 'ip_smooth': True, 'ql_recovers': None}"
episode_rules_v9_9,Vt_419,НУР,2025-06-22 00:00:00,2025-06-29 23:00:00,7.96,0.5,low,НУР,0.136,"{'ip_no_spike': np.False_, 'ip_smooth': True, 'ql_recovers': None}"
episode_rules_v9_9,Vt_419,НУР,2025-07-12 00:00:00,2025-07-16 23:00:00,4.96,0.833,medium,НУР,0.595,"{'ip_no_spike': np.True_, 'ip_smooth': True, 'ql_recovers': None}"
episode_rules_v9_9,Vt_419,НУР,2025-08-08 00:00:00,2025-08-10 23:00:00,2.96,0.5,low,НУР,0.303,"{'ip_no_spike': np.False_, 'ip_smooth': True, 'ql_recovers': None}"
episode_rules_v9_9,Vt_419,НУР,2025-08-14 00:00:00,2025-08-20 23:00:00,6.96,0.833,medium,НУР,0.585,"{'ip_no_spike': np.True_, 'ip_smooth': True, 'ql_recovers': None}"
episode_rules_v9_9,Vt_419,НУР,2025-09-05 00:00:00,2025-09-07 23:00:00,2.96,0.833,medium,НУР,0.254,"{'ip_no_spike': np.True_, 'ip_smooth': True, 'ql_recovers': None}"
episode_rules_v9_9,Vt_419,НУР,2025-11-27 00:00:00,2025-12-02 23:00:00,5.96,0.833,medium,НУР,0.614,"{'ip_no_spike': np.True_, 'ip_smooth': True, 'ql_recovers': None}"
episode_rules_v9_9,Vt_419,НУР,2025-12-12 00:00:00,2025-12-15 23:00:00,3.96,0.833,medium,НУР,0.533,"{'ip_no_spike': np.True_, 'ip_smooth': True, 'ql_recovers': None}"
episode_rules_v9_9,Vt_419,НУР,2025-12-31 00:00:00,2026-01-05 23:00:00,5.96,0.833,medium,НУР,0.506,"{'ip_no_spike': np.True_, 'ip_smooth': True, 'ql_recovers': None}"
episode_rules_v9_9,Vt_419,НУР,2026-01-12 00:00:00,2026-01-14 23:00:00,2.96,0.833,medium,НУР,0.234,"{'ip_no_spike': np.True_, 'ip_smooth': True, 'ql_recovers': None}"
episode_rules_v9_9,Vt_419,НУР,2026-01-18 00:00:00,2026-01-25 23:00:00,7.96,0.833,medium,НУР,0.606,"{'ip_no_spike': np.True_, 'ip_smooth': True, 'ql_recovers': None}"
episode_rules_v9_9,Vt_419,НУР,2026-03-23 00:00:00,2026-03-30 23:00:00,7.96,0.833,medium,НУР,0.321,"{'ip_no_spike': np.True_, 'ip_smooth': True, 'ql_recovers': None}"
episode_rules_v9_9,Vt_419,НУР,2026-04-14 00:00:00,2026-04-18 23:00:00,4.96,0.833,medium,НУР,0.554,"{'ip_no_spike': np.True_, 'ip_smooth': True, 'ql_recovers': None}"
episode_rules_v9_9,Vt_419,Осложнённый фонд,2025-02-20 00:00:00,2026-05-01 00:00:00,435.0,1.0,high,,,{}
episode_rules_v9_9,Vt_419,Остановка,2025-01-01 10:02:00,2025-01-01 12:53:00,0.12,1.0,high,,,{}
episode_rules_v9_9,Vt_419,Остановка,2025-01-02 10:10:00,2025-01-02 13:00:00,0.12,1.0,high,,,{}
episode_rules_v9_9,Vt_419,Остановка,2025-01-02 16:16:00,2025-01-03 00:35:00,0.35,1.0,high,,,{}
episode_rules_v9_9,Vt_419,Остановка,2025-01-04 00:10:00,2025-01-04 01:58:00,0.07,1.0,high,,,{}
episode_rules_v9_9,Vt_419,Остановка,2025-01-05 02:12:00,2025-01-05 04:24:00,0.09,1.0,high,,,{}
episode_rules_v9_9,Vt_419,Остановка,2025-01-06 04:32:00,2025-01-06 05:39:00,0.05,1.0,high,,,{}
episode_rules_v9_9,Vt_419,Остановка,2025-01-06 06:11:00,2025-01-06 08:02:00,0.08,1.0,high,,,{}
episode_rules_v9_9,Vt_419,Остановка,2025-01-07 10:50:00,2025-01-07 12:11:00,0.06,1.0,high,,,{}
episode_rules_v9_9,Vt_419,Остановка,2025-01-08 17:24:00,2025-01-08 19:05:00,0.07,1.0,high,,,{}
episode_rules_v9_9,Vt_419,Остановка,2025-01-08 21:32:00,2025-01-08 23:47:00,0.09,1.0,high,,,{}
episode_rules_v9_9,Vt_419,Остановка,2025-01-10 00:37:00,2025-01-10 02:41:00,0.09,1.0,high,,,{}
episode_rules_v9_9,Vt_419,Остановка,2025-01-10 17:21:00,2025-01-10 19:47:00,0.1,1.0,high,,,{}
episode_rules_v9_9,Vt_419,Остановка,2025-01-11 04:49:00,2025-01-11 06:37:00,0.07,1.0,high,,,{}
episode_rules_v9_9,Vt_419,Остановка,2025-01-12 09:46:00,2025-01-12 11:15:00,0.06,1.0,high,,,{}
episode_rules_v9_9,Vt_419,Остановка,2025-01-12 11:50:00,2025-01-12 15:10:00,0.14,1.0,high,,,{}
episode_rules_v9_9,Vt_419,Остановка,2025-01-13 13:57:00,2025-01-13 16:15:00,0.1,1.0,high,,,{}
episode_rules_v9_9,Vt_419,Остановка,2025-01-14 17:50:00,2025-01-14 18:44:00,0.04,1.0,high,,,{}
episode_rules_v9_9,Vt_419,Остановка,2025-01-14 19:49:00,2025-01-14 22:37:00,0.12,1.0,high,,,{}
episode_rules_v9_9,Vt_419,Остановка,2025-01-15 21:30:00,2025-01-15 23:25:00,0.08,1.0,high,,,{}
episode_rules_v9_9,Vt_419,Остановка,2025-01-17 02:38:00,2025-01-17 04:16:00,0.07,1.0,high,,,{}
episode_rules_v9_9,Vt_419,Остановка,2025-01-18 01:02:00,2025-01-18 03:44:00,0.11,1.0,high,,,{}
episode_rules_v9_9,Vt_419,Остановка,2025-01-18 21:34:00,2025-01-18 23:10:00,0.07,1.0,high,,,{}
episode_rules_v9_9,Vt_419,Остановка,2025-01-19 21:24:00,2025-01-20 00:11:00,0.12,1.0,high,,,{}
episode_rules_v9_9,Vt_419,Остановка,2025-01-20 21:37:00,2025-01-20 23:22:00,0.07,1.0,high,,,{}
episode_rules_v9_9,Vt_419,Остановка,2025-01-21 22:10:00,2025-01-22 00:10:00,0.08,1.0,high,,,{}
episode_rules_v9_9,Vt_419,Остановка,2025-01-22 17:52:00,2025-01-23 03:00:00,0.38,1.0,high,,,{}
episode_rules_v9_9,Vt_419,Остановка,2025-01-23 23:31:00,2025-01-24 01:30:00,0.08,1.0,high,,,{}
episode_rules_v9_9,Vt_419,Остановка,2025-01-25 05:01:00,2025-01-25 09:52:00,0.2,1.0,high,,,{}
episode_rules_v9_9,Vt_419,Остановка,2025-01-26 05:07:00,2025-01-26 09:44:00,0.19,1.0,high,,,{}
episode_rules_v9_9,Vt_419,Остановка,2025-01-27 10:59:00,2025-01-27 13:17:00,0.1,1.0,high,,,{}
episode_rules_v9_9,Vt_419,Остановка,2025-01-28 03:25:00,2025-01-28 18:01:00,0.61,1.0,high,,,{}
episode_rules_v9_9,Vt_419,Остановка,2025-01-29 15:05:00,2025-01-29 16:59:00,0.08,1.0,high,,,{}
episode_rules_v9_9,Vt_419,Остановка,2025-01-30 22:20:00,2025-01-30 23:54:00,0.07,1.0,high,,,{}
episode_rules_v9_9,Vt_419,Остановка,2025-01-31 23:50:00,2025-02-01 02:45:00,0.12,1.0,high,,,{}
episode_rules_v9_9,Vt_419,Остановка,2025-02-02 03:08:00,2025-02-02 04:26:00,0.05,1.0,high,,,{}
episode_rules_v9_9,Vt_419,Остановка,2025-02-03 04:26:00,2025-02-03 06:37:00,0.09,1.0,high,,,{}
episode_rules_v9_9,Vt_419,Остановка,2025-02-04 14:47:00,2025-02-04 18:25:00,0.15,1.0,high,,,{}
episode_rules_v9_9,Vt_419,Остановка,2025-02-05 17:32:00,2025-02-05 19:18:00,0.07,1.0,high,,,{}
episode_rules_v9_9,Vt_419,Остановка,2025-02-06 22:12:00,2025-02-06 23:51:00,0.07,1.0,high,,,{}
episode_rules_v9_9,Vt_419,Остановка,2025-02-07 21:48:00,2025-02-08 01:31:00,0.15,1.0,high,,,{}
episode_rules_v9_9,Vt_419,Остановка,2025-02-09 00:33:00,2025-02-09 04:59:00,0.18,1.0,high,,,{}
episode_rules_v9_9,Vt_419,Остановка,2025-02-10 04:07:00,2025-02-10 07:59:00,0.16,1.0,high,,,{}
episode_rules_v9_9,Vt_419,Остановка,2025-02-11 07:45:00,2025-02-11 13:33:00,0.24,1.0,high,,,{}
episode_rules_v9_9,Vt_419,Остановка,2025-02-11 14:38:00,2025-02-11 17:46:00,0.13,1.0,high,,,{}
episode_rules_v9_9,Vt_419,Остановка,2025-02-12 10:59:00,2025-02-12 13:30:00,0.1,1.0,high,,,{}
episode_rules_v9_9,Vt_419,Остановка,2025-02-13 14:23:00,2025-02-13 16:19:00,0.08,1.0,high,,,{}
episode_rules_v9_9,Vt_419,Остановка,2025-02-14 11:56:00,2025-02-14 17:00:00,0.21,1.0,high,,,{}
episode_rules_v9_9,Vt_419,Остановка,2025-02-15 19:36:00,2025-02-17 18:48:00,1.97,1.0,high,,,{}
episode_rules_v9_9,Vt_419,Остановка,2025-02-18 02:05:00,2025-02-18 11:54:00,0.41,1.0,high,,,{}
episode_rules_v9_9,Vt_419,Остановка,2025-02-18 13:58:00,2025-02-18 14:59:00,0.04,1.0,high,,,{}
episode_rules_v9_9,Vt_419,Остановка,2025-02-18 16:00:00,2025-02-19 01:42:00,0.4,1.0,high,,,{}
episode_rules_v9_9,Vt_419,Остановка,2025-02-19 18:04:00,2025-02-19 19:11:00,0.05,1.0,high,,,{}
episode_rules_v9_9,Vt_419,Остановка,2025-02-19 20:05:00,2025-02-19 23:53:00,0.16,1.0,high,,,{}
episode_rules_v9_9,Vt_419,Остановка,2025-02-20 14:31:00,2025-02-20 18:46:00,0.18,1.0,high,,,{}
episode_rules_v9_9,Vt_419,Остановка,2025-02-20 19:58:00,2025-02-21 01:02:00,0.21,1.0,high,,,{}
episode_rules_v9_9,Vt_419,Остановка,2025-02-21 20:32:00,2025-02-22 07:51:00,0.47,1.0,high,,,{}
episode_rules_v9_9,Vt_419,Остановка,2025-02-23 00:25:00,2025-02-23 02:19:00,0.08,1.0,high,,,{}
episode_rules_v9_9,Vt_419,Остановка,2025-02-23 09:21:00,2025-02-23 17:52:00,0.35,1.0,high,,,{}
episode_rules_v9_9,Vt_419,Остановка,2025-02-25 03:35:00,2025-02-25 21:30:00,0.75,1.0,high,,,{}
episode_rules_v9_9,Vt_419,Остановка,2025-02-26 20:23:00,2025-02-27 04:10:00,0.32,1.0,high,,,{}
episode_rules_v9_9,Vt_419,Остановка,2025-02-28 11:36:00,2025-02-28 13:39:00,0.09,1.0,high,,,{}
episode_rules_v9_9,Vt_419,Остановка,2025-03-01 17:03:00,2025-03-01 18:32:00,0.06,1.0,high,,,{}
episode_rules_v9_9,Vt_419,Остановка,2025-03-01 19:27:00,2025-03-01 22:59:00,0.15,1.0,high,,,{}
episode_rules_v9_9,Vt_419,Остановка,2025-03-02 23:29:00,2025-03-03 01:36:00,0.09,1.0,high,,,{}
episode_rules_v9_9,Vt_419,Остановка,2025-03-03 23:12:00,2025-03-04 02:44:00,0.15,1.0,high,,,{}
episode_rules_v9_9,Vt_419,Остановка,2025-03-04 10:33:00,2025-03-04 15:55:00,0.22,1.0,high,,,{}
episode_rules_v9_9,Vt_419,Остановка,2025-03-04 17:20:00,2025-03-05 04:16:00,0.46,1.0,high,,,{}
episode_rules_v9_9,Vt_419,Остановка,2025-03-06 03:02:00,2025-03-06 04:43:00,0.07,1.0,high,,,{}
episode_rules_v9_9,Vt_419,Остановка,2025-03-07 05:04:00,2025-03-07 06:46:00,0.07,1.0,high,,,{}
episode_rules_v9_9,Vt_419,Остановка,2025-03-07 07:42:00,2025-03-07 10:07:00,0.1,1.0,high,,,{}
episode_rules_v9_9,Vt_419,Остановка,2025-03-08 19:11:00,2025-03-08 23:27:00,0.18,1.0,high,,,{}
episode_rules_v9_9,Vt_419,Остановка,2025-03-09 08:22:00,2025-03-09 11:04:00,0.11,1.0,high,,,{}
episode_rules_v9_9,Vt_419,Остановка,2025-03-09 12:37:00,2025-03-09 19:32:00,0.29,1.0,high,,,{}
episode_rules_v9_9,Vt_419,Остановка,2025-03-11 13:30:00,2025-03-11 17:54:00,0.18,1.0,high,,,{}
episode_rules_v9_9,Vt_419,Остановка,2025-03-13 01:42:00,2025-03-13 03:34:00,0.08,1.0,high,,,{}
episode_rules_v9_9,Vt_419,Остановка,2025-03-13 04:46:00,2025-04-03 05:00:00,21.01,1.0,high,,,{}
episode_rules_v9_9,Vt_419,Остановка,2025-04-05 15:55:00,2025-04-05 16:53:00,0.04,1.0,high,,,{}
episode_rules_v9_9,Vt_419,Остановка,2025-04-07 18:16:00,2025-04-07 19:45:00,0.06,1.0,high,,,{}
episode_rules_v9_9,Vt_419,Остановка,2025-04-09 01:31:00,2025-04-09 05:58:00,0.19,1.0,high,,,{}
episode_rules_v9_9,Vt_419,Остановка,2025-04-09 15:50:00,2025-04-09 17:06:00,0.05,1.0,high,,,{}
episode_rules_v9_9,Vt_419,Остановка,2025-04-11 01:52:00,2025-04-11 03:59:00,0.09,1.0,high,,,{}
episode_rules_v9_9,Vt_419,Остановка,2025-04-11 05:01:00,2025-04-11 07:27:00,0.1,1.0,high,,,{}
episode_rules_v9_9,Vt_419,Остановка,2025-04-12 18:29:00,2025-04-13 03:44:00,0.39,1.0,high,,,{}
episode_rules_v9_9,Vt_419,Остановка,2025-04-15 01:48:00,2025-04-15 04:40:00,0.12,1.0,high,,,{}
episode_rules_v9_9,Vt_419,Остановка,2025-04-17 01:41:00,2025-04-17 03:22:00,0.07,1.0,high,,,{}
episode_rules_v9_9,Vt_419,Остановка,2025-04-18 21:44:00,2025-04-18 23:22:00,0.07,1.0,high,,,{}
episode_rules_v9_9,Vt_419,Остановка,2025-04-19 02:09:00,2025-04-19 04:20:00,0.09,1.0,high,,,{}
episode_rules_v9_9,Vt_419,Остановка,2025-04-20 21:47:00,2025-04-20 23:26:00,0.07,1.0,high,,,{}
episode_rules_v9_9,Vt_419,Остановка,2025-04-22 17:34:00,2025-04-23 00:24:00,0.28,1.0,high,,,{}
episode_rules_v9_9,Vt_419,Остановка,2025-04-23 16:19:00,2025-04-23 18:10:00,0.08,1.0,high,,,{}
episode_rules_v9_9,Vt_419,Остановка,2025-04-24 17:17:00,2025-04-24 18:24:00,0.05,1.0,high,,,{}
episode_rules_v9_9,Vt_419,Остановка,2025-04-28 18:55:00,2025-04-28 22:21:00,0.14,1.0,high,,,{}
episode_rules_v9_9,Vt_419,Остановка,2025-05-01 17:36:00,2025-05-01 19:17:00,0.07,1.0,high,,,{}
episode_rules_v9_9,Vt_419,Остановка,2025-05-04 09:10:00,2025-05-04 12:39:00,0.15,1.0,high,,,{}
episode_rules_v9_9,Vt_419,Остановка,2025-05-04 13:14:00,2025-05-04 15:31:00,0.1,1.0,high,,,{}
episode_rules_v9_9,Vt_419,Остановка,2025-05-07 17:22:00,2025-05-07 18:32:00,0.05,1.0,high,,,{}
episode_rules_v9_9,Vt_419,Остановка,2025-05-07 19:12:00,2025-05-07 21:13:00,0.08,1.0,high,,,{}
episode_rules_v9_9,Vt_419,Остановка,2025-05-10 21:22:00,2025-05-10 23:06:00,0.07,1.0,high,,,{}
episode_rules_v9_9,Vt_419,Остановка,2025-05-11 00:07:00,2025-05-11 03:01:00,0.12,1.0,high,,,{}
episode_rules_v9_9,Vt_419,Остановка,2025-05-13 17:20:00,2025-05-14 08:50:00,0.65,1.0,high,,,{}
episode_rules_v9_9,Vt_419,Остановка,2025-05-17 09:55:00,2025-05-17 12:25:00,0.1,1.0,high,,,{}
episode_rules_v9_9,Vt_419,Остановка,2025-05-19 17:46:00,2025-05-19 19:13:00,0.06,1.0,high,,,{}
episode_rules_v9_9,Vt_419,Остановка,2025-05-20 09:47:00,2025-05-20 12:20:00,0.11,1.0,high,,,{}
episode_rules_v9_9,Vt_419,Остановка,2025-05-21 02:40:00,2025-05-21 03:51:00,0.05,1.0,high,,,{}
episode_rules_v9_9,Vt_419,Остановка,2025-05-22 07:25:00,2025-05-22 10:02:00,0.11,1.0,high,,,{}
episode_rules_v9_9,Vt_419,Остановка,2025-05-22 15:20:00,2025-05-22 17:27:00,0.09,1.0,high,,,{}
episode_rules_v9_9,Vt_419,Остановка,2025-05-23 12:25:00,2025-05-23 15:42:00,0.14,1.0,high,,,{}
episode_rules_v9_9,Vt_419,Остановка,2025-05-24 02:28:00,2025-05-24 04:18:00,0.08,1.0,high,,,{}
episode_rules_v9_9,Vt_419,Остановка,2025-05-25 15:02:00,2025-05-25 17:34:00,0.11,1.0,high,,,{}
episode_rules_v9_9,Vt_419,Остановка,2025-05-26 21:13:00,2025-05-27 00:57:00,0.16,1.0,high,,,{}
episode_rules_v9_9,Vt_419,Остановка,2025-05-29 22:12:00,2025-05-30 01:09:00,0.12,1.0,high,,,{}
episode_rules_v9_9,Vt_419,Остановка,2025-05-30 17:35:00,2025-06-01 00:11:00,1.27,1.0,high,,,{}
episode_rules_v9_9,Vt_419,Остановка,2025-06-01 17:56:00,2025-06-01 21:08:00,0.13,1.0,high,,,{}
episode_rules_v9_9,Vt_419,Остановка,2025-06-01 23:52:00,2025-06-02 03:48:00,0.16,1.0,high,,,{}
episode_rules_v9_9,Vt_419,Остановка,2025-06-02 12:52:00,2025-06-02 17:06:00,0.18,1.0,high,,,{}
episode_rules_v9_9,Vt_419,Остановка,2025-06-02 21:30:00,2025-06-02 23:27:00,0.08,1.0,high,,,{}
episode_rules_v9_9,Vt_419,Остановка,2025-06-03 22:32:00,2025-06-04 04:59:00,0.27,1.0,high,,,{}
episode_rules_v9_9,Vt_419,Остановка,2025-06-05 08:37:00,2025-06-05 10:49:00,0.09,1.0,high,,,{}
episode_rules_v9_9,Vt_419,Остановка,2025-06-06 10:45:00,2025-06-06 17:16:00,0.27,1.0,high,,,{}
episode_rules_v9_9,Vt_419,Остановка,2025-06-08 10:28:00,2025-06-08 16:13:00,0.24,1.0,high,,,{}
episode_rules_v9_9,Vt_419,Остановка,2025-06-10 02:09:00,2025-06-10 04:53:00,0.11,1.0,high,,,{}
episode_rules_v9_9,Vt_419,Остановка,2025-06-10 18:27:00,2025-06-10 19:14:00,0.03,1.0,high,,,{}
episode_rules_v9_9,Vt_419,Остановка,2025-06-11 12:27:00,2025-06-11 15:15:00,0.12,1.0,high,,,{}
episode_rules_v9_9,Vt_419,Остановка,2025-06-11 19:16:00,2025-06-11 20:49:00,0.06,1.0,high,,,{}
episode_rules_v9_9,Vt_419,Остановка,2025-06-13 01:00:00,2025-06-13 04:59:00,0.17,1.0,high,,,{}
episode_rules_v9_9,Vt_419,Остановка,2025-06-16 00:56:00,2025-06-16 04:34:00,0.15,1.0,high,,,{}
episode_rules_v9_9,Vt_419,Остановка,2025-06-18 21:52:00,2025-06-19 02:24:00,0.19,1.0,high,,,{}
episode_rules_v9_9,Vt_419,Остановка,2025-06-21 21:30:00,2025-06-22 03:53:00,0.27,1.0,high,,,{}
episode_rules_v9_9,Vt_419,Остановка,2025-06-24 22:02:00,2025-06-25 01:27:00,0.14,1.0,high,,,{}
episode_rules_v9_9,Vt_419,Остановка,2025-06-28 04:32:00,2025-06-28 09:44:00,0.22,1.0,high,,,{}
episode_rules_v9_9,Vt_419,Остановка,2025-07-01 04:25:00,2025-07-01 07:54:00,0.15,1.0,high,,,{}
episode_rules_v9_9,Vt_419,Остановка,2025-07-03 02:29:00,2025-07-03 07:29:00,0.21,1.0,high,,,{}
episode_rules_v9_9,Vt_419,Остановка,2025-07-08 08:58:00,2025-07-08 13:08:00,0.17,1.0,high,,,{}
episode_rules_v9_9,Vt_419,Остановка,2025-07-10 21:30:00,2025-07-11 19:57:00,0.94,1.0,high,,,{}
episode_rules_v9_9,Vt_419,Остановка,2025-07-12 17:08:00,2025-07-12 19:02:00,0.08,1.0,high,,,{}
episode_rules_v9_9,Vt_419,Остановка,2025-07-14 09:29:00,2025-07-14 12:17:00,0.12,1.0,high,,,{}
episode_rules_v9_9,Vt_419,Остановка,2025-07-17 09:30:00,2025-07-17 13:09:00,0.15,1.0,high,,,{}
episode_rules_v9_9,Vt_419,Остановка,2025-07-20 11:18:00,2025-07-20 15:34:00,0.18,1.0,high,,,{}
episode_rules_v9_9,Vt_419,Остановка,2025-07-23 15:58:00,2025-07-23 18:17:00,0.1,1.0,high,,,{}
episode_rules_v9_9,Vt_419,Остановка,2025-07-26 16:20:00,2025-07-26 20:02:00,0.15,1.0,high,,,{}
episode_rules_v9_9,Vt_419,Остановка,2025-07-30 02:04:00,2025-07-30 11:35:00,0.4,1.0,high,,,{}
episode_rules_v9_9,Vt_419,Остановка,2025-08-02 09:17:00,2025-08-02 12:35:00,0.14,1.0,high,,,{}
episode_rules_v9_9,Vt_419,Остановка,2025-08-07 17:09:00,2025-08-07 18:34:00,0.06,1.0,high,,,{}
episode_rules_v9_9,Vt_419,Остановка,2025-08-07 19:00:00,2025-08-08 01:03:00,0.25,1.0,high,,,{}
episode_rules_v9_9,Vt_419,Остановка,2025-08-12 14:58:00,2025-08-13 17:47:00,1.12,1.0,high,,,{}
episode_rules_v9_9,Vt_419,Остановка,2025-08-29 11:18:00,2025-08-29 16:04:00,0.2,1.0,high,,,{}
episode_rules_v9_9,Vt_419,Остановка,2025-09-01 13:07:00,2025-09-01 16:35:00,0.14,1.0,high,,,{}
episode_rules_v9_9,Vt_419,Остановка,2025-09-03 15:11:00,2025-09-04 07:17:00,0.67,1.0,high,,,{}
episode_rules_v9_9,Vt_419,Остановка,2025-09-05 03:16:00,2025-09-05 07:48:00,0.19,1.0,high,,,{}
episode_rules_v9_9,Vt_419,Остановка,2025-09-08 00:22:00,2025-09-08 03:43:00,0.14,1.0,high,,,{}
episode_rules_v9_9,Vt_419,Остановка,2025-09-09 19:04:00,2025-09-10 00:17:00,0.22,1.0,high,,,{}
episode_rules_v9_9,Vt_419,Остановка,2025-09-11 21:22:00,2025-09-12 00:59:00,0.15,1.0,high,,,{}
episode_rules_v9_9,Vt_419,Остановка,2025-09-13 11:26:00,2025-09-13 17:16:00,0.24,1.0,high,,,{}
episode_rules_v9_9,Vt_419,Остановка,2025-09-16 01:08:00,2025-09-16 04:29:00,0.14,1.0,high,,,{}
episode_rules_v9_9,Vt_419,Остановка,2025-09-20 09:01:00,2025-09-20 12:46:00,0.16,1.0,high,,,{}
episode_rules_v9_9,Vt_419,Остановка,2025-09-22 01:06:00,2025-09-22 04:30:00,0.14,1.0,high,,,{}
episode_rules_v9_9,Vt_419,Остановка,2025-09-23 09:11:00,2025-09-23 12:33:00,0.14,1.0,high,,,{}
episode_rules_v9_9,Vt_419,Остановка,2025-09-24 12:27:00,2025-09-24 16:55:00,0.19,1.0,high,,,{}
episode_rules_v9_9,Vt_419,Остановка,2025-10-12 13:38:00,2025-10-12 21:14:00,0.32,1.0,high,,,{}
episode_rules_v9_9,Vt_419,Остановка,2025-10-16 08:54:00,2025-10-16 17:35:00,0.36,1.0,high,,,{}
episode_rules_v9_9,Vt_419,Остановка,2025-10-21 02:07:00,2025-10-21 04:51:00,0.11,1.0,high,,,{}
episode_rules_v9_9,Vt_419,Остановка,2025-10-23 21:51:00,2025-10-24 04:02:00,0.26,1.0,high,,,{}
episode_rules_v9_9,Vt_419,Остановка,2025-11-08 10:28:00,2025-11-08 12:50:00,0.1,1.0,high,,,{}
episode_rules_v9_9,Vt_419,Остановка,2025-11-13 22:42:00,2025-11-14 01:49:00,0.13,1.0,high,,,{}
episode_rules_v9_9,Vt_419,Остановка,2025-11-14 15:41:00,2025-11-14 19:42:00,0.17,1.0,high,,,{}
episode_rules_v9_9,Vt_419,Остановка,2025-11-18 15:56:00,2025-11-18 19:04:00,0.13,1.0,high,,,{}
episode_rules_v9_9,Vt_419,Остановка,2025-11-26 21:35:00,2025-11-26 23:54:00,0.1,1.0,high,,,{}
episode_rules_v9_9,Vt_419,Остановка,2025-11-27 00:20:00,2025-11-27 04:08:00,0.16,1.0,high,,,{}
episode_rules_v9_9,Vt_419,Остановка,2025-11-27 04:37:00,2025-11-27 12:51:00,0.34,1.0,high,,,{}
episode_rules_v9_9,Vt_419,Остановка,2025-11-27 18:02:00,2025-11-27 18:56:00,0.04,1.0,high,,,{}
episode_rules_v9_9,Vt_419,Остановка,2025-11-27 19:22:00,2025-11-27 23:02:00,0.15,1.0,high,,,{}
episode_rules_v9_9,Vt_419,Остановка,2025-12-04 15:05:00,2025-12-04 18:13:00,0.13,1.0,high,,,{}
episode_rules_v9_9,Vt_419,Остановка,2025-12-10 10:26:00,2025-12-11 05:31:00,0.8,1.0,high,,,{}
episode_rules_v9_9,Vt_419,Остановка,2025-12-28 18:29:00,2025-12-28 23:49:00,0.22,1.0,high,,,{}
episode_rules_v9_9,Vt_419,Остановка,2025-12-29 00:00:00,2025-12-29 22:54:00,0.95,1.0,high,,,{}
episode_rules_v9_9,Vt_419,Остановка,2026-01-10 14:01:00,2026-01-11 02:16:00,0.51,1.0,high,,,{}
episode_rules_v9_9,Vt_419,Остановка,2026-01-15 13:04:00,2026-01-15 23:35:00,0.44,1.0,high,,,{}
episode_rules_v9_9,Vt_419,Остановка,2026-01-17 03:01:00,2026-01-17 05:12:00,0.09,1.0,high,,,{}
episode_rules_v9_9,Vt_419,Остановка,2026-01-17 17:38:00,2026-01-17 22:21:00,0.2,1.0,high,,,{}
episode_rules_v9_9,Vt_419,Остановка,2026-01-17 22:35:00,2026-01-18 04:26:00,0.24,1.0,high,,,{}
episode_rules_v9_9,Vt_419,Остановка,2026-01-18 05:01:00,2026-01-18 06:43:00,0.07,1.0,high,,,{}
episode_rules_v9_9,Vt_419,Остановка,2026-01-18 08:17:00,2026-01-18 18:38:00,0.43,1.0,high,,,{}
episode_rules_v9_9,Vt_419,Остановка,2026-02-11 00:58:00,2026-02-11 04:51:00,0.16,1.0,high,,,{}
episode_rules_v9_9,Vt_419,Остановка,2026-02-19 15:08:00,2026-02-19 17:34:00,0.1,1.0,high,,,{}
episode_rules_v9_9,Vt_419,Остановка,2026-02-19 18:57:00,2026-02-19 22:07:00,0.13,1.0,high,,,{}
episode_rules_v9_9,Vt_419,Остановка,2026-02-26 00:53:00,2026-02-26 01:54:00,0.04,1.0,high,,,{}
episode_rules_v9_9,Vt_419,Остановка,2026-03-12 15:53:00,2026-03-12 18:12:00,0.1,1.0,high,,,{}
episode_rules_v9_9,Vt_419,Остановка,2026-03-13 13:08:00,2026-03-13 14:51:00,0.07,1.0,high,,,{}
episode_rules_v9_9,Vt_419,Остановка,2026-03-15 01:23:00,2026-03-22 14:56:00,7.56,1.0,high,,,{}
episode_rules_v9_9,Vt_419,Остановка,2026-03-22 15:43:00,2026-03-22 16:13:00,0.02,1.0,high,,,{}
episode_rules_v9_9,Vt_419,Остановка,2026-04-11 05:58:00,2026-04-13 10:42:00,2.2,1.0,high,,,{}
episode_rules_v9_9,Vt_419,Остановка,2026-04-24 12:37:00,2026-04-24 14:57:00,0.1,1.0,high,,,{}
episode_rules_v9_9,Vt_419,Остановка,2026-04-26 13:05:00,2026-04-26 14:40:00,0.07,1.0,high,,,{}
episode_rules_v9_9,Vt_419,Остановка,2026-04-26 18:05:00,2026-04-26 21:19:00,0.13,1.0,high,,,{}
episode_rules_v9_9,Vt_419,Остановка,2026-04-26 21:43:00,2026-04-28 03:13:00,1.23,1.0,high,,,{}
episode_rules_v9_9,Vt_419,Остановка,2026-04-28 05:01:00,2026-04-29 18:52:00,1.58,1.0,high,,,{}
episode_rules_v9_9,Vt_419,Остановка,2026-04-29 19:38:00,2026-05-01 00:00:00,1.18,1.0,high,,,{}
episode_rules_v9_9,Vt_419,Периодическая работа,2025-01-01 00:00:00,2025-08-25 00:00:00,236.0,0.5,low,,,"{'ql_cyclic': np.True_, 'rhythm_ok': False}"
episode_rules_v9_9,Vt_419,Периодическая работа,2026-03-29 00:00:00,2026-05-01 00:00:00,33.0,0.25,low,,,"{'ql_cyclic': None, 'rhythm_ok': False}"
episode_rules_v9_9,Vt_419,РПТЧ,2025-01-01 00:00:00,2025-03-28 00:00:00,86.0,1.0,high,,,"{'ql_oscillates': np.True_, 'round_hz': np.True_}"
episode_rules_v9_9,Vt_419,РПТЧ,2025-03-28 00:00:00,2026-03-15 01:23:00,352.06,1.0,high,,,"{'ql_oscillates': np.True_, 'round_hz': np.True_}"
episode_rules_v9_9,Vt_419,Работа,2025-01-01 00:00:00,2025-01-01 10:02:00,0.42,1.0,high,,,{}
episode_rules_v9_9,Vt_419,Работа,2025-01-01 12:53:00,2025-01-02 10:10:00,0.89,1.0,high,,,{}
episode_rules_v9_9,Vt_419,Работа,2025-01-02 13:00:00,2025-01-02 16:16:00,0.14,1.0,high,,,{}
episode_rules_v9_9,Vt_419,Работа,2025-01-03 00:35:00,2025-01-04 00:10:00,0.98,1.0,high,,,{}
episode_rules_v9_9,Vt_419,Работа,2025-01-04 01:58:00,2025-01-05 02:12:00,1.01,1.0,high,,,{}
episode_rules_v9_9,Vt_419,Работа,2025-01-05 04:24:00,2025-01-06 04:32:00,1.01,1.0,high,,,{}
episode_rules_v9_9,Vt_419,Работа,2025-01-06 05:39:00,2025-01-06 06:11:00,0.02,1.0,high,,,{}
episode_rules_v9_9,Vt_419,Работа,2025-01-06 08:02:00,2025-01-07 10:50:00,1.12,1.0,high,,,{}
episode_rules_v9_9,Vt_419,Работа,2025-01-07 12:11:00,2025-01-08 17:24:00,1.22,1.0,high,,,{}
episode_rules_v9_9,Vt_419,Работа,2025-01-08 19:05:00,2025-01-08 21:32:00,0.1,1.0,high,,,{}
episode_rules_v9_9,Vt_419,Работа,2025-01-08 23:47:00,2025-01-10 00:37:00,1.03,1.0,high,,,{}
episode_rules_v9_9,Vt_419,Работа,2025-01-10 02:41:00,2025-01-10 17:21:00,0.61,1.0,high,,,{}
episode_rules_v9_9,Vt_419,Работа,2025-01-10 19:47:00,2025-01-11 04:49:00,0.38,1.0,high,,,{}
episode_rules_v9_9,Vt_419,Работа,2025-01-11 06:37:00,2025-01-12 09:46:00,1.13,1.0,high,,,{}
episode_rules_v9_9,Vt_419,Работа,2025-01-12 11:15:00,2025-01-12 11:50:00,0.02,1.0,high,,,{}
episode_rules_v9_9,Vt_419,Работа,2025-01-12 15:10:00,2025-01-13 13:57:00,0.95,1.0,high,,,{}
episode_rules_v9_9,Vt_419,Работа,2025-01-13 16:15:00,2025-01-14 17:50:00,1.07,1.0,high,,,{}
episode_rules_v9_9,Vt_419,Работа,2025-01-14 18:44:00,2025-01-14 19:49:00,0.05,1.0,high,,,{}
episode_rules_v9_9,Vt_419,Работа,2025-01-14 22:37:00,2025-01-15 21:30:00,0.95,1.0,high,,,{}
episode_rules_v9_9,Vt_419,Работа,2025-01-15 23:25:00,2025-01-17 02:38:00,1.13,1.0,high,,,{}
episode_rules_v9_9,Vt_419,Работа,2025-01-17 04:16:00,2025-01-18 01:02:00,0.87,1.0,high,,,{}
episode_rules_v9_9,Vt_419,Работа,2025-01-18 03:44:00,2025-01-18 21:34:00,0.74,1.0,high,,,{}
episode_rules_v9_9,Vt_419,Работа,2025-01-18 23:10:00,2025-01-19 21:24:00,0.93,1.0,high,,,{}
episode_rules_v9_9,Vt_419,Работа,2025-01-20 00:11:00,2025-01-20 21:37:00,0.89,1.0,high,,,{}
episode_rules_v9_9,Vt_419,Работа,2025-01-20 23:22:00,2025-01-21 22:10:00,0.95,1.0,high,,,{}
episode_rules_v9_9,Vt_419,Работа,2025-01-22 00:10:00,2025-01-22 17:52:00,0.74,1.0,high,,,{}
episode_rules_v9_9,Vt_419,Работа,2025-01-23 03:00:00,2025-01-23 23:31:00,0.85,1.0,high,,,{}
episode_rules_v9_9,Vt_419,Работа,2025-01-24 01:30:00,2025-01-25 05:01:00,1.15,1.0,high,,,{}
episode_rules_v9_9,Vt_419,Работа,2025-01-25 09:52:00,2025-01-26 05:07:00,0.8,1.0,high,,,{}
episode_rules_v9_9,Vt_419,Работа,2025-01-26 09:44:00,2025-01-27 10:59:00,1.05,1.0,high,,,{}
episode_rules_v9_9,Vt_419,Работа,2025-01-27 13:17:00,2025-01-28 03:25:00,0.59,1.0,high,,,{}
episode_rules_v9_9,Vt_419,Работа,2025-01-28 18:01:00,2025-01-29 15:05:00,0.88,1.0,high,,,{}
episode_rules_v9_9,Vt_419,Работа,2025-01-29 16:59:00,2025-01-30 22:20:00,1.22,1.0,high,,,{}
episode_rules_v9_9,Vt_419,Работа,2025-01-30 23:54:00,2025-01-31 23:50:00,1.0,1.0,high,,,{}
episode_rules_v9_9,Vt_419,Работа,2025-02-01 02:45:00,2025-02-02 03:08:00,1.02,1.0,high,,,{}
episode_rules_v9_9,Vt_419,Работа,2025-02-02 04:26:00,2025-02-03 04:26:00,1.0,1.0,high,,,{}
episode_rules_v9_9,Vt_419,Работа,2025-02-03 06:37:00,2025-02-04 14:47:00,1.34,1.0,high,,,{}
episode_rules_v9_9,Vt_419,Работа,2025-02-04 18:25:00,2025-02-05 17:32:00,0.96,1.0,high,,,{}
episode_rules_v9_9,Vt_419,Работа,2025-02-05 19:18:00,2025-02-06 22:12:00,1.12,1.0,high,,,{}
episode_rules_v9_9,Vt_419,Работа,2025-02-06 23:51:00,2025-02-07 21:48:00,0.91,1.0,high,,,{}
episode_rules_v9_9,Vt_419,Работа,2025-02-08 01:31:00,2025-02-09 00:33:00,0.96,1.0,high,,,{}
episode_rules_v9_9,Vt_419,Работа,2025-02-09 04:59:00,2025-02-10 04:07:00,0.96,1.0,high,,,{}
episode_rules_v9_9,Vt_419,Работа,2025-02-10 07:59:00,2025-02-11 07:45:00,0.99,1.0,high,,,{}
episode_rules_v9_9,Vt_419,Работа,2025-02-11 13:33:00,2025-02-11 14:38:00,0.05,1.0,high,,,{}
episode_rules_v9_9,Vt_419,Работа,2025-02-11 17:46:00,2025-02-12 10:59:00,0.72,1.0,high,,,{}
episode_rules_v9_9,Vt_419,Работа,2025-02-12 13:30:00,2025-02-13 14:23:00,1.04,1.0,high,,,{}
episode_rules_v9_9,Vt_419,Работа,2025-02-13 16:19:00,2025-02-14 11:56:00,0.82,1.0,high,,,{}
episode_rules_v9_9,Vt_419,Работа,2025-02-14 17:00:00,2025-02-15 19:36:00,1.11,1.0,high,,,{}
episode_rules_v9_9,Vt_419,Работа,2025-02-17 18:48:00,2025-02-18 02:05:00,0.3,1.0,high,,,{}
episode_rules_v9_9,Vt_419,Работа,2025-02-18 11:54:00,2025-02-18 13:58:00,0.09,1.0,high,,,{}
episode_rules_v9_9,Vt_419,Работа,2025-02-18 14:59:00,2025-02-18 16:00:00,0.04,1.0,high,,,{}
episode_rules_v9_9,Vt_419,Работа,2025-02-19 01:42:00,2025-02-19 18:04:00,0.68,1.0,high,,,{}
episode_rules_v9_9,Vt_419,Работа,2025-02-19 19:11:00,2025-02-19 20:05:00,0.04,1.0,high,,,{}
episode_rules_v9_9,Vt_419,Работа,2025-02-19 23:53:00,2025-02-20 14:31:00,0.61,1.0,high,,,{}
episode_rules_v9_9,Vt_419,Работа,2025-02-20 18:46:00,2025-02-20 19:58:00,0.05,1.0,high,,,{}
episode_rules_v9_9,Vt_419,Работа,2025-02-21 01:02:00,2025-02-21 20:32:00,0.81,1.0,high,,,{}
episode_rules_v9_9,Vt_419,Работа,2025-02-22 07:51:00,2025-02-23 00:25:00,0.69,1.0,high,,,{}
episode_rules_v9_9,Vt_419,Работа,2025-02-23 02:19:00,2025-02-23 09:21:00,0.29,1.0,high,,,{}
episode_rules_v9_9,Vt_419,Работа,2025-02-23 17:52:00,2025-02-25 03:35:00,1.4,1.0,high,,,{}
episode_rules_v9_9,Vt_419,Работа,2025-02-25 21:30:00,2025-02-26 20:23:00,0.95,1.0,high,,,{}
episode_rules_v9_9,Vt_419,Работа,2025-02-27 04:10:00,2025-02-28 11:36:00,1.31,1.0,high,,,{}
episode_rules_v9_9,Vt_419,Работа,2025-02-28 13:39:00,2025-03-01 17:03:00,1.14,1.0,high,,,{}
episode_rules_v9_9,Vt_419,Работа,2025-03-01 18:32:00,2025-03-01 19:27:00,0.04,1.0,high,,,{}
episode_rules_v9_9,Vt_419,Работа,2025-03-01 22:59:00,2025-03-02 23:29:00,1.02,1.0,high,,,{}
episode_rules_v9_9,Vt_419,Работа,2025-03-03 01:36:00,2025-03-03 23:12:00,0.9,1.0,high,,,{}
episode_rules_v9_9,Vt_419,Работа,2025-03-04 02:44:00,2025-03-04 10:33:00,0.33,1.0,high,,,{}
episode_rules_v9_9,Vt_419,Работа,2025-03-04 15:55:00,2025-03-04 17:20:00,0.06,1.0,high,,,{}
episode_rules_v9_9,Vt_419,Работа,2025-03-05 04:16:00,2025-03-06 03:02:00,0.95,1.0,high,,,{}
episode_rules_v9_9,Vt_419,Работа,2025-03-06 04:43:00,2025-03-07 05:04:00,1.01,1.0,high,,,{}
episode_rules_v9_9,Vt_419,Работа,2025-03-07 06:46:00,2025-03-07 07:42:00,0.04,1.0,high,,,{}
episode_rules_v9_9,Vt_419,Работа,2025-03-07 10:07:00,2025-03-08 19:11:00,1.38,1.0,high,,,{}
episode_rules_v9_9,Vt_419,Работа,2025-03-08 23:27:00,2025-03-09 08:22:00,0.37,1.0,high,,,{}
episode_rules_v9_9,Vt_419,Работа,2025-03-09 11:04:00,2025-03-09 12:37:00,0.06,1.0,high,,,{}
episode_rules_v9_9,Vt_419,Работа,2025-03-09 19:32:00,2025-03-11 13:30:00,1.75,1.0,high,,,{}
episode_rules_v9_9,Vt_419,Работа,2025-03-11 17:54:00,2025-03-13 01:42:00,1.32,1.0,high,,,{}
episode_rules_v9_9,Vt_419,Работа,2025-03-13 03:34:00,2025-03-13 04:46:00,0.05,1.0,high,,,{}
episode_rules_v9_9,Vt_419,Работа,2025-04-03 05:00:00,2025-04-05 15:55:00,2.45,1.0,high,,,{}
episode_rules_v9_9,Vt_419,Работа,2025-04-05 16:53:00,2025-04-07 18:16:00,2.06,1.0,high,,,{}
episode_rules_v9_9,Vt_419,Работа,2025-04-07 19:45:00,2025-04-09 01:31:00,1.24,1.0,high,,,{}
episode_rules_v9_9,Vt_419,Работа,2025-04-09 05:58:00,2025-04-09 15:50:00,0.41,1.0,high,,,{}
episode_rules_v9_9,Vt_419,Работа,2025-04-09 17:06:00,2025-04-11 01:52:00,1.37,1.0,high,,,{}
episode_rules_v9_9,Vt_419,Работа,2025-04-11 03:59:00,2025-04-11 05:01:00,0.04,1.0,high,,,{}
episode_rules_v9_9,Vt_419,Работа,2025-04-11 07:27:00,2025-04-12 18:29:00,1.46,1.0,high,,,{}
episode_rules_v9_9,Vt_419,Работа,2025-04-13 03:44:00,2025-04-15 01:48:00,1.92,1.0,high,,,{}
episode_rules_v9_9,Vt_419,Работа,2025-04-15 04:40:00,2025-04-17 01:41:00,1.88,1.0,high,,,{}
episode_rules_v9_9,Vt_419,Работа,2025-04-17 03:22:00,2025-04-18 21:44:00,1.77,1.0,high,,,{}
episode_rules_v9_9,Vt_419,Работа,2025-04-18 23:22:00,2025-04-19 02:09:00,0.12,1.0,high,,,{}
episode_rules_v9_9,Vt_419,Работа,2025-04-19 04:20:00,2025-04-20 21:47:00,1.73,1.0,high,,,{}
episode_rules_v9_9,Vt_419,Работа,2025-04-20 23:26:00,2025-04-22 17:34:00,1.76,1.0,high,,,{}
episode_rules_v9_9,Vt_419,Работа,2025-04-23 00:24:00,2025-04-23 16:19:00,0.66,1.0,high,,,{}
episode_rules_v9_9,Vt_419,Работа,2025-04-23 18:10:00,2025-04-24 17:17:00,0.96,1.0,high,,,{}
episode_rules_v9_9,Vt_419,Работа,2025-04-24 18:24:00,2025-04-28 18:55:00,4.02,1.0,high,,,{}
episode_rules_v9_9,Vt_419,Работа,2025-04-28 22:21:00,2025-05-01 17:36:00,2.8,1.0,high,,,{}
episode_rules_v9_9,Vt_419,Работа,2025-05-01 19:17:00,2025-05-04 09:10:00,2.58,1.0,high,,,{}
episode_rules_v9_9,Vt_419,Работа,2025-05-04 12:39:00,2025-05-04 13:14:00,0.02,1.0,high,,,{}
episode_rules_v9_9,Vt_419,Работа,2025-05-04 15:31:00,2025-05-07 17:22:00,3.08,1.0,high,,,{}
episode_rules_v9_9,Vt_419,Работа,2025-05-07 18:32:00,2025-05-07 19:12:00,0.03,1.0,high,,,{}
episode_rules_v9_9,Vt_419,Работа,2025-05-07 21:13:00,2025-05-10 21:22:00,3.01,1.0,high,,,{}
episode_rules_v9_9,Vt_419,Работа,2025-05-10 23:06:00,2025-05-11 00:07:00,0.04,1.0,high,,,{}
episode_rules_v9_9,Vt_419,Работа,2025-05-11 03:01:00,2025-05-13 17:20:00,2.6,1.0,high,,,{}
episode_rules_v9_9,Vt_419,Работа,2025-05-14 08:50:00,2025-05-17 09:55:00,3.05,1.0,high,,,{}
episode_rules_v9_9,Vt_419,Работа,2025-05-17 12:25:00,2025-05-19 17:46:00,2.22,1.0,high,,,{}
episode_rules_v9_9,Vt_419,Работа,2025-05-19 19:13:00,2025-05-20 09:47:00,0.61,1.0,high,,,{}
episode_rules_v9_9,Vt_419,Работа,2025-05-20 12:20:00,2025-05-21 02:40:00,0.6,1.0,high,,,{}
episode_rules_v9_9,Vt_419,Работа,2025-05-21 03:51:00,2025-05-22 07:25:00,1.15,1.0,high,,,{}
episode_rules_v9_9,Vt_419,Работа,2025-05-22 10:02:00,2025-05-22 15:20:00,0.22,1.0,high,,,{}
episode_rules_v9_9,Vt_419,Работа,2025-05-22 17:27:00,2025-05-23 12:25:00,0.79,1.0,high,,,{}
episode_rules_v9_9,Vt_419,Работа,2025-05-23 15:42:00,2025-05-24 02:28:00,0.45,1.0,high,,,{}
episode_rules_v9_9,Vt_419,Работа,2025-05-24 04:18:00,2025-05-25 15:02:00,1.45,1.0,high,,,{}
episode_rules_v9_9,Vt_419,Работа,2025-05-25 17:34:00,2025-05-26 21:13:00,1.15,1.0,high,,,{}
episode_rules_v9_9,Vt_419,Работа,2025-05-27 00:57:00,2025-05-29 22:12:00,2.89,1.0,high,,,{}
episode_rules_v9_9,Vt_419,Работа,2025-05-30 01:09:00,2025-05-30 17:35:00,0.68,1.0,high,,,{}
episode_rules_v9_9,Vt_419,Работа,2025-06-01 00:11:00,2025-06-01 17:56:00,0.74,1.0,high,,,{}
episode_rules_v9_9,Vt_419,Работа,2025-06-01 21:08:00,2025-06-01 23:52:00,0.11,1.0,high,,,{}
episode_rules_v9_9,Vt_419,Работа,2025-06-02 03:48:00,2025-06-02 12:52:00,0.38,1.0,high,,,{}
episode_rules_v9_9,Vt_419,Работа,2025-06-02 17:06:00,2025-06-02 21:30:00,0.18,1.0,high,,,{}
episode_rules_v9_9,Vt_419,Работа,2025-06-02 23:27:00,2025-06-03 22:32:00,0.96,1.0,high,,,{}
episode_rules_v9_9,Vt_419,Работа,2025-06-04 04:59:00,2025-06-05 08:37:00,1.15,1.0,high,,,{}
episode_rules_v9_9,Vt_419,Работа,2025-06-05 10:49:00,2025-06-06 10:45:00,1.0,1.0,high,,,{}
episode_rules_v9_9,Vt_419,Работа,2025-06-06 17:16:00,2025-06-08 10:28:00,1.72,1.0,high,,,{}
episode_rules_v9_9,Vt_419,Работа,2025-06-08 16:13:00,2025-06-10 02:09:00,1.41,1.0,high,,,{}
episode_rules_v9_9,Vt_419,Работа,2025-06-10 04:53:00,2025-06-10 18:27:00,0.57,1.0,high,,,{}
episode_rules_v9_9,Vt_419,Работа,2025-06-10 19:14:00,2025-06-11 12:27:00,0.72,1.0,high,,,{}
episode_rules_v9_9,Vt_419,Работа,2025-06-11 15:15:00,2025-06-11 19:16:00,0.17,1.0,high,,,{}
episode_rules_v9_9,Vt_419,Работа,2025-06-11 20:49:00,2025-06-13 01:00:00,1.17,1.0,high,,,{}
episode_rules_v9_9,Vt_419,Работа,2025-06-13 04:59:00,2025-06-16 00:56:00,2.83,1.0,high,,,{}
episode_rules_v9_9,Vt_419,Работа,2025-06-16 04:34:00,2025-06-18 21:52:00,2.72,1.0,high,,,{}
episode_rules_v9_9,Vt_419,Работа,2025-06-19 02:24:00,2025-06-21 21:30:00,2.8,1.0,high,,,{}
episode_rules_v9_9,Vt_419,Работа,2025-06-22 03:53:00,2025-06-24 22:02:00,2.76,1.0,high,,,{}
episode_rules_v9_9,Vt_419,Работа,2025-06-25 01:27:00,2025-06-28 04:32:00,3.13,1.0,high,,,{}
episode_rules_v9_9,Vt_419,Работа,2025-06-28 09:44:00,2025-07-01 04:25:00,2.78,1.0,high,,,{}
episode_rules_v9_9,Vt_419,Работа,2025-07-01 07:54:00,2025-07-03 02:29:00,1.77,1.0,high,,,{}
episode_rules_v9_9,Vt_419,Работа,2025-07-03 07:29:00,2025-07-08 08:58:00,5.06,1.0,high,,,{}
episode_rules_v9_9,Vt_419,Работа,2025-07-08 13:08:00,2025-07-10 21:30:00,2.35,1.0,high,,,{}
episode_rules_v9_9,Vt_419,Работа,2025-07-11 19:57:00,2025-07-12 17:08:00,0.88,1.0,high,,,{}
episode_rules_v9_9,Vt_419,Работа,2025-07-12 19:02:00,2025-07-14 09:29:00,1.6,1.0,high,,,{}
episode_rules_v9_9,Vt_419,Работа,2025-07-14 12:17:00,2025-07-17 09:30:00,2.88,1.0,high,,,{}
episode_rules_v9_9,Vt_419,Работа,2025-07-17 13:09:00,2025-07-20 11:18:00,2.92,1.0,high,,,{}
episode_rules_v9_9,Vt_419,Работа,2025-07-20 15:34:00,2025-07-23 15:58:00,3.02,1.0,high,,,{}
episode_rules_v9_9,Vt_419,Работа,2025-07-23 18:17:00,2025-07-26 16:20:00,2.92,1.0,high,,,{}
episode_rules_v9_9,Vt_419,Работа,2025-07-26 20:02:00,2025-07-30 02:04:00,3.25,1.0,high,,,{}
episode_rules_v9_9,Vt_419,Работа,2025-07-30 11:35:00,2025-08-02 09:17:00,2.9,1.0,high,,,{}
episode_rules_v9_9,Vt_419,Работа,2025-08-02 12:35:00,2025-08-07 17:09:00,5.19,1.0,high,,,{}
episode_rules_v9_9,Vt_419,Работа,2025-08-07 18:34:00,2025-08-07 19:00:00,0.02,1.0,high,,,{}
episode_rules_v9_9,Vt_419,Работа,2025-08-08 01:03:00,2025-08-12 14:58:00,4.58,1.0,high,,,{}
episode_rules_v9_9,Vt_419,Работа,2025-08-13 17:47:00,2025-08-29 11:18:00,15.73,1.0,high,,,{}
episode_rules_v9_9,Vt_419,Работа,2025-08-29 16:04:00,2025-09-01 13:07:00,2.88,1.0,high,,,{}
episode_rules_v9_9,Vt_419,Работа,2025-09-01 16:35:00,2025-09-03 15:11:00,1.94,1.0,high,,,{}
episode_rules_v9_9,Vt_419,Работа,2025-09-04 07:17:00,2025-09-05 03:16:00,0.83,1.0,high,,,{}
episode_rules_v9_9,Vt_419,Работа,2025-09-05 07:48:00,2025-09-08 00:22:00,2.69,1.0,high,,,{}
episode_rules_v9_9,Vt_419,Работа,2025-09-08 03:43:00,2025-09-09 19:04:00,1.64,1.0,high,,,{}
episode_rules_v9_9,Vt_419,Работа,2025-09-10 00:17:00,2025-09-11 21:22:00,1.88,1.0,high,,,{}
episode_rules_v9_9,Vt_419,Работа,2025-09-12 00:59:00,2025-09-13 11:26:00,1.44,1.0,high,,,{}
episode_rules_v9_9,Vt_419,Работа,2025-09-13 17:16:00,2025-09-16 01:08:00,2.33,1.0,high,,,{}
episode_rules_v9_9,Vt_419,Работа,2025-09-16 04:29:00,2025-09-20 09:01:00,4.19,1.0,high,,,{}
episode_rules_v9_9,Vt_419,Работа,2025-09-20 12:46:00,2025-09-22 01:06:00,1.51,1.0,high,,,{}
episode_rules_v9_9,Vt_419,Работа,2025-09-22 04:30:00,2025-09-23 09:11:00,1.2,1.0,high,,,{}
episode_rules_v9_9,Vt_419,Работа,2025-09-23 12:33:00,2025-09-24 12:27:00,1.0,1.0,high,,,{}
episode_rules_v9_9,Vt_419,Работа,2025-09-24 16:55:00,2025-10-12 13:38:00,17.86,1.0,high,,,{}
episode_rules_v9_9,Vt_419,Работа,2025-10-12 21:14:00,2025-10-16 08:54:00,3.49,1.0,high,,,{}
episode_rules_v9_9,Vt_419,Работа,2025-10-16 17:35:00,2025-10-21 02:07:00,4.36,1.0,high,,,{}
episode_rules_v9_9,Vt_419,Работа,2025-10-21 04:51:00,2025-10-23 21:51:00,2.71,1.0,high,,,{}
episode_rules_v9_9,Vt_419,Работа,2025-10-24 04:02:00,2025-11-08 10:28:00,15.27,1.0,high,,,{}
episode_rules_v9_9,Vt_419,Работа,2025-11-08 12:50:00,2025-11-13 22:42:00,5.41,1.0,high,,,{}
episode_rules_v9_9,Vt_419,Работа,2025-11-14 01:49:00,2025-11-14 15:41:00,0.58,1.0,high,,,{}
episode_rules_v9_9,Vt_419,Работа,2025-11-14 19:42:00,2025-11-18 15:56:00,3.84,1.0,high,,,{}
episode_rules_v9_9,Vt_419,Работа,2025-11-18 19:04:00,2025-11-26 21:35:00,8.1,1.0,high,,,{}
episode_rules_v9_9,Vt_419,Работа,2025-11-26 23:54:00,2025-11-27 00:20:00,0.02,1.0,high,,,{}
episode_rules_v9_9,Vt_419,Работа,2025-11-27 04:08:00,2025-11-27 04:37:00,0.02,1.0,high,,,{}
episode_rules_v9_9,Vt_419,Работа,2025-11-27 12:51:00,2025-11-27 18:02:00,0.22,1.0,high,,,{}
episode_rules_v9_9,Vt_419,Работа,2025-11-27 18:56:00,2025-11-27 19:22:00,0.02,1.0,high,,,{}
episode_rules_v9_9,Vt_419,Работа,2025-11-27 23:02:00,2025-12-04 15:05:00,6.67,1.0,high,,,{}
episode_rules_v9_9,Vt_419,Работа,2025-12-04 18:13:00,2025-12-10 10:26:00,5.68,1.0,high,,,{}
episode_rules_v9_9,Vt_419,Работа,2025-12-11 05:31:00,2025-12-28 18:29:00,17.54,1.0,high,,,{}
episode_rules_v9_9,Vt_419,Работа,2025-12-28 23:49:00,2025-12-29 00:00:00,0.01,1.0,high,,,{}
episode_rules_v9_9,Vt_419,Работа,2025-12-29 22:54:00,2026-01-10 14:01:00,11.63,1.0,high,,,{}
episode_rules_v9_9,Vt_419,Работа,2026-01-11 02:16:00,2026-01-15 13:04:00,4.45,1.0,high,,,{}
episode_rules_v9_9,Vt_419,Работа,2026-01-15 23:35:00,2026-01-17 03:01:00,1.14,1.0,high,,,{}
episode_rules_v9_9,Vt_419,Работа,2026-01-17 05:12:00,2026-01-17 17:38:00,0.52,1.0,high,,,{}
episode_rules_v9_9,Vt_419,Работа,2026-01-17 22:21:00,2026-01-17 22:35:00,0.01,1.0,high,,,{}
episode_rules_v9_9,Vt_419,Работа,2026-01-18 04:26:00,2026-01-18 05:01:00,0.02,1.0,high,,,{}
episode_rules_v9_9,Vt_419,Работа,2026-01-18 06:43:00,2026-01-18 08:17:00,0.07,1.0,high,,,{}
episode_rules_v9_9,Vt_419,Работа,2026-01-18 18:38:00,2026-02-11 00:58:00,23.26,1.0,high,,,{}
episode_rules_v9_9,Vt_419,Работа,2026-02-11 04:51:00,2026-02-19 15:08:00,8.43,1.0,high,,,{}
episode_rules_v9_9,Vt_419,Работа,2026-02-19 17:34:00,2026-02-19 18:57:00,0.06,1.0,high,,,{}
episode_rules_v9_9,Vt_419,Работа,2026-02-19 22:07:00,2026-02-26 00:53:00,6.12,1.0,high,,,{}
episode_rules_v9_9,Vt_419,Работа,2026-02-26 01:54:00,2026-03-12 15:53:00,14.58,1.0,high,,,{}
episode_rules_v9_9,Vt_419,Работа,2026-03-12 18:12:00,2026-03-13 13:08:00,0.79,1.0,high,,,{}
episode_rules_v9_9,Vt_419,Работа,2026-03-13 14:51:00,2026-03-15 01:23:00,1.44,1.0,high,,,{}
episode_rules_v9_9,Vt_419,Работа,2026-03-22 14:56:00,2026-03-22 15:43:00,0.03,1.0,high,,,{}
episode_rules_v9_9,Vt_419,Работа,2026-03-22 16:13:00,2026-04-11 05:58:00,19.57,1.0,high,,,{}
episode_rules_v9_9,Vt_419,Работа,2026-04-13 10:42:00,2026-04-24 12:37:00,11.08,1.0,high,,,{}
episode_rules_v9_9,Vt_419,Работа,2026-04-24 14:57:00,2026-04-26 13:05:00,1.92,1.0,high,,,{}
episode_rules_v9_9,Vt_419,Работа,2026-04-26 14:40:00,2026-04-26 18:05:00,0.14,1.0,high,,,{}
episode_rules_v9_9,Vt_419,Работа,2026-04-26 21:19:00,2026-04-26 21:43:00,0.02,1.0,high,,,{}
episode_rules_v9_9,Vt_419,Работа,2026-04-28 03:13:00,2026-04-28 05:01:00,0.07,1.0,high,,,{}
episode_rules_v9_9,Vt_419,Работа,2026-04-29 18:52:00,2026-04-29 19:38:00,0.03,1.0,high,,,{}
episode_rules_v9_9,Vt_419,СППВ,2025-06-01 00:11:00,2026-04-11 05:58:00,314.24,1.0,high,,,{}
episode_rules_v9_9,Vt_419,СППВ,2026-04-13 10:42:00,2026-04-28 03:13:00,14.69,1.0,high,,,{}
episode_rules_v9_9,Vt_419,Снижение Кпрод,2025-04-06 00:00:00,2025-04-22 23:00:00,16.96,0.5,medium,,,"{'ql_confirms': None, 'ql_opz': None}"
episode_rules_v9_9,Vt_419,Снижение Кпрод,2025-04-28 00:00:00,2025-05-04 23:00:00,6.96,0.5,medium,,,"{'ql_confirms': None, 'ql_opz': None}"
episode_rules_v9_9,Vt_419,Снижение Кпрод,2025-07-07 00:00:00,2025-07-10 23:00:00,3.96,0.5,medium,,,"{'ql_confirms': None, 'ql_opz': None}"
episode_rules_v9_9,Vt_419,Снижение Кпрод,2025-07-16 00:00:00,2025-07-16 23:00:00,0.96,0.5,medium,,,"{'ql_confirms': None, 'ql_opz': None}"
episode_rules_v9_9,Vt_419,Снижение Кпрод,2025-08-12 00:00:00,2025-08-12 23:00:00,0.96,0.5,medium,,,"{'ql_confirms': None, 'ql_opz': None}"
episode_rules_v9_9,Vt_419,Снижение Кпрод,2025-08-17 00:00:00,2025-08-31 23:00:00,14.96,0.5,medium,,,"{'ql_confirms': None, 'ql_opz': None}"
episode_rules_v9_9,Vt_419,Снижение Кпрод,2025-09-10 00:00:00,2025-09-10 23:00:00,0.96,0.5,medium,,,"{'ql_confirms': None, 'ql_opz': None}"
episode_rules_v9_9,Vt_419,Снижение Кпрод,2025-10-18 00:00:00,2025-10-23 23:00:00,5.96,0.5,medium,,,"{'ql_confirms': None, 'ql_opz': None}"
episode_rules_v9_9,Vt_419,Снижение Кпрод,2025-12-01 00:00:00,2025-12-10 23:00:00,9.96,0.5,medium,,,"{'ql_confirms': None, 'ql_opz': None}"
episode_rules_v9_9,Vt_419,Снижение Кпрод,2025-12-15 00:00:00,2025-12-15 23:00:00,0.96,0.5,medium,,,"{'ql_confirms': None, 'ql_opz': None}"
episode_rules_v9_9,Vt_419,Снижение Кпрод,2025-12-23 00:00:00,2025-12-23 23:00:00,0.96,0.5,medium,,,"{'ql_confirms': None, 'ql_opz': None}"
episode_rules_v9_9,Vt_419,Снижение Кпрод,2026-01-21 00:00:00,2026-01-31 23:00:00,10.96,0.5,medium,,,"{'ql_confirms': None, 'ql_opz': None}"
episode_rules_v9_9,Vt_419,Снижение Кпрод,2026-02-13 00:00:00,2026-02-18 23:00:00,5.96,0.5,medium,,,"{'ql_confirms': None, 'ql_opz': None}"
episode_rules_v9_9,Vt_419,Снижение Кпрод,2026-03-26 00:00:00,2026-04-07 23:00:00,12.96,0.5,medium,,,"{'ql_confirms': None, 'ql_opz': None}"
episode_rules_v9_9,Vt_419,Снижение Кпрод,2026-04-17 00:00:00,2026-04-24 23:00:00,7.96,0.5,medium,,,"{'ql_confirms': None, 'ql_opz': None}"
episode_rules_v9_9,Vt_419,Снижение Рпл,2025-02-21 11:11:30,2025-03-06 12:08:00,13.04,0.5,low,НУР,0.739,"{'freq_stable': np.True_, 'ip_gradual': np.False_, 'ql_declining': None}"
episode_rules_v9_9,Vt_419,Снижение Рпл,2025-04-23 11:10:00,2025-05-23 12:12:30,30.04,0.833,medium,НУР,0.24,"{'freq_stable': np.True_, 'ip_gradual': np.True_, 'ql_declining': None}"
episode_rules_v9_9,Vt_419,Снижение Рпл,2025-08-24 04:29:00,2025-10-23 19:51:30,60.64,0.333,low,Снижение Рпл,0.537,"{'freq_stable': np.False_, 'ip_gradual': np.False_, 'ql_declining': np.True_}"
episode_rules_v9_9,Vt_419,УВЧ,2025-01-16 00:00:00,2025-03-13 23:00:00,56.96,0.667,low,,,"{'freq_net_ok': np.False_, 'freq_trend_up': True, 'ql_rises': True}"
episode_rules_v9_9,Vt_419,УВЧ,2025-05-01 00:00:00,2025-05-06 23:00:00,5.96,0.167,low,,,"{'freq_net_ok': np.False_, 'freq_trend_up': False, 'ql_rises': None}"
episode_rules_v9_9,Vt_419,УВЧ,2025-05-20 00:00:00,2025-06-01 23:00:00,12.96,0.5,low,,,"{'freq_net_ok': np.False_, 'freq_trend_up': True, 'ql_rises': None}"
episode_rules_v9_9,Vt_419,УВЧ,2025-06-12 00:00:00,2025-06-14 23:00:00,2.96,0.833,medium,,,"{'freq_net_ok': np.True_, 'freq_trend_up': True, 'ql_rises': None}"
episode_rules_v9_9,Vt_419,УВЧ,2025-06-15 00:00:00,2025-06-23 23:00:00,8.96,0.833,medium,,,"{'freq_net_ok': np.True_, 'freq_trend_up': True, 'ql_rises': None}"
episode_rules_v9_9,Vt_419,УВЧ,2025-06-28 00:00:00,2025-07-01 23:00:00,3.96,0.5,low,,,"{'freq_net_ok': np.False_, 'freq_trend_up': True, 'ql_rises': None}"
episode_rules_v9_9,Vt_419,УВЧ,2025-07-05 00:00:00,2025-07-09 23:00:00,4.96,0.5,low,,,"{'freq_net_ok': np.True_, 'freq_trend_up': False, 'ql_rises': None}"
episode_rules_v9_9,Vt_419,УВЧ,2025-07-19 00:00:00,2025-07-19 23:00:00,0.96,0.5,medium,,,"{'freq_net_ok': None, 'freq_trend_up': None, 'ql_rises': None}"
episode_rules_v9_9,Vt_419,УВЧ,2025-07-30 00:00:00,2025-08-11 23:00:00,12.96,0.833,medium,,,"{'freq_net_ok': np.True_, 'freq_trend_up': True, 'ql_rises': None}"
episode_rules_v9_9,Vt_419,УВЧ,2025-08-22 00:00:00,2025-08-28 23:00:00,6.96,0.5,low,,,"{'freq_net_ok': np.False_, 'freq_trend_up': True, 'ql_rises': None}"
episode_rules_v9_9,Vt_419,УВЧ,2025-09-19 00:00:00,2025-09-25 23:00:00,6.96,0.167,low,,,"{'freq_net_ok': np.False_, 'freq_trend_up': False, 'ql_rises': None}"
episode_rules_v9_9,Vt_419,УВЧ,2025-10-01 00:00:00,2025-10-02 23:00:00,1.96,0.333,low,,,"{'freq_net_ok': np.False_, 'freq_trend_up': None, 'ql_rises': None}"
episode_rules_v9_9,Vt_419,УВЧ,2025-10-18 00:00:00,2025-11-13 23:00:00,26.96,0.5,low,,,"{'freq_net_ok': np.False_, 'freq_trend_up': True, 'ql_rises': None}"
episode_rules_v9_9,Vt_419,УВЧ,2025-12-11 00:00:00,2025-12-11 23:00:00,0.96,0.5,medium,,,"{'freq_net_ok': None, 'freq_trend_up': None, 'ql_rises': None}"
episode_rules_v9_9,Vt_419,УВЧ,2025-12-23 00:00:00,2025-12-27 23:00:00,4.96,0.167,low,,,"{'freq_net_ok': np.False_, 'freq_trend_up': False, 'ql_rises': None}"
episode_rules_v9_9,Vt_419,УВЧ,2026-01-11 00:00:00,2026-01-14 23:00:00,3.96,0.833,medium,,,"{'freq_net_ok': np.True_, 'freq_trend_up': True, 'ql_rises': None}"
episode_rules_v9_9,Vt_419,УВЧ,2026-02-17 00:00:00,2026-02-18 23:00:00,1.96,0.333,low,,,"{'freq_net_ok': np.False_, 'freq_trend_up': None, 'ql_rises': None}"
episode_rules_v9_9,Vt_419,УВЧ,2026-03-01 00:00:00,2026-03-10 23:00:00,9.96,0.333,low,,,"{'freq_net_ok': np.False_, 'freq_trend_up': True, 'ql_rises': False}"
episode_rules_v9_9,Vt_419,УВЧ,2026-03-28 00:00:00,2026-04-02 23:00:00,5.96,0.5,low,,,"{'freq_net_ok': np.False_, 'freq_trend_up': True, 'ql_rises': None}"
episode_rules_v9_9,Vt_419,УВЧ,2026-04-16 00:00:00,2026-04-23 23:00:00,7.96,0.5,low,,,"{'freq_net_ok': np.False_, 'freq_trend_up': True, 'ql_rises': None}"
episode_rules_v9_9,Vt_4401,ГДИ,2025-02-13 02:44:00,2025-02-16 13:59:00,3.47,1.0,high,,,"{'ip_kvd_rising': np.True_, 'ql_zero': True}"
episode_rules_v9_9,Vt_4401,ГДИ,2025-03-17 12:20:00,2025-03-24 00:00:00,6.49,0.5,low,,,"{'ip_kvd_rising': np.False_, 'ql_zero': True}"
episode_rules_v9_9,Vt_4401,ГДИ,2025-03-24 01:29:00,2025-03-26 05:00:00,2.15,0.5,low,,,"{'ip_kvd_rising': np.False_, 'ql_zero': True}"
episode_rules_v9_9,Vt_4401,ГДИ,2025-04-08 02:51:00,2025-04-11 13:44:00,3.45,1.0,high,,,"{'ip_kvd_rising': np.True_, 'ql_zero': True}"
episode_rules_v9_9,Vt_4401,ГДИ,2025-05-12 19:32:00,2025-05-15 16:54:00,2.89,1.0,high,,,"{'ip_kvd_rising': np.True_, 'ql_zero': True}"
episode_rules_v9_9,Vt_4401,ГДИ,2025-05-23 06:39:00,2025-05-25 14:55:00,2.34,1.0,high,,,"{'ip_kvd_rising': np.True_, 'ql_zero': True}"
episode_rules_v9_9,Vt_4401,ГДИ,2025-05-28 18:52:00,2025-06-26 17:30:00,28.94,1.0,high,,,"{'ip_kvd_rising': np.True_, 'ql_zero': True}"
episode_rules_v9_9,Vt_4401,ГДИ,2025-07-04 15:00:00,2025-07-16 02:16:00,11.47,1.0,high,,,"{'ip_kvd_rising': np.True_, 'ql_zero': True}"
episode_rules_v9_9,Vt_4401,ГДИ,2025-08-01 15:03:00,2025-09-10 09:06:00,39.75,1.0,high,,,"{'ip_kvd_rising': np.True_, 'ql_zero': True}"
episode_rules_v9_9,Vt_4401,ГДИ,2026-03-08 21:22:00,2026-03-26 23:48:00,18.1,1.0,high,,,"{'ip_kvd_rising': np.True_, 'ql_zero': True}"
episode_rules_v9_9,Vt_4401,Деградация ЭЦН,2025-04-16 00:00:00,2025-05-16 00:00:00,30.0,1.0,high,,,{}
episode_rules_v9_9,Vt_4401,НУР,2025-02-18 00:00:00,2025-02-19 23:00:00,1.96,0.5,medium,НУР,0.073,"{'ip_no_spike': None, 'ip_smooth': None, 'ql_recovers': None}"
episode_rules_v9_9,Vt_4401,НУР,2025-03-26 00:00:00,2025-04-07 23:00:00,12.96,0.833,medium,НУР,0.169,"{'ip_no_spike': np.True_, 'ip_smooth': True, 'ql_recovers': None}"
episode_rules_v9_9,Vt_4401,НУР,2025-04-12 00:00:00,2025-04-23 23:00:00,11.96,0.833,medium,НУР,0.31,"{'ip_no_spike': np.True_, 'ip_smooth': True, 'ql_recovers': None}"
episode_rules_v9_9,Vt_4401,НУР,2025-05-05 00:00:00,2025-05-09 23:00:00,4.96,0.5,low,НУР,0.483,"{'ip_no_spike': np.False_, 'ip_smooth': True, 'ql_recovers': None}"
episode_rules_v9_9,Vt_4401,НУР,2025-05-19 00:00:00,2025-05-22 23:00:00,3.96,0.833,medium,НУР,0.02,"{'ip_no_spike': np.True_, 'ip_smooth': True, 'ql_recovers': None}"
episode_rules_v9_9,Vt_4401,НУР,2025-05-26 00:00:00,2025-05-28 23:00:00,2.96,0.833,medium,НУР,0.287,"{'ip_no_spike': np.True_, 'ip_smooth': True, 'ql_recovers': None}"
episode_rules_v9_9,Vt_4401,НУР,2025-06-27 00:00:00,2025-06-29 23:00:00,2.96,0.5,low,НУР,0.041,"{'ip_no_spike': np.False_, 'ip_smooth': True, 'ql_recovers': None}"
episode_rules_v9_9,Vt_4401,НУР,2025-07-21 00:00:00,2025-07-25 23:00:00,4.96,0.5,low,Снижение Рпл,0.029,"{'ip_no_spike': np.False_, 'ip_smooth': True, 'ql_recovers': None}"
episode_rules_v9_9,Vt_4401,НУР,2025-10-08 00:00:00,2025-10-13 23:00:00,5.96,0.667,low,Снижение Рпл,0.426,"{'ip_no_spike': np.True_, 'ip_smooth': True, 'ql_recovers': False}"
episode_rules_v9_9,Vt_4401,НУР,2025-10-15 00:00:00,2025-10-21 23:00:00,6.96,1.0,high,НУР,0.715,"{'ip_no_spike': np.True_, 'ip_smooth': True, 'ql_recovers': True}"
episode_rules_v9_9,Vt_4401,НУР,2025-10-23 00:00:00,2025-10-24 23:00:00,1.96,0.5,medium,НУР,0.173,"{'ip_no_spike': None, 'ip_smooth': None, 'ql_recovers': None}"
episode_rules_v9_9,Vt_4401,НУР,2026-03-29 00:00:00,2026-04-11 23:00:00,13.96,0.667,medium,НУР,0.133,"{'ip_no_spike': np.True_, 'ip_smooth': True, 'ql_recovers': False}"
episode_rules_v9_9,Vt_4401,Осложнённый фонд,2025-02-13 00:00:00,2025-05-30 23:00:00,106.96,1.0,high,,,{}
episode_rules_v9_9,Vt_4401,Осложнённый фонд,2025-10-10 00:00:00,2026-04-05 23:00:00,177.96,1.0,high,,,{}
episode_rules_v9_9,Vt_4401,Остановка,2025-01-02 01:15:00,2025-01-02 03:20:00,0.09,1.0,high,,,{}
episode_rules_v9_9,Vt_4401,Остановка,2025-01-10 12:35:00,2025-01-10 15:20:00,0.11,1.0,high,,,{}
episode_rules_v9_9,Vt_4401,Остановка,2025-01-18 12:45:00,2025-01-18 14:47:00,0.08,1.0,high,,,{}
episode_rules_v9_9,Vt_4401,Остановка,2025-01-26 10:50:00,2025-01-26 12:50:00,0.08,1.0,high,,,{}
episode_rules_v9_9,Vt_4401,Остановка,2025-02-03 11:05:00,2025-02-03 13:20:00,0.09,1.0,high,,,{}
episode_rules_v9_9,Vt_4401,Остановка,2025-02-08 10:37:00,2025-02-08 11:57:00,0.06,1.0,high,,,{}
episode_rules_v9_9,Vt_4401,Остановка,2025-02-08 16:01:00,2025-02-08 22:28:00,0.27,1.0,high,,,{}
episode_rules_v9_9,Vt_4401,Остановка,2025-02-10 07:10:00,2025-02-10 22:13:00,0.63,1.0,high,,,{}
episode_rules_v9_9,Vt_4401,Остановка,2025-02-11 00:40:00,2025-02-11 04:16:00,0.15,1.0,high,,,{}
episode_rules_v9_9,Vt_4401,Остановка,2025-02-11 06:19:00,2025-02-11 14:20:00,0.33,1.0,high,,,{}
episode_rules_v9_9,Vt_4401,Остановка,2025-02-11 16:09:00,2025-02-12 06:29:00,0.6,1.0,high,,,{}
episode_rules_v9_9,Vt_4401,Остановка,2025-02-12 07:27:00,2025-02-12 16:20:00,0.37,1.0,high,,,{}
episode_rules_v9_9,Vt_4401,Остановка,2025-02-13 02:44:00,2025-02-16 13:59:00,3.47,1.0,high,,,{}
episode_rules_v9_9,Vt_4401,Остановка,2025-02-16 15:38:00,2025-02-18 01:10:00,1.4,1.0,high,,,{}
episode_rules_v9_9,Vt_4401,Остановка,2025-02-21 10:56:00,2025-02-21 14:27:00,0.15,1.0,high,,,{}
episode_rules_v9_9,Vt_4401,Остановка,2025-03-04 05:01:00,2025-03-04 23:10:00,0.76,1.0,high,,,{}
episode_rules_v9_9,Vt_4401,Остановка,2025-03-15 16:08:00,2025-03-15 23:42:00,0.32,1.0,high,,,{}
episode_rules_v9_9,Vt_4401,Остановка,2025-03-16 00:31:00,2025-03-17 05:24:00,1.2,1.0,high,,,{}
episode_rules_v9_9,Vt_4401,Остановка,2025-03-17 12:20:00,2025-03-24 00:00:00,6.49,1.0,high,,,{}
episode_rules_v9_9,Vt_4401,Остановка,2025-03-24 01:29:00,2025-03-26 05:00:00,2.15,1.0,high,,,{}
episode_rules_v9_9,Vt_4401,Остановка,2025-04-08 02:51:00,2025-04-11 13:44:00,3.45,1.0,high,,,{}
episode_rules_v9_9,Vt_4401,Остановка,2025-04-13 17:00:00,2025-04-13 20:01:00,0.13,1.0,high,,,{}
episode_rules_v9_9,Vt_4401,Остановка,2025-04-16 05:01:00,2025-04-16 06:38:00,0.07,1.0,high,,,{}
episode_rules_v9_9,Vt_4401,Остановка,2025-04-18 16:30:00,2025-04-18 18:05:00,0.07,1.0,high,,,{}
episode_rules_v9_9,Vt_4401,Остановка,2025-04-21 01:32:00,2025-04-21 03:19:00,0.07,1.0,high,,,{}
episode_rules_v9_9,Vt_4401,Остановка,2025-04-23 10:10:00,2025-04-23 12:05:00,0.08,1.0,high,,,{}
episode_rules_v9_9,Vt_4401,Остановка,2025-04-25 11:45:00,2025-04-25 13:50:00,0.09,1.0,high,,,{}
episode_rules_v9_9,Vt_4401,Остановка,2025-04-27 10:45:00,2025-04-27 13:10:00,0.1,1.0,high,,,{}
episode_rules_v9_9,Vt_4401,Остановка,2025-04-29 10:30:00,2025-04-29 12:44:00,0.09,1.0,high,,,{}
episode_rules_v9_9,Vt_4401,Остановка,2025-05-02 03:14:00,2025-05-02 22:27:00,0.8,1.0,high,,,{}
episode_rules_v9_9,Vt_4401,Остановка,2025-05-03 14:45:00,2025-05-03 16:35:00,0.08,1.0,high,,,{}
episode_rules_v9_9,Vt_4401,Остановка,2025-05-05 10:42:00,2025-05-05 19:00:00,0.35,1.0,high,,,{}
episode_rules_v9_9,Vt_4401,Остановка,2025-05-05 22:45:00,2025-05-06 00:40:00,0.08,1.0,high,,,{}
episode_rules_v9_9,Vt_4401,Остановка,2025-05-07 00:57:00,2025-05-07 04:54:00,0.16,1.0,high,,,{}
episode_rules_v9_9,Vt_4401,Остановка,2025-05-08 03:01:00,2025-05-08 05:07:00,0.09,1.0,high,,,{}
episode_rules_v9_9,Vt_4401,Остановка,2025-05-08 10:30:00,2025-05-08 13:31:00,0.13,1.0,high,,,{}
episode_rules_v9_9,Vt_4401,Остановка,2025-05-08 15:12:00,2025-05-09 08:03:00,0.7,1.0,high,,,{}
episode_rules_v9_9,Vt_4401,Остановка,2025-05-10 16:25:00,2025-05-11 21:30:00,1.21,1.0,high,,,{}
episode_rules_v9_9,Vt_4401,Остановка,2025-05-12 02:44:00,2025-05-12 04:59:00,0.09,1.0,high,,,{}
episode_rules_v9_9,Vt_4401,Остановка,2025-05-12 05:57:00,2025-05-12 18:39:00,0.53,1.0,high,,,{}
episode_rules_v9_9,Vt_4401,Остановка,2025-05-12 19:32:00,2025-05-15 16:54:00,2.89,1.0,high,,,{}
episode_rules_v9_9,Vt_4401,Остановка,2025-05-15 17:22:00,2025-05-15 18:51:00,0.06,1.0,high,,,{}
episode_rules_v9_9,Vt_4401,Остановка,2025-05-15 19:24:00,2025-05-15 23:31:00,0.17,1.0,high,,,{}
episode_rules_v9_9,Vt_4401,Остановка,2025-05-15 23:54:00,2025-05-17 12:43:00,1.53,1.0,high,,,{}
episode_rules_v9_9,Vt_4401,Остановка,2025-05-17 15:36:00,2025-05-18 12:39:00,0.88,1.0,high,,,{}
episode_rules_v9_9,Vt_4401,Остановка,2025-05-18 12:50:00,2025-05-19 04:12:00,0.64,1.0,high,,,{}
episode_rules_v9_9,Vt_4401,Остановка,2025-05-19 04:49:00,2025-05-19 15:18:00,0.44,1.0,high,,,{}
episode_rules_v9_9,Vt_4401,Остановка,2025-05-19 16:24:00,2025-05-20 19:25:00,1.13,1.0,high,,,{}
episode_rules_v9_9,Vt_4401,Остановка,2025-05-20 20:50:00,2025-05-21 03:27:00,0.28,1.0,high,,,{}
episode_rules_v9_9,Vt_4401,Остановка,2025-05-21 04:38:00,2025-05-21 13:02:00,0.35,1.0,high,,,{}
episode_rules_v9_9,Vt_4401,Остановка,2025-05-21 14:07:00,2025-05-21 18:02:00,0.16,1.0,high,,,{}
episode_rules_v9_9,Vt_4401,Остановка,2025-05-21 23:47:00,2025-05-22 04:51:00,0.21,1.0,high,,,{}
episode_rules_v9_9,Vt_4401,Остановка,2025-05-22 06:24:00,2025-05-22 13:03:00,0.28,1.0,high,,,{}
episode_rules_v9_9,Vt_4401,Остановка,2025-05-22 14:29:00,2025-05-23 01:59:00,0.48,1.0,high,,,{}
episode_rules_v9_9,Vt_4401,Остановка,2025-05-23 03:25:00,2025-05-23 06:15:00,0.12,1.0,high,,,{}
episode_rules_v9_9,Vt_4401,Остановка,2025-05-23 06:39:00,2025-05-25 14:55:00,2.34,1.0,high,,,{}
episode_rules_v9_9,Vt_4401,Остановка,2025-05-25 16:11:00,2025-05-26 01:25:00,0.38,1.0,high,,,{}
episode_rules_v9_9,Vt_4401,Остановка,2025-05-26 05:04:00,2025-05-26 11:12:00,0.26,1.0,high,,,{}
episode_rules_v9_9,Vt_4401,Остановка,2025-05-26 12:26:00,2025-05-26 16:02:00,0.15,1.0,high,,,{}
episode_rules_v9_9,Vt_4401,Остановка,2025-05-26 16:41:00,2025-05-27 00:39:00,0.33,1.0,high,,,{}
episode_rules_v9_9,Vt_4401,Остановка,2025-05-27 07:50:00,2025-05-27 17:37:00,0.41,1.0,high,,,{}
episode_rules_v9_9,Vt_4401,Остановка,2025-05-28 13:20:00,2025-05-28 14:00:00,0.03,1.0,high,,,{}
episode_rules_v9_9,Vt_4401,Остановка,2025-05-28 18:52:00,2025-06-26 17:30:00,28.94,1.0,high,,,{}
episode_rules_v9_9,Vt_4401,Остановка,2025-06-29 16:03:00,2025-07-01 01:20:00,1.39,1.0,high,,,{}
episode_rules_v9_9,Vt_4401,Остановка,2025-07-04 15:00:00,2025-07-16 02:16:00,11.47,1.0,high,,,{}
episode_rules_v9_9,Vt_4401,Остановка,2025-07-19 13:35:00,2025-07-21 07:40:00,1.75,1.0,high,,,{}
episode_rules_v9_9,Vt_4401,Остановка,2025-07-22 12:42:00,2025-07-23 08:05:00,0.81,1.0,high,,,{}
episode_rules_v9_9,Vt_4401,Остановка,2025-07-24 21:15:00,2025-07-24 23:02:00,0.07,1.0,high,,,{}
episode_rules_v9_9,Vt_4401,Остановка,2025-07-26 05:46:00,2025-07-26 07:56:00,0.09,1.0,high,,,{}
episode_rules_v9_9,Vt_4401,Остановка,2025-07-26 17:01:00,2025-07-26 17:36:00,0.02,1.0,high,,,{}
episode_rules_v9_9,Vt_4401,Остановка,2025-07-26 18:37:00,2025-07-26 20:29:00,0.08,1.0,high,,,{}
episode_rules_v9_9,Vt_4401,Остановка,2025-07-26 21:05:00,2025-07-29 04:04:00,2.29,1.0,high,,,{}
episode_rules_v9_9,Vt_4401,Остановка,2025-07-29 04:48:00,2025-07-30 14:55:00,1.42,1.0,high,,,{}
episode_rules_v9_9,Vt_4401,Остановка,2025-07-30 17:44:00,2025-07-31 11:52:00,0.76,1.0,high,,,{}
episode_rules_v9_9,Vt_4401,Остановка,2025-07-31 14:12:00,2025-08-01 09:13:00,0.79,1.0,high,,,{}
episode_rules_v9_9,Vt_4401,Остановка,2025-08-01 15:03:00,2025-09-10 09:06:00,39.75,1.0,high,,,{}
episode_rules_v9_9,Vt_4401,Остановка,2025-09-10 12:08:00,2025-10-08 02:57:00,27.62,1.0,high,,,{}
episode_rules_v9_9,Vt_4401,Остановка,2025-10-14 17:44:00,2025-10-15 00:00:00,0.26,1.0,high,,,{}
episode_rules_v9_9,Vt_4401,Остановка,2025-10-21 06:46:00,2025-10-22 15:05:00,1.35,1.0,high,,,{}
episode_rules_v9_9,Vt_4401,Остановка,2025-10-23 01:10:00,2025-10-23 03:05:00,0.08,1.0,high,,,{}
episode_rules_v9_9,Vt_4401,Остановка,2025-10-25 05:01:00,2025-10-25 07:47:00,0.12,1.0,high,,,{}
episode_rules_v9_9,Vt_4401,Остановка,2025-10-27 11:20:00,2025-10-27 14:45:00,0.14,1.0,high,,,{}
episode_rules_v9_9,Vt_4401,Остановка,2025-10-29 14:20:00,2025-10-29 16:25:00,0.09,1.0,high,,,{}
episode_rules_v9_9,Vt_4401,Остановка,2025-10-31 15:55:00,2025-10-31 17:30:00,0.07,1.0,high,,,{}
episode_rules_v9_9,Vt_4401,Остановка,2025-11-08 03:40:00,2025-11-08 06:52:00,0.13,1.0,high,,,{}
episode_rules_v9_9,Vt_4401,Остановка,2025-11-10 00:45:00,2025-11-10 02:50:00,0.09,1.0,high,,,{}
episode_rules_v9_9,Vt_4401,Остановка,2025-11-15 16:18:00,2025-11-15 19:55:00,0.15,1.0,high,,,{}
episode_rules_v9_9,Vt_4401,Остановка,2025-11-17 01:25:00,2025-11-17 02:20:00,0.04,1.0,high,,,{}
episode_rules_v9_9,Vt_4401,Остановка,2025-11-17 07:12:00,2025-11-17 08:40:00,0.06,1.0,high,,,{}
episode_rules_v9_9,Vt_4401,Остановка,2025-11-19 16:40:00,2025-11-19 21:20:00,0.19,1.0,high,,,{}
episode_rules_v9_9,Vt_4401,Остановка,2025-11-22 23:01:00,2025-11-23 02:19:00,0.14,1.0,high,,,{}
episode_rules_v9_9,Vt_4401,Остановка,2025-11-29 03:58:00,2025-11-29 05:04:00,0.05,1.0,high,,,{}
episode_rules_v9_9,Vt_4401,Остановка,2025-12-04 14:35:00,2025-12-04 19:35:00,0.21,1.0,high,,,{}
episode_rules_v9_9,Vt_4401,Остановка,2025-12-17 18:41:00,2025-12-17 20:24:00,0.07,1.0,high,,,{}
episode_rules_v9_9,Vt_4401,Остановка,2025-12-17 21:47:00,2025-12-18 00:37:00,0.12,1.0,high,,,{}
episode_rules_v9_9,Vt_4401,Остановка,2025-12-19 19:35:00,2025-12-19 20:31:00,0.04,1.0,high,,,{}
episode_rules_v9_9,Vt_4401,Остановка,2025-12-21 02:56:00,2025-12-21 04:54:00,0.08,1.0,high,,,{}
episode_rules_v9_9,Vt_4401,Остановка,2025-12-24 17:54:00,2025-12-24 18:58:00,0.04,1.0,high,,,{}
episode_rules_v9_9,Vt_4401,Остановка,2025-12-25 19:05:00,2025-12-25 22:16:00,0.13,1.0,high,,,{}
episode_rules_v9_9,Vt_4401,Остановка,2025-12-30 10:06:00,2025-12-30 11:49:00,0.07,1.0,high,,,{}
episode_rules_v9_9,Vt_4401,Остановка,2026-01-03 16:06:00,2026-01-03 17:57:00,0.08,1.0,high,,,{}
episode_rules_v9_9,Vt_4401,Остановка,2026-01-18 23:09:00,2026-01-19 00:18:00,0.05,1.0,high,,,{}
episode_rules_v9_9,Vt_4401,Остановка,2026-01-20 19:00:00,2026-01-20 22:32:00,0.15,1.0,high,,,{}
episode_rules_v9_9,Vt_4401,Остановка,2026-01-29 16:10:00,2026-01-29 17:08:00,0.04,1.0,high,,,{}
episode_rules_v9_9,Vt_4401,Остановка,2026-01-30 00:11:00,2026-01-30 02:10:00,0.08,1.0,high,,,{}
episode_rules_v9_9,Vt_4401,Остановка,2026-02-26 17:56:00,2026-02-26 21:52:00,0.16,1.0,high,,,{}
episode_rules_v9_9,Vt_4401,Остановка,2026-03-08 21:22:00,2026-03-26 23:48:00,18.1,1.0,high,,,{}
episode_rules_v9_9,Vt_4401,Остановка,2026-03-27 04:17:00,2026-03-28 04:46:00,1.02,1.0,high,,,{}
episode_rules_v9_9,Vt_4401,Остановка,2026-04-01 01:40:00,2026-04-01 04:40:00,0.12,1.0,high,,,{}
episode_rules_v9_9,Vt_4401,Остановка,2026-04-12 09:31:00,2026-04-12 11:34:00,0.09,1.0,high,,,{}
episode_rules_v9_9,Vt_4401,Остановка,2026-04-15 22:05:00,2026-04-16 01:10:00,0.13,1.0,high,,,{}
episode_rules_v9_9,Vt_4401,Остановка,2026-04-21 04:20:00,2026-04-21 06:04:00,0.07,1.0,high,,,{}
episode_rules_v9_9,Vt_4401,Остановка,2026-04-29 04:00:00,2026-04-29 07:13:00,0.13,1.0,high,,,{}
episode_rules_v9_9,Vt_4401,Периодическая работа,2025-01-30 00:00:00,2025-02-27 00:00:00,28.0,0.25,low,,,"{'ql_cyclic': None, 'rhythm_ok': False}"
episode_rules_v9_9,Vt_4401,Периодическая работа,2025-04-29 00:00:00,2025-06-11 00:00:00,43.0,0.25,low,,,"{'ql_cyclic': None, 'rhythm_ok': False}"
episode_rules_v9_9,Vt_4401,Периодическая работа,2025-07-12 00:00:00,2025-08-14 00:00:00,33.0,0.25,low,,,"{'ql_cyclic': None, 'rhythm_ok': False}"
episode_rules_v9_9,Vt_4401,РПТЧ,2025-01-01 00:00:00,2025-03-22 00:00:00,80.0,0.75,medium,,,"{'ql_oscillates': None, 'round_hz': np.True_}"
episode_rules_v9_9,Vt_4401,РПТЧ,2025-03-22 00:00:00,2025-06-23 00:00:00,93.0,0.75,medium,,,"{'ql_oscillates': None, 'round_hz': np.True_}"
episode_rules_v9_9,Vt_4401,РПТЧ,2025-06-23 00:00:00,2025-06-29 16:03:00,6.67,0.5,medium,,,"{'freq_data': None, 'ql_oscillates': None}"
episode_rules_v9_9,Vt_4401,РПТЧ,2025-10-08 02:57:00,2025-10-21 06:46:00,13.16,1.0,high,,,"{'ql_oscillates': np.True_, 'round_hz': np.True_}"
episode_rules_v9_9,Vt_4401,РПТЧ,2025-12-22 00:00:00,2026-01-01 23:00:00,10.96,0.75,medium,,,"{'ql_oscillates': None, 'round_hz': np.True_}"
episode_rules_v9_9,Vt_4401,Работа,2025-01-01 00:00:00,2025-01-02 01:15:00,1.05,1.0,high,,,{}
episode_rules_v9_9,Vt_4401,Работа,2025-01-02 03:20:00,2025-01-10 12:35:00,8.39,1.0,high,,,{}
episode_rules_v9_9,Vt_4401,Работа,2025-01-10 15:20:00,2025-01-18 12:45:00,7.89,1.0,high,,,{}
episode_rules_v9_9,Vt_4401,Работа,2025-01-18 14:47:00,2025-01-26 10:50:00,7.84,1.0,high,,,{}
episode_rules_v9_9,Vt_4401,Работа,2025-01-26 12:50:00,2025-02-03 11:05:00,7.93,1.0,high,,,{}
episode_rules_v9_9,Vt_4401,Работа,2025-02-03 13:20:00,2025-02-08 10:37:00,4.89,1.0,high,,,{}
episode_rules_v9_9,Vt_4401,Работа,2025-02-08 11:57:00,2025-02-08 16:01:00,0.17,1.0,high,,,{}
episode_rules_v9_9,Vt_4401,Работа,2025-02-08 22:28:00,2025-02-10 07:10:00,1.36,1.0,high,,,{}
episode_rules_v9_9,Vt_4401,Работа,2025-02-10 22:13:00,2025-02-11 00:40:00,0.1,1.0,high,,,{}
episode_rules_v9_9,Vt_4401,Работа,2025-02-11 04:16:00,2025-02-11 06:19:00,0.09,1.0,high,,,{}
episode_rules_v9_9,Vt_4401,Работа,2025-02-11 14:20:00,2025-02-11 16:09:00,0.08,1.0,high,,,{}
episode_rules_v9_9,Vt_4401,Работа,2025-02-12 06:29:00,2025-02-12 07:27:00,0.04,1.0,high,,,{}
episode_rules_v9_9,Vt_4401,Работа,2025-02-12 16:20:00,2025-02-13 02:44:00,0.43,1.0,high,,,{}
episode_rules_v9_9,Vt_4401,Работа,2025-02-16 13:59:00,2025-02-16 15:38:00,0.07,1.0,high,,,{}
episode_rules_v9_9,Vt_4401,Работа,2025-02-18 01:10:00,2025-02-21 10:56:00,3.41,1.0,high,,,{}
episode_rules_v9_9,Vt_4401,Работа,2025-02-21 14:27:00,2025-03-04 05:01:00,10.61,1.0,high,,,{}
episode_rules_v9_9,Vt_4401,Работа,2025-03-04 23:10:00,2025-03-15 16:08:00,10.71,1.0,high,,,{}
episode_rules_v9_9,Vt_4401,Работа,2025-03-15 23:42:00,2025-03-16 00:31:00,0.03,1.0,high,,,{}
episode_rules_v9_9,Vt_4401,Работа,2025-03-17 05:24:00,2025-03-17 12:20:00,0.29,1.0,high,,,{}
episode_rules_v9_9,Vt_4401,Работа,2025-03-24 00:00:00,2025-03-24 01:29:00,0.06,1.0,high,,,{}
episode_rules_v9_9,Vt_4401,Работа,2025-03-26 05:00:00,2025-04-08 02:51:00,12.91,1.0,high,,,{}
episode_rules_v9_9,Vt_4401,Работа,2025-04-11 13:44:00,2025-04-13 17:00:00,2.14,1.0,high,,,{}
episode_rules_v9_9,Vt_4401,Работа,2025-04-13 20:01:00,2025-04-16 05:01:00,2.38,1.0,high,,,{}
episode_rules_v9_9,Vt_4401,Работа,2025-04-16 06:38:00,2025-04-18 16:30:00,2.41,1.0,high,,,{}
episode_rules_v9_9,Vt_4401,Работа,2025-04-18 18:05:00,2025-04-21 01:32:00,2.31,1.0,high,,,{}
episode_rules_v9_9,Vt_4401,Работа,2025-04-21 03:19:00,2025-04-23 10:10:00,2.29,1.0,high,,,{}
episode_rules_v9_9,Vt_4401,Работа,2025-04-23 12:05:00,2025-04-25 11:45:00,1.99,1.0,high,,,{}
episode_rules_v9_9,Vt_4401,Работа,2025-04-25 13:50:00,2025-04-27 10:45:00,1.87,1.0,high,,,{}
episode_rules_v9_9,Vt_4401,Работа,2025-04-27 13:10:00,2025-04-29 10:30:00,1.89,1.0,high,,,{}
episode_rules_v9_9,Vt_4401,Работа,2025-04-29 12:44:00,2025-05-02 03:14:00,2.6,1.0,high,,,{}
episode_rules_v9_9,Vt_4401,Работа,2025-05-02 22:27:00,2025-05-03 14:45:00,0.68,1.0,high,,,{}
episode_rules_v9_9,Vt_4401,Работа,2025-05-03 16:35:00,2025-05-05 10:42:00,1.75,1.0,high,,,{}
episode_rules_v9_9,Vt_4401,Работа,2025-05-05 19:00:00,2025-05-05 22:45:00,0.16,1.0,high,,,{}
episode_rules_v9_9,Vt_4401,Работа,2025-05-06 00:40:00,2025-05-07 00:57:00,1.01,1.0,high,,,{}
episode_rules_v9_9,Vt_4401,Работа,2025-05-07 04:54:00,2025-05-08 03:01:00,0.92,1.0,high,,,{}
episode_rules_v9_9,Vt_4401,Работа,2025-05-08 05:07:00,2025-05-08 10:30:00,0.22,1.0,high,,,{}
episode_rules_v9_9,Vt_4401,Работа,2025-05-08 13:31:00,2025-05-08 15:12:00,0.07,1.0,high,,,{}
episode_rules_v9_9,Vt_4401,Работа,2025-05-09 08:03:00,2025-05-10 16:25:00,1.35,1.0,high,,,{}
episode_rules_v9_9,Vt_4401,Работа,2025-05-11 21:30:00,2025-05-12 02:44:00,0.22,1.0,high,,,{}
episode_rules_v9_9,Vt_4401,Работа,2025-05-12 04:59:00,2025-05-12 05:57:00,0.04,1.0,high,,,{}
episode_rules_v9_9,Vt_4401,Работа,2025-05-12 18:39:00,2025-05-12 19:32:00,0.04,1.0,high,,,{}
episode_rules_v9_9,Vt_4401,Работа,2025-05-15 16:54:00,2025-05-15 17:22:00,0.02,1.0,high,,,{}
episode_rules_v9_9,Vt_4401,Работа,2025-05-15 18:51:00,2025-05-15 19:24:00,0.02,1.0,high,,,{}
episode_rules_v9_9,Vt_4401,Работа,2025-05-15 23:31:00,2025-05-15 23:54:00,0.02,1.0,high,,,{}
episode_rules_v9_9,Vt_4401,Работа,2025-05-17 12:43:00,2025-05-17 15:36:00,0.12,1.0,high,,,{}
episode_rules_v9_9,Vt_4401,Работа,2025-05-18 12:39:00,2025-05-18 12:50:00,0.01,1.0,high,,,{}
episode_rules_v9_9,Vt_4401,Работа,2025-05-19 04:12:00,2025-05-19 04:49:00,0.03,1.0,high,,,{}
episode_rules_v9_9,Vt_4401,Работа,2025-05-19 15:18:00,2025-05-19 16:24:00,0.05,1.0,high,,,{}
episode_rules_v9_9,Vt_4401,Работа,2025-05-20 19:25:00,2025-05-20 20:50:00,0.06,1.0,high,,,{}
episode_rules_v9_9,Vt_4401,Работа,2025-05-21 03:27:00,2025-05-21 04:38:00,0.05,1.0,high,,,{}
episode_rules_v9_9,Vt_4401,Работа,2025-05-21 13:02:00,2025-05-21 14:07:00,0.05,1.0,high,,,{}
episode_rules_v9_9,Vt_4401,Работа,2025-05-21 18:02:00,2025-05-21 23:47:00,0.24,1.0,high,,,{}
episode_rules_v9_9,Vt_4401,Работа,2025-05-22 04:51:00,2025-05-22 06:24:00,0.06,1.0,high,,,{}
episode_rules_v9_9,Vt_4401,Работа,2025-05-22 13:03:00,2025-05-22 14:29:00,0.06,1.0,high,,,{}
episode_rules_v9_9,Vt_4401,Работа,2025-05-23 01:59:00,2025-05-23 03:25:00,0.06,1.0,high,,,{}
episode_rules_v9_9,Vt_4401,Работа,2025-05-23 06:15:00,2025-05-23 06:39:00,0.02,1.0,high,,,{}
episode_rules_v9_9,Vt_4401,Работа,2025-05-25 14:55:00,2025-05-25 16:11:00,0.05,1.0,high,,,{}
episode_rules_v9_9,Vt_4401,Работа,2025-05-26 01:25:00,2025-05-26 05:04:00,0.15,1.0,high,,,{}
episode_rules_v9_9,Vt_4401,Работа,2025-05-26 11:12:00,2025-05-26 12:26:00,0.05,1.0,high,,,{}
episode_rules_v9_9,Vt_4401,Работа,2025-05-26 16:02:00,2025-05-26 16:41:00,0.03,1.0,high,,,{}
episode_rules_v9_9,Vt_4401,Работа,2025-05-27 00:39:00,2025-05-27 07:50:00,0.3,1.0,high,,,{}
episode_rules_v9_9,Vt_4401,Работа,2025-05-27 17:37:00,2025-05-28 13:20:00,0.82,1.0,high,,,{}
episode_rules_v9_9,Vt_4401,Работа,2025-05-28 14:00:00,2025-05-28 18:52:00,0.2,1.0,high,,,{}
episode_rules_v9_9,Vt_4401,Работа,2025-06-26 17:30:00,2025-06-29 16:03:00,2.94,1.0,high,,,{}
episode_rules_v9_9,Vt_4401,Работа,2025-07-01 01:20:00,2025-07-04 15:00:00,3.57,1.0,high,,,{}
episode_rules_v9_9,Vt_4401,Работа,2025-07-16 02:16:00,2025-07-19 13:35:00,3.47,1.0,high,,,{}
episode_rules_v9_9,Vt_4401,Работа,2025-07-21 07:40:00,2025-07-22 12:42:00,1.21,1.0,high,,,{}
episode_rules_v9_9,Vt_4401,Работа,2025-07-23 08:05:00,2025-07-24 21:15:00,1.55,1.0,high,,,{}
episode_rules_v9_9,Vt_4401,Работа,2025-07-24 23:02:00,2025-07-26 05:46:00,1.28,1.0,high,,,{}
episode_rules_v9_9,Vt_4401,Работа,2025-07-26 07:56:00,2025-07-26 17:01:00,0.38,1.0,high,,,{}
episode_rules_v9_9,Vt_4401,Работа,2025-07-26 17:36:00,2025-07-26 18:37:00,0.04,1.0,high,,,{}
episode_rules_v9_9,Vt_4401,Работа,2025-07-26 20:29:00,2025-07-26 21:05:00,0.03,1.0,high,,,{}
episode_rules_v9_9,Vt_4401,Работа,2025-07-29 04:04:00,2025-07-29 04:48:00,0.03,1.0,high,,,{}
episode_rules_v9_9,Vt_4401,Работа,2025-07-30 14:55:00,2025-07-30 17:44:00,0.12,1.0,high,,,{}
episode_rules_v9_9,Vt_4401,Работа,2025-07-31 11:52:00,2025-07-31 14:12:00,0.1,1.0,high,,,{}
episode_rules_v9_9,Vt_4401,Работа,2025-08-01 09:13:00,2025-08-01 15:03:00,0.24,1.0,high,,,{}
episode_rules_v9_9,Vt_4401,Работа,2025-09-10 09:06:00,2025-09-10 12:08:00,0.13,1.0,high,,,{}
episode_rules_v9_9,Vt_4401,Работа,2025-10-08 02:57:00,2025-10-14 17:44:00,6.62,1.0,high,,,{}
episode_rules_v9_9,Vt_4401,Работа,2025-10-15 00:00:00,2025-10-21 06:46:00,6.28,1.0,high,,,{}
episode_rules_v9_9,Vt_4401,Работа,2025-10-22 15:05:00,2025-10-23 01:10:00,0.42,1.0,high,,,{}
episode_rules_v9_9,Vt_4401,Работа,2025-10-23 03:05:00,2025-10-25 05:01:00,2.08,1.0,high,,,{}
episode_rules_v9_9,Vt_4401,Работа,2025-10-25 07:47:00,2025-10-27 11:20:00,2.15,1.0,high,,,{}
episode_rules_v9_9,Vt_4401,Работа,2025-10-27 14:45:00,2025-10-29 14:20:00,1.98,1.0,high,,,{}
episode_rules_v9_9,Vt_4401,Работа,2025-10-29 16:25:00,2025-10-31 15:55:00,1.98,1.0,high,,,{}
episode_rules_v9_9,Vt_4401,Работа,2025-10-31 17:30:00,2025-11-08 03:40:00,7.42,1.0,high,,,{}
episode_rules_v9_9,Vt_4401,Работа,2025-11-08 06:52:00,2025-11-10 00:45:00,1.75,1.0,high,,,{}
episode_rules_v9_9,Vt_4401,Работа,2025-11-10 02:50:00,2025-11-15 16:18:00,5.56,1.0,high,,,{}
episode_rules_v9_9,Vt_4401,Работа,2025-11-15 19:55:00,2025-11-17 01:25:00,1.23,1.0,high,,,{}
episode_rules_v9_9,Vt_4401,Работа,2025-11-17 02:20:00,2025-11-17 07:12:00,0.2,1.0,high,,,{}
episode_rules_v9_9,Vt_4401,Работа,2025-11-17 08:40:00,2025-11-19 16:40:00,2.33,1.0,high,,,{}
episode_rules_v9_9,Vt_4401,Работа,2025-11-19 21:20:00,2025-11-22 23:01:00,3.07,1.0,high,,,{}
episode_rules_v9_9,Vt_4401,Работа,2025-11-23 02:19:00,2025-11-29 03:58:00,6.07,1.0,high,,,{}
episode_rules_v9_9,Vt_4401,Работа,2025-11-29 05:04:00,2025-12-04 14:35:00,5.4,1.0,high,,,{}
episode_rules_v9_9,Vt_4401,Работа,2025-12-04 19:35:00,2025-12-17 18:41:00,12.96,1.0,high,,,{}
episode_rules_v9_9,Vt_4401,Работа,2025-12-17 20:24:00,2025-12-17 21:47:00,0.06,1.0,high,,,{}
episode_rules_v9_9,Vt_4401,Работа,2025-12-18 00:37:00,2025-12-19 19:35:00,1.79,1.0,high,,,{}
episode_rules_v9_9,Vt_4401,Работа,2025-12-19 20:31:00,2025-12-21 02:56:00,1.27,1.0,high,,,{}
episode_rules_v9_9,Vt_4401,Работа,2025-12-21 04:54:00,2025-12-24 17:54:00,3.54,1.0,high,,,{}
episode_rules_v9_9,Vt_4401,Работа,2025-12-24 18:58:00,2025-12-25 19:05:00,1.0,1.0,high,,,{}
episode_rules_v9_9,Vt_4401,Работа,2025-12-25 22:16:00,2025-12-30 10:06:00,4.49,1.0,high,,,{}
episode_rules_v9_9,Vt_4401,Работа,2025-12-30 11:49:00,2026-01-03 16:06:00,4.18,1.0,high,,,{}
episode_rules_v9_9,Vt_4401,Работа,2026-01-03 17:57:00,2026-01-18 23:09:00,15.22,1.0,high,,,{}
episode_rules_v9_9,Vt_4401,Работа,2026-01-19 00:18:00,2026-01-20 19:00:00,1.78,1.0,high,,,{}
episode_rules_v9_9,Vt_4401,Работа,2026-01-20 22:32:00,2026-01-29 16:10:00,8.73,1.0,high,,,{}
episode_rules_v9_9,Vt_4401,Работа,2026-01-29 17:08:00,2026-01-30 00:11:00,0.29,1.0,high,,,{}
episode_rules_v9_9,Vt_4401,Работа,2026-01-30 02:10:00,2026-02-26 17:56:00,27.66,1.0,high,,,{}
episode_rules_v9_9,Vt_4401,Работа,2026-02-26 21:52:00,2026-03-08 21:22:00,9.98,1.0,high,,,{}
episode_rules_v9_9,Vt_4401,Работа,2026-03-26 23:48:00,2026-03-27 04:17:00,0.19,1.0,high,,,{}
episode_rules_v9_9,Vt_4401,Работа,2026-03-28 04:46:00,2026-04-01 01:40:00,3.87,1.0,high,,,{}
episode_rules_v9_9,Vt_4401,Работа,2026-04-01 04:40:00,2026-04-12 09:31:00,11.2,1.0,high,,,{}
episode_rules_v9_9,Vt_4401,Работа,2026-04-12 11:34:00,2026-04-15 22:05:00,3.44,1.0,high,,,{}
episode_rules_v9_9,Vt_4401,Работа,2026-04-16 01:10:00,2026-04-21 04:20:00,5.13,1.0,high,,,{}
episode_rules_v9_9,Vt_4401,Работа,2026-04-21 06:04:00,2026-04-29 04:00:00,7.91,1.0,high,,,{}
episode_rules_v9_9,Vt_4401,Работа,2026-04-29 07:13:00,2026-05-01 22:38:00,2.64,1.0,high,,,{}
episode_rules_v9_9,Vt_4401,Рост Кпрод,2025-01-01 00:00:00,2025-02-10 00:00:00,40.0,1.0,high,,,{}
episode_rules_v9_9,Vt_4401,Рост Кпрод,2025-05-02 00:00:00,2025-05-04 00:00:00,2.0,1.0,high,,,{}
episode_rules_v9_9,Vt_4401,Снижение Кпрод,2025-01-22 00:00:00,2025-01-29 23:00:00,7.96,0.25,medium,,,"{'ql_confirms': None, 'ql_opz': False}"
episode_rules_v9_9,Vt_4401,Снижение Кпрод,2025-03-30 00:00:00,2025-04-08 23:00:00,9.96,0.75,high,,,"{'ql_confirms': None, 'ql_opz': True}"
episode_rules_v9_9,Vt_4401,Снижение Кпрод,2025-04-15 00:00:00,2025-04-15 23:00:00,0.96,0.75,high,,,"{'ql_confirms': None, 'ql_opz': True}"
episode_rules_v9_9,Vt_4401,Снижение Кпрод,2025-11-24 00:00:00,2025-11-28 23:00:00,4.96,0.25,medium,,,"{'ql_confirms': None, 'ql_opz': False}"
episode_rules_v9_9,Vt_4401,Снижение Кпрод,2025-12-13 00:00:00,2025-12-22 23:00:00,9.96,0.25,medium,,,"{'ql_confirms': None, 'ql_opz': False}"
episode_rules_v9_9,Vt_4401,Снижение Кпрод,2026-01-08 00:00:00,2026-01-10 23:00:00,2.96,0.25,medium,,,"{'ql_confirms': None, 'ql_opz': False}"
episode_rules_v9_9,Vt_4401,Снижение Кпрод,2026-01-30 00:00:00,2026-02-08 23:00:00,9.96,0.25,medium,,,"{'ql_confirms': None, 'ql_opz': False}"
episode_rules_v9_9,Vt_4401,Снижение Кпрод,2026-02-16 00:00:00,2026-02-19 23:00:00,3.96,0.25,medium,,,"{'ql_confirms': None, 'ql_opz': False}"
episode_rules_v9_9,Vt_4401,Снижение Рпл,2025-01-21 03:35:00,2025-05-06 17:49:30,105.59,0.5,low,Снижение Рпл,0.373,"{'freq_stable': np.False_, 'ip_gradual': np.True_, 'ql_declining': None}"
episode_rules_v9_9,Vt_4401,Снижение Рпл,2025-06-28 04:46:30,2025-07-26 01:35:00,27.87,0.5,low,НУР,0.345,"{'freq_stable': np.False_, 'ip_gradual': np.True_, 'ql_declining': None}"
episode_rules_v9_9,Vt_4401,Снижение Рпл,2025-10-14 16:51:30,2026-04-15 12:42:00,182.83,0.333,low,НУР,0.205,"{'freq_stable': np.False_, 'ip_gradual': np.True_, 'ql_declining': np.False_}"
episode_rules_v9_9,Vt_4401,УВЧ,2025-01-04 00:00:00,2025-01-08 23:00:00,4.96,0.833,medium,,,"{'freq_net_ok': np.True_, 'freq_trend_up': True, 'ql_rises': None}"
episode_rules_v9_9,Vt_4401,УВЧ,2025-02-22 00:00:00,2025-02-27 23:00:00,5.96,0.5,low,,,"{'freq_net_ok': np.False_, 'freq_trend_up': True, 'ql_rises': None}"
episode_rules_v9_9,Vt_4401,УВЧ,2025-03-01 00:00:00,2025-03-06 23:00:00,5.96,0.833,medium,,,"{'freq_net_ok': np.True_, 'freq_trend_up': True, 'ql_rises': None}"
episode_rules_v9_9,Vt_4401,УВЧ,2025-03-28 00:00:00,2025-04-03 23:00:00,6.96,0.167,low,,,"{'freq_net_ok': np.False_, 'freq_trend_up': False, 'ql_rises': None}"
episode_rules_v9_9,Vt_4401,УВЧ,2025-04-04 00:00:00,2025-04-07 23:00:00,3.96,0.833,medium,,,"{'freq_net_ok': np.True_, 'freq_trend_up': True, 'ql_rises': None}"
episode_rules_v9_9,Vt_4401,УВЧ,2025-04-30 00:00:00,2025-05-08 23:00:00,8.96,0.167,low,,,"{'freq_net_ok': np.False_, 'freq_trend_up': False, 'ql_rises': None}"
episode_rules_v9_9,Vt_4401,УВЧ,2025-07-02 00:00:00,2025-07-21 23:00:00,19.96,0.167,low,,,"{'freq_net_ok': np.False_, 'freq_trend_up': False, 'ql_rises': None}"
episode_rules_v9_9,Vt_4401,УВЧ,2025-10-10 00:00:00,2025-11-09 23:00:00,30.96,0.667,medium,,,"{'freq_net_ok': np.True_, 'freq_trend_up': True, 'ql_rises': False}"
episode_rules_v9_9,Vt_4401,УВЧ,2025-11-21 00:00:00,2026-03-07 23:00:00,106.96,1.0,high,,,"{'freq_net_ok': np.True_, 'freq_trend_up': True, 'ql_rises': True}"
episode_rules_v9_9,Vt_4401,УВЧ,2026-04-26 00:00:00,2026-05-01 23:00:00,5.96,0.833,medium,,,"{'freq_net_ok': np.True_, 'freq_trend_up': True, 'ql_rises': None}"
episode_rules_v9_9,Vt_605,ГДИ,2025-02-25 11:47:00,2025-02-28 01:10:00,2.56,0.5,medium,,,"{'ip_kvd_rising': np.True_, 'ql_zero': np.False_}"
episode_rules_v9_9,Vt_605,ГДИ,2025-05-10 16:31:00,2025-05-13 01:22:00,2.37,0.5,medium,,,"{'ip_kvd_rising': np.True_, 'ql_zero': np.False_}"
episode_rules_v9_9,Vt_605,ГДИ,2025-12-01 21:05:00,2025-12-07 03:49:00,5.28,1.0,high,,,"{'ip_kvd_rising': np.True_, 'ql_zero': np.True_}"
episode_rules_v9_9,Vt_605,ГДИ,2025-12-15 00:00:00,2025-12-27 12:04:00,12.5,1.0,high,,,"{'ip_kvd_rising': np.True_, 'ql_zero': np.True_}"
episode_rules_v9_9,Vt_605,ГДИ,2025-12-27 16:58:00,2026-01-23 00:48:00,26.33,0.5,medium,,,"{'ip_kvd_rising': np.True_, 'ql_zero': np.False_}"
episode_rules_v9_9,Vt_605,Деградация ЭЦН,2025-07-17 00:00:00,2025-08-15 00:00:00,29.0,1.0,high,,,{}
episode_rules_v9_9,Vt_605,НУР,2025-02-28 00:00:00,2025-03-02 23:00:00,2.96,0.667,medium,НУР,0.001,"{'ip_no_spike': np.True_, 'ip_smooth': True, 'ql_recovers': False}"
episode_rules_v9_9,Vt_605,НУР,2025-05-14 00:00:00,2025-05-16 23:00:00,2.96,0.667,medium,НУР,0.23,"{'ip_no_spike': np.True_, 'ip_smooth': True, 'ql_recovers': False}"
episode_rules_v9_9,Vt_605,НУР,2026-03-05 00:00:00,2026-03-07 23:00:00,2.96,0.5,medium,НУР,0.182,"{'ip_no_spike': None, 'ip_smooth': None, 'ql_recovers': None}"
episode_rules_v9_9,Vt_605,НУР,2026-03-20 00:00:00,2026-03-23 23:00:00,3.96,1.0,high,НУР,0.779,"{'ip_no_spike': np.True_, 'ip_smooth': True, 'ql_recovers': True}"
episode_rules_v9_9,Vt_605,НУР,2026-03-26 00:00:00,2026-03-29 23:00:00,3.96,1.0,high,НУР,0.741,"{'ip_no_spike': np.True_, 'ip_smooth': True, 'ql_recovers': True}"
episode_rules_v9_9,Vt_605,Осложнённый фонд,2025-01-18 00:00:00,2025-05-03 23:00:00,105.96,1.0,high,,,{}
episode_rules_v9_9,Vt_605,Остановка,2025-02-23 16:07:00,2025-02-23 17:58:00,0.08,1.0,high,,,{}
episode_rules_v9_9,Vt_605,Остановка,2025-02-25 11:47:00,2025-02-28 01:10:00,2.56,1.0,high,,,{}
episode_rules_v9_9,Vt_605,Остановка,2025-03-10 19:36:00,2025-03-10 23:53:00,0.18,1.0,high,,,{}
episode_rules_v9_9,Vt_605,Остановка,2025-03-25 12:31:00,2025-03-25 13:02:00,0.02,1.0,high,,,{}
episode_rules_v9_9,Vt_605,Остановка,2025-04-20 09:41:00,2025-04-20 10:43:00,0.04,1.0,high,,,{}
episode_rules_v9_9,Vt_605,Остановка,2025-05-07 15:13:00,2025-05-07 15:47:00,0.02,1.0,high,,,{}
episode_rules_v9_9,Vt_605,Остановка,2025-05-07 22:40:00,2025-05-08 01:23:00,0.11,1.0,high,,,{}
episode_rules_v9_9,Vt_605,Остановка,2025-05-08 18:21:00,2025-05-08 19:21:00,0.04,1.0,high,,,{}
episode_rules_v9_9,Vt_605,Остановка,2025-05-09 00:00:00,2025-05-09 04:35:00,0.19,1.0,high,,,{}
episode_rules_v9_9,Vt_605,Остановка,2025-05-09 09:26:00,2025-05-10 10:31:00,1.05,1.0,high,,,{}
episode_rules_v9_9,Vt_605,Остановка,2025-05-10 16:31:00,2025-05-13 01:22:00,2.37,1.0,high,,,{}
episode_rules_v9_9,Vt_605,Остановка,2025-06-07 09:19:00,2025-06-07 10:49:00,0.06,1.0,high,,,{}
episode_rules_v9_9,Vt_605,Остановка,2025-06-08 10:28:00,2025-06-08 15:06:00,0.19,1.0,high,,,{}
episode_rules_v9_9,Vt_605,Остановка,2025-06-10 09:47:00,2025-06-10 20:25:00,0.44,1.0,high,,,{}
episode_rules_v9_9,Vt_605,Остановка,2025-06-11 18:05:00,2025-06-11 19:33:00,0.06,1.0,high,,,{}
episode_rules_v9_9,Vt_605,Остановка,2025-06-27 15:44:00,2025-06-27 19:23:00,0.15,1.0,high,,,{}
episode_rules_v9_9,Vt_605,Остановка,2025-07-02 00:00:00,2025-07-02 04:42:00,0.2,1.0,high,,,{}
episode_rules_v9_9,Vt_605,Остановка,2025-07-19 12:44:00,2025-07-19 14:09:00,0.06,1.0,high,,,{}
episode_rules_v9_9,Vt_605,Остановка,2025-09-28 18:07:00,2025-09-28 18:19:00,0.01,1.0,high,,,{}
episode_rules_v9_9,Vt_605,Остановка,2025-10-06 14:40:00,2025-10-06 18:00:00,0.14,1.0,high,,,{}
episode_rules_v9_9,Vt_605,Остановка,2025-11-24 10:58:00,2025-11-24 12:04:00,0.05,1.0,high,,,{}
episode_rules_v9_9,Vt_605,Остановка,2025-11-24 13:08:00,2025-11-24 17:38:00,0.19,1.0,high,,,{}
episode_rules_v9_9,Vt_605,Остановка,2025-11-24 23:23:00,2025-11-25 01:28:00,0.09,1.0,high,,,{}
episode_rules_v9_9,Vt_605,Остановка,2025-11-25 09:32:00,2025-11-26 17:16:00,1.32,1.0,high,,,{}
episode_rules_v9_9,Vt_605,Остановка,2025-11-26 22:12:00,2025-11-27 17:02:00,0.78,1.0,high,,,{}
episode_rules_v9_9,Vt_605,Остановка,2025-11-27 17:52:00,2025-11-28 04:59:00,0.46,1.0,high,,,{}
episode_rules_v9_9,Vt_605,Остановка,2025-11-28 11:22:00,2025-12-01 11:33:00,3.01,1.0,high,,,{}
episode_rules_v9_9,Vt_605,Остановка,2025-12-01 21:05:00,2025-12-07 03:49:00,5.28,1.0,high,,,{}
episode_rules_v9_9,Vt_605,Остановка,2025-12-07 07:44:00,2025-12-07 09:44:00,0.08,1.0,high,,,{}
episode_rules_v9_9,Vt_605,Остановка,2025-12-07 10:49:00,2025-12-09 07:45:00,1.87,1.0,high,,,{}
episode_rules_v9_9,Vt_605,Остановка,2025-12-09 16:19:00,2025-12-10 16:57:00,1.03,1.0,high,,,{}
episode_rules_v9_9,Vt_605,Остановка,2025-12-14 00:00:00,2025-12-14 00:31:00,0.02,1.0,high,,,{}
episode_rules_v9_9,Vt_605,Остановка,2025-12-14 11:03:00,2025-12-14 15:24:00,0.18,1.0,high,,,{}
episode_rules_v9_9,Vt_605,Остановка,2025-12-15 00:00:00,2025-12-27 12:04:00,12.5,1.0,high,,,{}
episode_rules_v9_9,Vt_605,Остановка,2025-12-27 16:58:00,2026-01-23 00:48:00,26.33,1.0,high,,,{}
episode_rules_v9_9,Vt_605,Остановка,2026-01-23 02:42:00,2026-02-05 17:18:00,13.61,1.0,high,,,{}
episode_rules_v9_9,Vt_605,Остановка,2026-02-06 05:00:00,2026-02-06 05:34:00,0.02,1.0,high,,,{}
episode_rules_v9_9,Vt_605,Остановка,2026-02-07 11:02:00,2026-02-07 12:06:00,0.04,1.0,high,,,{}
episode_rules_v9_9,Vt_605,Остановка,2026-02-08 00:00:00,2026-02-08 04:12:00,0.17,1.0,high,,,{}
episode_rules_v9_9,Vt_605,Остановка,2026-02-09 13:59:00,2026-02-09 15:27:00,0.06,1.0,high,,,{}
episode_rules_v9_9,Vt_605,Остановка,2026-02-13 22:51:00,2026-02-14 00:20:00,0.06,1.0,high,,,{}
episode_rules_v9_9,Vt_605,Остановка,2026-02-18 01:47:00,2026-02-18 02:47:00,0.04,1.0,high,,,{}
episode_rules_v9_9,Vt_605,Остановка,2026-02-18 13:00:00,2026-02-20 04:46:00,1.66,1.0,high,,,{}
episode_rules_v9_9,Vt_605,Остановка,2026-02-23 00:12:00,2026-02-23 02:09:00,0.08,1.0,high,,,{}
episode_rules_v9_9,Vt_605,Остановка,2026-02-24 00:00:00,2026-02-25 04:32:00,1.19,1.0,high,,,{}
episode_rules_v9_9,Vt_605,Остановка,2026-02-28 16:01:00,2026-02-28 17:24:00,0.06,1.0,high,,,{}
episode_rules_v9_9,Vt_605,Остановка,2026-03-03 09:57:00,2026-03-03 13:13:00,0.14,1.0,high,,,{}
episode_rules_v9_9,Vt_605,Остановка,2026-03-03 21:41:00,2026-03-03 23:48:00,0.09,1.0,high,,,{}
episode_rules_v9_9,Vt_605,Остановка,2026-03-04 02:15:00,2026-03-04 03:25:00,0.05,1.0,high,,,{}
episode_rules_v9_9,Vt_605,Остановка,2026-03-04 08:23:00,2026-03-04 08:58:00,0.02,1.0,high,,,{}
episode_rules_v9_9,Vt_605,Остановка,2026-03-04 14:35:00,2026-03-04 17:01:00,0.1,1.0,high,,,{}
episode_rules_v9_9,Vt_605,Остановка,2026-03-04 20:04:00,2026-03-05 04:59:00,0.37,1.0,high,,,{}
episode_rules_v9_9,Vt_605,Остановка,2026-03-05 06:12:00,2026-03-06 04:17:00,0.92,1.0,high,,,{}
episode_rules_v9_9,Vt_605,Остановка,2026-03-11 11:10:00,2026-03-11 21:23:00,0.43,1.0,high,,,{}
episode_rules_v9_9,Vt_605,Остановка,2026-03-13 15:44:00,2026-03-13 16:39:00,0.04,1.0,high,,,{}
episode_rules_v9_9,Vt_605,Остановка,2026-03-16 15:49:00,2026-03-16 17:30:00,0.07,1.0,high,,,{}
episode_rules_v9_9,Vt_605,Остановка,2026-03-17 01:58:00,2026-03-17 08:03:00,0.25,1.0,high,,,{}
episode_rules_v9_9,Vt_605,Остановка,2026-03-17 16:29:00,2026-03-18 06:39:00,0.59,1.0,high,,,{}
episode_rules_v9_9,Vt_605,Остановка,2026-03-19 11:05:00,2026-03-19 13:25:00,0.1,1.0,high,,,{}
episode_rules_v9_9,Vt_605,Остановка,2026-03-19 16:15:00,2026-03-19 23:54:00,0.32,1.0,high,,,{}
episode_rules_v9_9,Vt_605,Остановка,2026-03-23 17:02:00,2026-03-23 18:33:00,0.06,1.0,high,,,{}
episode_rules_v9_9,Vt_605,Остановка,2026-03-24 19:08:00,2026-03-25 03:59:00,0.37,1.0,high,,,{}
episode_rules_v9_9,Vt_605,Остановка,2026-03-25 16:21:00,2026-03-26 04:25:00,0.5,1.0,high,,,{}
episode_rules_v9_9,Vt_605,Остановка,2026-03-27 06:27:00,2026-03-27 09:59:00,0.15,1.0,high,,,{}
episode_rules_v9_9,Vt_605,Остановка,2026-03-29 14:10:00,2026-03-29 16:41:00,0.1,1.0,high,,,{}
episode_rules_v9_9,Vt_605,Остановка,2026-04-01 16:54:00,2026-04-01 17:51:00,0.04,1.0,high,,,{}
episode_rules_v9_9,Vt_605,Остановка,2026-04-08 04:07:00,2026-04-08 05:08:00,0.04,1.0,high,,,{}
episode_rules_v9_9,Vt_605,Остановка,2026-04-12 17:08:00,2026-04-12 18:31:00,0.06,1.0,high,,,{}
episode_rules_v9_9,Vt_605,Остановка,2026-04-18 15:57:00,2026-04-18 17:21:00,0.06,1.0,high,,,{}
episode_rules_v9_9,Vt_605,Остановка,2026-04-24 03:36:00,2026-04-24 04:52:00,0.05,1.0,high,,,{}
episode_rules_v9_9,Vt_605,Остановка,2026-04-28 22:21:00,2026-04-29 00:20:00,0.08,1.0,high,,,{}
episode_rules_v9_9,Vt_605,Периодическая работа,2025-04-24 00:00:00,2025-05-30 00:00:00,36.0,0.5,low,,,"{'ql_cyclic': np.True_, 'rhythm_ok': False}"
episode_rules_v9_9,Vt_605,Периодическая работа,2025-11-11 00:00:00,2026-05-01 00:00:00,171.0,0.5,low,,,"{'ql_cyclic': np.True_, 'rhythm_ok': False}"
episode_rules_v9_9,Vt_605,РПТЧ,2025-01-01 00:00:00,2026-05-01 23:01:00,485.96,1.0,high,,,"{'ql_oscillates': np.True_, 'round_hz': np.True_}"
episode_rules_v9_9,Vt_605,Работа,2025-01-01 00:00:00,2025-02-23 16:07:00,53.67,1.0,high,,,{}
episode_rules_v9_9,Vt_605,Работа,2025-02-23 17:58:00,2025-02-25 11:47:00,1.74,1.0,high,,,{}
episode_rules_v9_9,Vt_605,Работа,2025-02-28 01:10:00,2025-03-10 19:36:00,10.77,1.0,high,,,{}
episode_rules_v9_9,Vt_605,Работа,2025-03-10 23:53:00,2025-03-25 12:31:00,14.53,1.0,high,,,{}
episode_rules_v9_9,Vt_605,Работа,2025-03-25 13:02:00,2025-04-20 09:41:00,25.86,1.0,high,,,{}
episode_rules_v9_9,Vt_605,Работа,2025-04-20 10:43:00,2025-05-07 15:13:00,17.19,1.0,high,,,{}
episode_rules_v9_9,Vt_605,Работа,2025-05-07 15:47:00,2025-05-07 22:40:00,0.29,1.0,high,,,{}
episode_rules_v9_9,Vt_605,Работа,2025-05-08 01:23:00,2025-05-08 18:21:00,0.71,1.0,high,,,{}
episode_rules_v9_9,Vt_605,Работа,2025-05-08 19:21:00,2025-05-09 00:00:00,0.19,1.0,high,,,{}
episode_rules_v9_9,Vt_605,Работа,2025-05-09 04:35:00,2025-05-09 09:26:00,0.2,1.0,high,,,{}
episode_rules_v9_9,Vt_605,Работа,2025-05-10 10:31:00,2025-05-10 16:31:00,0.25,1.0,high,,,{}
episode_rules_v9_9,Vt_605,Работа,2025-05-13 01:22:00,2025-06-07 09:19:00,25.33,1.0,high,,,{}
episode_rules_v9_9,Vt_605,Работа,2025-06-07 10:49:00,2025-06-08 10:28:00,0.99,1.0,high,,,{}
episode_rules_v9_9,Vt_605,Работа,2025-06-08 15:06:00,2025-06-10 09:47:00,1.78,1.0,high,,,{}
episode_rules_v9_9,Vt_605,Работа,2025-06-10 20:25:00,2025-06-11 18:05:00,0.9,1.0,high,,,{}
episode_rules_v9_9,Vt_605,Работа,2025-06-11 19:33:00,2025-06-27 15:44:00,15.84,1.0,high,,,{}
episode_rules_v9_9,Vt_605,Работа,2025-06-27 19:23:00,2025-07-02 00:00:00,4.19,1.0,high,,,{}
episode_rules_v9_9,Vt_605,Работа,2025-07-02 04:42:00,2025-07-19 12:44:00,17.33,1.0,high,,,{}
episode_rules_v9_9,Vt_605,Работа,2025-07-19 14:09:00,2025-09-28 18:07:00,71.17,1.0,high,,,{}
episode_rules_v9_9,Vt_605,Работа,2025-09-28 18:19:00,2025-10-06 14:40:00,7.85,1.0,high,,,{}
episode_rules_v9_9,Vt_605,Работа,2025-10-06 18:00:00,2025-11-24 10:58:00,48.71,1.0,high,,,{}
episode_rules_v9_9,Vt_605,Работа,2025-11-24 12:04:00,2025-11-24 13:08:00,0.04,1.0,high,,,{}
episode_rules_v9_9,Vt_605,Работа,2025-11-24 17:38:00,2025-11-24 23:23:00,0.24,1.0,high,,,{}
episode_rules_v9_9,Vt_605,Работа,2025-11-25 01:28:00,2025-11-25 09:32:00,0.34,1.0,high,,,{}
episode_rules_v9_9,Vt_605,Работа,2025-11-26 17:16:00,2025-11-26 22:12:00,0.21,1.0,high,,,{}
episode_rules_v9_9,Vt_605,Работа,2025-11-27 17:02:00,2025-11-27 17:52:00,0.03,1.0,high,,,{}
episode_rules_v9_9,Vt_605,Работа,2025-11-28 04:59:00,2025-11-28 11:22:00,0.27,1.0,high,,,{}
episode_rules_v9_9,Vt_605,Работа,2025-12-01 11:33:00,2025-12-01 21:05:00,0.4,1.0,high,,,{}
episode_rules_v9_9,Vt_605,Работа,2025-12-07 03:49:00,2025-12-07 07:44:00,0.16,1.0,high,,,{}
episode_rules_v9_9,Vt_605,Работа,2025-12-07 09:44:00,2025-12-07 10:49:00,0.05,1.0,high,,,{}
episode_rules_v9_9,Vt_605,Работа,2025-12-09 07:45:00,2025-12-09 16:19:00,0.36,1.0,high,,,{}
episode_rules_v9_9,Vt_605,Работа,2025-12-10 16:57:00,2025-12-14 00:00:00,3.29,1.0,high,,,{}
episode_rules_v9_9,Vt_605,Работа,2025-12-14 00:31:00,2025-12-14 11:03:00,0.44,1.0,high,,,{}
episode_rules_v9_9,Vt_605,Работа,2025-12-14 15:24:00,2025-12-15 00:00:00,0.36,1.0,high,,,{}
episode_rules_v9_9,Vt_605,Работа,2025-12-27 12:04:00,2025-12-27 16:58:00,0.2,1.0,high,,,{}
episode_rules_v9_9,Vt_605,Работа,2026-01-23 00:48:00,2026-01-23 02:42:00,0.08,1.0,high,,,{}
episode_rules_v9_9,Vt_605,Работа,2026-02-05 17:18:00,2026-02-06 05:00:00,0.49,1.0,high,,,{}
episode_rules_v9_9,Vt_605,Работа,2026-02-06 05:34:00,2026-02-07 11:02:00,1.23,1.0,high,,,{}
episode_rules_v9_9,Vt_605,Работа,2026-02-07 12:06:00,2026-02-08 00:00:00,0.5,1.0,high,,,{}
episode_rules_v9_9,Vt_605,Работа,2026-02-08 04:12:00,2026-02-09 13:59:00,1.41,1.0,high,,,{}
episode_rules_v9_9,Vt_605,Работа,2026-02-09 15:27:00,2026-02-13 22:51:00,4.31,1.0,high,,,{}
episode_rules_v9_9,Vt_605,Работа,2026-02-14 00:20:00,2026-02-18 01:47:00,4.06,1.0,high,,,{}
episode_rules_v9_9,Vt_605,Работа,2026-02-18 02:47:00,2026-02-18 13:00:00,0.43,1.0,high,,,{}
episode_rules_v9_9,Vt_605,Работа,2026-02-20 04:46:00,2026-02-23 00:12:00,2.81,1.0,high,,,{}
episode_rules_v9_9,Vt_605,Работа,2026-02-23 02:09:00,2026-02-24 00:00:00,0.91,1.0,high,,,{}
episode_rules_v9_9,Vt_605,Работа,2026-02-25 04:32:00,2026-02-28 16:01:00,3.48,1.0,high,,,{}
episode_rules_v9_9,Vt_605,Работа,2026-02-28 17:24:00,2026-03-03 09:57:00,2.69,1.0,high,,,{}
episode_rules_v9_9,Vt_605,Работа,2026-03-03 13:13:00,2026-03-03 21:41:00,0.35,1.0,high,,,{}
episode_rules_v9_9,Vt_605,Работа,2026-03-03 23:48:00,2026-03-04 02:15:00,0.1,1.0,high,,,{}
episode_rules_v9_9,Vt_605,Работа,2026-03-04 03:25:00,2026-03-04 08:23:00,0.21,1.0,high,,,{}
episode_rules_v9_9,Vt_605,Работа,2026-03-04 08:58:00,2026-03-04 14:35:00,0.23,1.0,high,,,{}
episode_rules_v9_9,Vt_605,Работа,2026-03-04 17:01:00,2026-03-04 20:04:00,0.13,1.0,high,,,{}
episode_rules_v9_9,Vt_605,Работа,2026-03-05 04:59:00,2026-03-05 06:12:00,0.05,1.0,high,,,{}
episode_rules_v9_9,Vt_605,Работа,2026-03-06 04:17:00,2026-03-11 11:10:00,5.29,1.0,high,,,{}
episode_rules_v9_9,Vt_605,Работа,2026-03-11 21:23:00,2026-03-13 15:44:00,1.76,1.0,high,,,{}
episode_rules_v9_9,Vt_605,Работа,2026-03-13 16:39:00,2026-03-16 15:49:00,2.97,1.0,high,,,{}
episode_rules_v9_9,Vt_605,Работа,2026-03-16 17:30:00,2026-03-17 01:58:00,0.35,1.0,high,,,{}
episode_rules_v9_9,Vt_605,Работа,2026-03-17 08:03:00,2026-03-17 16:29:00,0.35,1.0,high,,,{}
episode_rules_v9_9,Vt_605,Работа,2026-03-18 06:39:00,2026-03-19 11:05:00,1.18,1.0,high,,,{}
episode_rules_v9_9,Vt_605,Работа,2026-03-19 13:25:00,2026-03-19 16:15:00,0.12,1.0,high,,,{}
episode_rules_v9_9,Vt_605,Работа,2026-03-19 23:54:00,2026-03-23 17:02:00,3.71,1.0,high,,,{}
episode_rules_v9_9,Vt_605,Работа,2026-03-23 18:33:00,2026-03-24 19:08:00,1.02,1.0,high,,,{}
episode_rules_v9_9,Vt_605,Работа,2026-03-25 03:59:00,2026-03-25 16:21:00,0.52,1.0,high,,,{}
episode_rules_v9_9,Vt_605,Работа,2026-03-26 04:25:00,2026-03-27 06:27:00,1.08,1.0,high,,,{}
episode_rules_v9_9,Vt_605,Работа,2026-03-27 09:59:00,2026-03-29 14:10:00,2.17,1.0,high,,,{}
episode_rules_v9_9,Vt_605,Работа,2026-03-29 16:41:00,2026-04-01 16:54:00,3.01,1.0,high,,,{}
episode_rules_v9_9,Vt_605,Работа,2026-04-01 17:51:00,2026-04-08 04:07:00,6.43,1.0,high,,,{}
episode_rules_v9_9,Vt_605,Работа,2026-04-08 05:08:00,2026-04-12 17:08:00,4.5,1.0,high,,,{}
episode_rules_v9_9,Vt_605,Работа,2026-04-12 18:31:00,2026-04-18 15:57:00,5.89,1.0,high,,,{}
episode_rules_v9_9,Vt_605,Работа,2026-04-18 17:21:00,2026-04-24 03:36:00,5.43,1.0,high,,,{}
episode_rules_v9_9,Vt_605,Работа,2026-04-24 04:52:00,2026-04-28 22:21:00,4.73,1.0,high,,,{}
episode_rules_v9_9,Vt_605,Работа,2026-04-29 00:20:00,2026-05-01 23:01:00,2.95,1.0,high,,,{}
episode_rules_v9_9,Vt_605,Рост Кпрод,2025-01-01 00:00:00,2025-02-25 00:00:00,55.0,1.0,high,,,{}
episode_rules_v9_9,Vt_605,Рост обводненности,2025-02-11 00:00:00,2025-02-25 23:00:00,14.96,1.0,high,,,{}
episode_rules_v9_9,Vt_605,Рост обводненности,2025-02-28 00:00:00,2025-02-28 23:00:00,0.96,1.0,high,,,{}
episode_rules_v9_9,Vt_605,Рост обводненности,2025-03-04 00:00:00,2025-03-21 23:00:00,17.96,1.0,high,,,{}
episode_rules_v9_9,Vt_605,Рост обводненности,2025-04-18 00:00:00,2025-04-25 23:00:00,7.96,1.0,high,,,{}
episode_rules_v9_9,Vt_605,Рост обводненности,2025-05-09 00:00:00,2025-05-22 23:00:00,13.96,1.0,high,,,{}
episode_rules_v9_9,Vt_605,Рост обводненности,2025-06-19 00:00:00,2025-06-19 23:00:00,0.96,1.0,high,,,{}
episode_rules_v9_9,Vt_605,Рост обводненности,2025-07-23 00:00:00,2025-07-25 23:00:00,2.96,1.0,high,,,{}
episode_rules_v9_9,Vt_605,Рост обводненности,2025-10-06 00:00:00,2025-10-06 23:00:00,0.96,1.0,high,,,{}
episode_rules_v9_9,Vt_605,Рост обводненности,2025-10-09 00:00:00,2025-10-15 23:00:00,6.96,1.0,high,,,{}
episode_rules_v9_9,Vt_605,Рост обводненности,2025-11-30 00:00:00,2025-12-05 23:00:00,5.96,1.0,high,,,{}
episode_rules_v9_9,Vt_605,Рост обводненности,2026-03-09 00:00:00,2026-03-10 23:00:00,1.96,1.0,high,,,{}
episode_rules_v9_9,Vt_605,Рост обводненности,2026-03-13 00:00:00,2026-03-17 23:00:00,4.96,1.0,high,,,{}
episode_rules_v9_9,Vt_605,Рост обводненности,2026-03-31 00:00:00,2026-04-02 23:00:00,2.96,1.0,high,,,{}
episode_rules_v9_9,Vt_605,Рост обводненности,2026-04-07 00:00:00,2026-04-08 23:00:00,1.96,1.0,high,,,{}
episode_rules_v9_9,Vt_605,Снижение Кпрод,2025-03-04 00:00:00,2025-03-08 23:00:00,4.96,0.75,high,,,"{'ql_confirms': np.True_, 'ql_opz': None}"
episode_rules_v9_9,Vt_605,Снижение Кпрод,2025-03-18 00:00:00,2025-03-19 23:00:00,1.96,0.5,medium,,,"{'ql_confirms': None, 'ql_opz': None}"
episode_rules_v9_9,Vt_605,Снижение Кпрод,2025-04-18 00:00:00,2025-04-21 23:00:00,3.96,0.5,medium,,,"{'ql_confirms': None, 'ql_opz': None}"
episode_rules_v9_9,Vt_605,Снижение Кпрод,2025-06-16 00:00:00,2025-06-19 23:00:00,3.96,0.5,medium,,,"{'ql_confirms': None, 'ql_opz': None}"
episode_rules_v9_9,Vt_605,Снижение Кпрод,2026-03-23 00:00:00,2026-04-19 23:00:00,27.96,0.25,medium,,,"{'ql_confirms': np.False_, 'ql_opz': None}"
episode_rules_v9_9,Vt_605,Снижение Рпл,2025-01-01 00:00:00,2025-11-14 23:00:00,317.96,1.0,high,Снижение Рпл,0.781,"{'freq_stable': np.True_, 'ip_gradual': np.True_, 'ql_declining': np.True_}"
episode_rules_v9_9,Vt_605,Снижение Рпл,2026-03-21 23:30:00,2026-04-14 12:43:00,23.55,0.333,low,НУР,0.549,"{'freq_stable': np.False_, 'ip_gradual': np.True_, 'ql_declining': np.False_}"
episode_rules_v9_9,Vt_605,УВЧ,2025-03-13 00:00:00,2025-03-17 23:00:00,4.96,0.667,medium,,,"{'freq_net_ok': np.True_, 'freq_trend_up': True, 'ql_rises': False}"
episode_rules_v9_9,Vt_605,УВЧ,2025-05-14 00:00:00,2025-05-16 23:00:00,2.96,0.667,medium,,,"{'freq_net_ok': np.True_, 'freq_trend_up': True, 'ql_rises': False}"
episode_rules_v9_9,Vt_605,УВЧ,2025-05-22 00:00:00,2025-05-24 23:00:00,2.96,0.667,low,,,"{'freq_net_ok': np.False_, 'freq_trend_up': True, 'ql_rises': True}"
episode_rules_v9_9,Vt_605,УВЧ,2025-06-22 00:00:00,2025-07-07 23:00:00,15.96,0.333,low,,,"{'freq_net_ok': np.False_, 'freq_trend_up': False, 'ql_rises': True}"
episode_rules_v9_9,Vt_605,УВЧ,2025-07-23 00:00:00,2025-07-31 23:00:00,8.96,0.667,low,,,"{'freq_net_ok': np.False_, 'freq_trend_up': True, 'ql_rises': True}"
episode_rules_v9_9,Vt_605,УВЧ,2025-08-18 00:00:00,2025-08-24 23:00:00,6.96,0.5,low,,,"{'freq_net_ok': np.False_, 'freq_trend_up': True, 'ql_rises': None}"
episode_rules_v9_9,Vt_605,УВЧ,2025-10-21 00:00:00,2025-10-24 23:00:00,3.96,0.833,medium,,,"{'freq_net_ok': np.True_, 'freq_trend_up': True, 'ql_rises': None}"
episode_rules_v9_9,Vt_605,УВЧ,2025-11-02 00:00:00,2025-11-07 23:00:00,5.96,0.667,low,,,"{'freq_net_ok': np.False_, 'freq_trend_up': True, 'ql_rises': True}"
episode_rules_v9_9,Vt_605,УВЧ,2025-11-11 00:00:00,2025-11-13 23:00:00,2.96,0.667,low,,,"{'freq_net_ok': np.False_, 'freq_trend_up': True, 'ql_rises': True}"
episode_rules_v9_9,Vt_605,УВЧ,2026-02-21 00:00:00,2026-02-27 23:00:00,6.96,1.0,high,,,"{'freq_net_ok': np.True_, 'freq_trend_up': True, 'ql_rises': True}"
episode_rules_v9_9,Vt_605,УВЧ,2026-03-22 00:00:00,2026-03-31 23:00:00,9.96,0.667,low,,,"{'freq_net_ok': np.False_, 'freq_trend_up': True, 'ql_rises': True}"
episode_rules_v9_9,Vt_605,УВЧ,2026-04-02 00:00:00,2026-05-01 23:00:00,29.96,1.0,high,,,"{'freq_net_ok': np.True_, 'freq_trend_up': True, 'ql_rises': True}"
episode_rules_v9_9,Vt_606,ГДИ,2025-01-01 00:00:00,2025-04-03 05:00:00,92.21,1.0,high,,,"{'ip_kvd_rising': np.True_, 'ql_zero': True}"
episode_rules_v9_9,Vt_606,ГДИ,2025-04-03 19:56:00,2025-05-20 16:01:00,46.84,1.0,high,,,"{'ip_kvd_rising': np.True_, 'ql_zero': True}"
episode_rules_v9_9,Vt_606,ГДИ,2025-05-25 00:00:00,2025-06-17 00:00:00,23.0,0.5,low,,,"{'ip_kvd_rising': np.False_, 'ql_zero': True}"
episode_rules_v9_9,Vt_606,НУР,2025-06-23 00:00:00,2025-06-26 23:00:00,3.96,0.833,medium,НУР,0.27,"{'ip_no_spike': np.True_, 'ip_smooth': True, 'ql_recovers': None}"
episode_rules_v9_9,Vt_606,НУР,2025-07-13 00:00:00,2025-07-14 23:00:00,1.96,0.5,medium,НУР,0.214,"{'ip_no_spike': None, 'ip_smooth': None, 'ql_recovers': None}"
episode_rules_v9_9,Vt_606,НУР,2025-08-07 00:00:00,2025-08-15 23:00:00,8.96,0.833,medium,НУР,0.538,"{'ip_no_spike': np.True_, 'ip_smooth': True, 'ql_recovers': None}"
episode_rules_v9_9,Vt_606,НУР,2025-09-08 00:00:00,2025-09-11 23:00:00,3.96,0.667,medium,НУР,0.591,"{'ip_no_spike': np.True_, 'ip_smooth': True, 'ql_recovers': False}"
episode_rules_v9_9,Vt_606,НУР,2025-10-28 00:00:00,2025-11-03 23:00:00,6.96,0.667,medium,НУР,0.525,"{'ip_no_spike': np.True_, 'ip_smooth': True, 'ql_recovers': False}"
episode_rules_v9_9,Vt_606,НУР,2026-01-22 00:00:00,2026-01-26 23:00:00,4.96,0.833,medium,НУР,0.309,"{'ip_no_spike': np.True_, 'ip_smooth': True, 'ql_recovers': None}"
episode_rules_v9_9,Vt_606,НУР,2026-02-14 00:00:00,2026-02-15 23:00:00,1.96,0.5,medium,НУР,0.005,"{'ip_no_spike': None, 'ip_smooth': None, 'ql_recovers': None}"
episode_rules_v9_9,Vt_606,НУР,2026-03-11 00:00:00,2026-03-12 23:00:00,1.96,0.5,medium,Снижение Рпл,0.062,"{'ip_no_spike': None, 'ip_smooth': None, 'ql_recovers': None}"
episode_rules_v9_9,Vt_606,Осложнённый фонд,2025-09-18 00:00:00,2026-05-01 10:41:00,225.45,1.0,high,,,{}
episode_rules_v9_9,Vt_606,Остановка,2025-01-01 00:00:00,2025-04-03 05:00:00,92.21,1.0,high,,,{}
episode_rules_v9_9,Vt_606,Остановка,2025-04-03 19:56:00,2025-05-20 16:01:00,46.84,1.0,high,,,{}
episode_rules_v9_9,Vt_606,Остановка,2025-05-21 00:00:00,2025-05-24 16:59:00,3.71,1.0,high,,,{}
episode_rules_v9_9,Vt_606,Остановка,2025-05-25 00:00:00,2025-06-17 00:00:00,23.0,1.0,high,,,{}
episode_rules_v9_9,Vt_606,Остановка,2025-06-21 02:01:00,2025-06-22 04:02:00,1.08,1.0,high,,,{}
episode_rules_v9_9,Vt_606,Остановка,2025-06-27 04:06:00,2025-06-27 05:07:00,0.04,1.0,high,,,{}
episode_rules_v9_9,Vt_606,Остановка,2025-06-28 02:12:00,2025-06-28 03:07:00,0.04,1.0,high,,,{}
episode_rules_v9_9,Vt_606,Остановка,2025-06-30 01:40:00,2025-06-30 04:41:00,0.13,1.0,high,,,{}
episode_rules_v9_9,Vt_606,Остановка,2025-07-03 02:31:00,2025-07-03 04:58:00,0.1,1.0,high,,,{}
episode_rules_v9_9,Vt_606,Остановка,2025-07-06 09:08:00,2025-07-06 12:20:00,0.13,1.0,high,,,{}
episode_rules_v9_9,Vt_606,Остановка,2025-07-09 08:21:00,2025-07-09 11:39:00,0.14,1.0,high,,,{}
episode_rules_v9_9,Vt_606,Остановка,2025-07-12 12:22:00,2025-07-12 16:15:00,0.16,1.0,high,,,{}
episode_rules_v9_9,Vt_606,Остановка,2025-07-12 17:05:00,2025-07-13 00:00:00,0.29,1.0,high,,,{}
episode_rules_v9_9,Vt_606,Остановка,2025-07-15 14:33:00,2025-07-15 16:42:00,0.09,1.0,high,,,{}
episode_rules_v9_9,Vt_606,Остановка,2025-07-19 12:45:00,2025-07-19 14:53:00,0.09,1.0,high,,,{}
episode_rules_v9_9,Vt_606,Остановка,2025-07-20 00:42:00,2025-07-20 01:32:00,0.03,1.0,high,,,{}
episode_rules_v9_9,Vt_606,Остановка,2025-07-24 15:47:00,2025-07-24 18:03:00,0.09,1.0,high,,,{}
episode_rules_v9_9,Vt_606,Остановка,2025-08-01 14:54:00,2025-08-01 17:22:00,0.1,1.0,high,,,{}
episode_rules_v9_9,Vt_606,Остановка,2025-08-06 05:01:00,2025-08-06 06:53:00,0.08,1.0,high,,,{}
episode_rules_v9_9,Vt_606,Остановка,2025-08-07 10:52:00,2025-08-07 22:01:00,0.46,1.0,high,,,{}
episode_rules_v9_9,Vt_606,Остановка,2025-08-13 09:35:00,2025-08-13 11:58:00,0.1,1.0,high,,,{}
episode_rules_v9_9,Vt_606,Остановка,2025-08-18 10:33:00,2025-08-18 13:02:00,0.1,1.0,high,,,{}
episode_rules_v9_9,Vt_606,Остановка,2025-08-23 11:46:00,2025-08-23 14:50:00,0.13,1.0,high,,,{}
episode_rules_v9_9,Vt_606,Остановка,2025-08-30 15:36:00,2025-08-30 18:08:00,0.11,1.0,high,,,{}
episode_rules_v9_9,Vt_606,Остановка,2025-09-06 11:04:00,2025-09-06 13:29:00,0.1,1.0,high,,,{}
episode_rules_v9_9,Vt_606,Остановка,2025-09-07 10:01:00,2025-09-07 19:01:00,0.38,1.0,high,,,{}
episode_rules_v9_9,Vt_606,Остановка,2025-09-13 17:19:00,2025-09-13 19:46:00,0.1,1.0,high,,,{}
episode_rules_v9_9,Vt_606,Остановка,2025-09-19 09:47:00,2025-09-19 17:16:00,0.31,1.0,high,,,{}
episode_rules_v9_9,Vt_606,Остановка,2025-09-21 09:33:00,2025-09-21 12:46:00,0.13,1.0,high,,,{}
episode_rules_v9_9,Vt_606,Остановка,2025-09-29 00:30:00,2025-09-29 02:56:00,0.1,1.0,high,,,{}
episode_rules_v9_9,Vt_606,Остановка,2025-10-06 10:16:00,2025-10-06 12:57:00,0.11,1.0,high,,,{}
episode_rules_v9_9,Vt_606,Остановка,2025-10-15 00:22:00,2025-10-15 02:53:00,0.1,1.0,high,,,{}
episode_rules_v9_9,Vt_606,Остановка,2025-10-22 02:26:00,2025-10-22 04:59:00,0.11,1.0,high,,,{}
episode_rules_v9_9,Vt_606,Остановка,2025-10-27 00:00:00,2025-10-28 00:00:00,1.0,1.0,high,,,{}
episode_rules_v9_9,Vt_606,Остановка,2025-10-29 00:51:00,2025-10-29 04:59:00,0.17,1.0,high,,,{}
episode_rules_v9_9,Vt_606,Остановка,2025-11-06 03:40:00,2025-11-06 06:15:00,0.11,1.0,high,,,{}
episode_rules_v9_9,Vt_606,Остановка,2025-11-13 05:19:00,2025-11-13 06:26:00,0.05,1.0,high,,,{}
episode_rules_v9_9,Vt_606,Остановка,2025-11-18 09:50:00,2025-11-18 11:50:00,0.08,1.0,high,,,{}
episode_rules_v9_9,Vt_606,Остановка,2025-11-21 20:12:00,2025-11-21 21:07:00,0.04,1.0,high,,,{}
episode_rules_v9_9,Vt_606,Остановка,2025-11-29 05:10:00,2025-11-29 05:46:00,0.03,1.0,high,,,{}
episode_rules_v9_9,Vt_606,Остановка,2025-12-12 11:45:00,2025-12-12 13:53:00,0.09,1.0,high,,,{}
episode_rules_v9_9,Vt_606,Остановка,2025-12-16 11:23:00,2025-12-16 12:03:00,0.03,1.0,high,,,{}
episode_rules_v9_9,Vt_606,Остановка,2025-12-19 15:53:00,2025-12-19 18:45:00,0.12,1.0,high,,,{}
episode_rules_v9_9,Vt_606,Остановка,2025-12-21 22:03:00,2025-12-22 00:33:00,0.1,1.0,high,,,{}
episode_rules_v9_9,Vt_606,Остановка,2025-12-24 17:03:00,2025-12-24 19:27:00,0.1,1.0,high,,,{}
episode_rules_v9_9,Vt_606,Остановка,2025-12-26 11:09:00,2025-12-26 13:51:00,0.11,1.0,high,,,{}
episode_rules_v9_9,Vt_606,Остановка,2025-12-30 04:24:00,2025-12-30 07:20:00,0.12,1.0,high,,,{}
episode_rules_v9_9,Vt_606,Остановка,2026-01-02 00:40:00,2026-01-02 01:52:00,0.05,1.0,high,,,{}
episode_rules_v9_9,Vt_606,Остановка,2026-01-06 21:51:00,2026-01-07 00:35:00,0.11,1.0,high,,,{}
episode_rules_v9_9,Vt_606,Остановка,2026-01-11 21:59:00,2026-01-12 01:14:00,0.14,1.0,high,,,{}
episode_rules_v9_9,Vt_606,Остановка,2026-01-17 01:56:00,2026-01-17 04:59:00,0.13,1.0,high,,,{}
episode_rules_v9_9,Vt_606,Остановка,2026-01-17 18:35:00,2026-01-18 04:28:00,0.41,1.0,high,,,{}
episode_rules_v9_9,Vt_606,Остановка,2026-01-22 01:38:00,2026-01-22 12:25:00,0.45,1.0,high,,,{}
episode_rules_v9_9,Vt_606,Остановка,2026-01-27 08:26:00,2026-01-27 12:08:00,0.15,1.0,high,,,{}
episode_rules_v9_9,Vt_606,Остановка,2026-02-02 00:55:00,2026-02-02 04:35:00,0.15,1.0,high,,,{}
episode_rules_v9_9,Vt_606,Остановка,2026-02-05 12:00:00,2026-02-05 13:58:00,0.08,1.0,high,,,{}
episode_rules_v9_9,Vt_606,Остановка,2026-02-06 08:20:00,2026-02-06 10:44:00,0.1,1.0,high,,,{}
episode_rules_v9_9,Vt_606,Остановка,2026-02-07 02:18:00,2026-02-07 06:06:00,0.16,1.0,high,,,{}
episode_rules_v9_9,Vt_606,Остановка,2026-02-10 09:51:00,2026-02-10 11:42:00,0.08,1.0,high,,,{}
episode_rules_v9_9,Vt_606,Остановка,2026-02-11 07:29:00,2026-02-11 08:08:00,0.03,1.0,high,,,{}
episode_rules_v9_9,Vt_606,Остановка,2026-02-11 15:03:00,2026-02-11 17:25:00,0.1,1.0,high,,,{}
episode_rules_v9_9,Vt_606,Остановка,2026-02-13 07:37:00,2026-02-14 06:15:00,0.94,1.0,high,,,{}
episode_rules_v9_9,Vt_606,Остановка,2026-02-16 17:55:00,2026-02-16 20:56:00,0.13,1.0,high,,,{}
episode_rules_v9_9,Vt_606,Остановка,2026-02-21 13:10:00,2026-02-21 15:55:00,0.11,1.0,high,,,{}
episode_rules_v9_9,Vt_606,Остановка,2026-02-24 11:53:00,2026-02-24 13:03:00,0.05,1.0,high,,,{}
episode_rules_v9_9,Vt_606,Остановка,2026-02-26 00:00:00,2026-02-26 01:44:00,0.07,1.0,high,,,{}
episode_rules_v9_9,Vt_606,Остановка,2026-02-26 17:09:00,2026-02-26 21:22:00,0.18,1.0,high,,,{}
episode_rules_v9_9,Vt_606,Остановка,2026-02-28 21:59:00,2026-03-01 00:09:00,0.09,1.0,high,,,{}
episode_rules_v9_9,Vt_606,Остановка,2026-03-03 02:21:00,2026-03-03 05:26:00,0.13,1.0,high,,,{}
episode_rules_v9_9,Vt_606,Остановка,2026-03-07 14:07:00,2026-03-07 16:40:00,0.11,1.0,high,,,{}
episode_rules_v9_9,Vt_606,Остановка,2026-03-11 11:16:00,2026-03-11 21:32:00,0.43,1.0,high,,,{}
episode_rules_v9_9,Vt_606,Остановка,2026-03-14 01:54:00,2026-03-14 04:22:00,0.1,1.0,high,,,{}
episode_rules_v9_9,Vt_606,Остановка,2026-03-19 11:58:00,2026-03-19 14:17:00,0.1,1.0,high,,,{}
episode_rules_v9_9,Vt_606,Остановка,2026-03-22 04:00:00,2026-03-22 05:51:00,0.08,1.0,high,,,{}
episode_rules_v9_9,Vt_606,Остановка,2026-03-23 13:05:00,2026-03-23 18:09:00,0.21,1.0,high,,,{}
episode_rules_v9_9,Vt_606,Остановка,2026-03-26 15:47:00,2026-03-26 17:42:00,0.08,1.0,high,,,{}
episode_rules_v9_9,Vt_606,Остановка,2026-03-31 04:30:00,2026-03-31 04:59:00,0.02,1.0,high,,,{}
episode_rules_v9_9,Vt_606,Остановка,2026-04-04 14:55:00,2026-04-04 17:03:00,0.09,1.0,high,,,{}
episode_rules_v9_9,Vt_606,Остановка,2026-04-05 14:49:00,2026-04-05 17:40:00,0.12,1.0,high,,,{}
episode_rules_v9_9,Vt_606,Остановка,2026-04-07 21:43:00,2026-04-07 23:44:00,0.08,1.0,high,,,{}
episode_rules_v9_9,Vt_606,Остановка,2026-04-08 12:26:00,2026-04-08 16:57:00,0.19,1.0,high,,,{}
episode_rules_v9_9,Vt_606,Остановка,2026-04-12 12:10:00,2026-04-12 14:24:00,0.09,1.0,high,,,{}
episode_rules_v9_9,Vt_606,Остановка,2026-04-18 00:39:00,2026-04-18 03:04:00,0.1,1.0,high,,,{}
episode_rules_v9_9,Vt_606,Остановка,2026-04-21 16:36:00,2026-04-21 19:25:00,0.12,1.0,high,,,{}
episode_rules_v9_9,Vt_606,Остановка,2026-04-26 11:20:00,2026-04-26 12:24:00,0.04,1.0,high,,,{}
episode_rules_v9_9,Vt_606,Остановка,2026-04-30 21:09:00,2026-04-30 23:54:00,0.11,1.0,high,,,{}
episode_rules_v9_9,Vt_606,Периодическая работа,2025-06-08 00:00:00,2026-05-01 00:00:00,327.0,0.5,low,,,"{'ql_cyclic': np.True_, 'rhythm_ok': False}"
episode_rules_v9_9,Vt_606,РПТЧ,2025-06-22 04:02:00,2026-05-01 10:41:00,313.28,1.0,high,,,"{'ql_oscillates': np.True_, 'round_hz': np.True_}"
episode_rules_v9_9,Vt_606,Работа,2025-04-03 05:00:00,2025-04-03 19:56:00,0.62,1.0,high,,,{}
episode_rules_v9_9,Vt_606,Работа,2025-05-20 16:01:00,2025-05-21 00:00:00,0.33,1.0,high,,,{}
episode_rules_v9_9,Vt_606,Работа,2025-05-24 16:59:00,2025-05-25 00:00:00,0.29,1.0,high,,,{}
episode_rules_v9_9,Vt_606,Работа,2025-06-17 00:00:00,2025-06-18 00:00:00,1.0,1.0,high,,,{}
episode_rules_v9_9,Vt_606,Работа,2025-06-18 00:00:00,2025-06-21 02:01:00,3.08,1.0,high,,,{}
episode_rules_v9_9,Vt_606,Работа,2025-06-22 04:02:00,2025-06-27 04:06:00,5.0,1.0,high,,,{}
episode_rules_v9_9,Vt_606,Работа,2025-06-27 05:07:00,2025-06-28 02:12:00,0.88,1.0,high,,,{}
episode_rules_v9_9,Vt_606,Работа,2025-06-28 03:07:00,2025-06-30 01:40:00,1.94,1.0,high,,,{}
episode_rules_v9_9,Vt_606,Работа,2025-06-30 04:41:00,2025-07-03 02:31:00,2.91,1.0,high,,,{}
episode_rules_v9_9,Vt_606,Работа,2025-07-03 04:58:00,2025-07-06 09:08:00,3.17,1.0,high,,,{}
episode_rules_v9_9,Vt_606,Работа,2025-07-06 12:20:00,2025-07-09 08:21:00,2.83,1.0,high,,,{}
episode_rules_v9_9,Vt_606,Работа,2025-07-09 11:39:00,2025-07-12 12:22:00,3.03,1.0,high,,,{}
episode_rules_v9_9,Vt_606,Работа,2025-07-12 16:15:00,2025-07-12 17:05:00,0.03,1.0,high,,,{}
episode_rules_v9_9,Vt_606,Работа,2025-07-13 00:00:00,2025-07-15 14:33:00,2.61,1.0,high,,,{}
episode_rules_v9_9,Vt_606,Работа,2025-07-15 16:42:00,2025-07-19 12:45:00,3.84,1.0,high,,,{}
episode_rules_v9_9,Vt_606,Работа,2025-07-19 14:53:00,2025-07-20 00:42:00,0.41,1.0,high,,,{}
episode_rules_v9_9,Vt_606,Работа,2025-07-20 01:32:00,2025-07-24 15:47:00,4.59,1.0,high,,,{}
episode_rules_v9_9,Vt_606,Работа,2025-07-24 18:03:00,2025-08-01 14:54:00,7.87,1.0,high,,,{}
episode_rules_v9_9,Vt_606,Работа,2025-08-01 17:22:00,2025-08-06 05:01:00,4.49,1.0,high,,,{}
episode_rules_v9_9,Vt_606,Работа,2025-08-06 06:53:00,2025-08-07 10:52:00,1.17,1.0,high,,,{}
episode_rules_v9_9,Vt_606,Работа,2025-08-07 22:01:00,2025-08-13 09:35:00,5.48,1.0,high,,,{}
episode_rules_v9_9,Vt_606,Работа,2025-08-13 11:58:00,2025-08-18 10:33:00,4.94,1.0,high,,,{}
episode_rules_v9_9,Vt_606,Работа,2025-08-18 13:02:00,2025-08-23 11:46:00,4.95,1.0,high,,,{}
episode_rules_v9_9,Vt_606,Работа,2025-08-23 14:50:00,2025-08-30 15:36:00,7.03,1.0,high,,,{}
episode_rules_v9_9,Vt_606,Работа,2025-08-30 18:08:00,2025-09-06 11:04:00,6.71,1.0,high,,,{}
episode_rules_v9_9,Vt_606,Работа,2025-09-06 13:29:00,2025-09-07 10:01:00,0.86,1.0,high,,,{}
episode_rules_v9_9,Vt_606,Работа,2025-09-07 19:01:00,2025-09-13 17:19:00,5.93,1.0,high,,,{}
episode_rules_v9_9,Vt_606,Работа,2025-09-13 19:46:00,2025-09-19 09:47:00,5.58,1.0,high,,,{}
episode_rules_v9_9,Vt_606,Работа,2025-09-19 17:16:00,2025-09-21 09:33:00,1.68,1.0,high,,,{}
episode_rules_v9_9,Vt_606,Работа,2025-09-21 12:46:00,2025-09-29 00:30:00,7.49,1.0,high,,,{}
episode_rules_v9_9,Vt_606,Работа,2025-09-29 02:56:00,2025-10-06 10:16:00,7.31,1.0,high,,,{}
episode_rules_v9_9,Vt_606,Работа,2025-10-06 12:57:00,2025-10-15 00:22:00,8.48,1.0,high,,,{}
episode_rules_v9_9,Vt_606,Работа,2025-10-15 02:53:00,2025-10-22 02:26:00,6.98,1.0,high,,,{}
episode_rules_v9_9,Vt_606,Работа,2025-10-22 04:59:00,2025-10-27 00:00:00,4.79,1.0,high,,,{}
episode_rules_v9_9,Vt_606,Работа,2025-10-28 00:00:00,2025-10-29 00:51:00,1.04,1.0,high,,,{}
episode_rules_v9_9,Vt_606,Работа,2025-10-29 04:59:00,2025-11-06 03:40:00,7.95,1.0,high,,,{}
episode_rules_v9_9,Vt_606,Работа,2025-11-06 06:15:00,2025-11-13 05:19:00,6.96,1.0,high,,,{}
episode_rules_v9_9,Vt_606,Работа,2025-11-13 06:26:00,2025-11-18 09:50:00,5.14,1.0,high,,,{}
episode_rules_v9_9,Vt_606,Работа,2025-11-18 11:50:00,2025-11-21 20:12:00,3.35,1.0,high,,,{}
episode_rules_v9_9,Vt_606,Работа,2025-11-21 21:07:00,2025-11-29 05:10:00,7.34,1.0,high,,,{}
episode_rules_v9_9,Vt_606,Работа,2025-11-29 05:46:00,2025-12-12 11:45:00,13.25,1.0,high,,,{}
episode_rules_v9_9,Vt_606,Работа,2025-12-12 13:53:00,2025-12-16 11:23:00,3.9,1.0,high,,,{}
episode_rules_v9_9,Vt_606,Работа,2025-12-16 12:03:00,2025-12-19 15:53:00,3.16,1.0,high,,,{}
episode_rules_v9_9,Vt_606,Работа,2025-12-19 18:45:00,2025-12-21 22:03:00,2.14,1.0,high,,,{}
episode_rules_v9_9,Vt_606,Работа,2025-12-22 00:33:00,2025-12-24 17:03:00,2.69,1.0,high,,,{}
episode_rules_v9_9,Vt_606,Работа,2025-12-24 19:27:00,2025-12-26 11:09:00,1.65,1.0,high,,,{}
episode_rules_v9_9,Vt_606,Работа,2025-12-26 13:51:00,2025-12-30 04:24:00,3.61,1.0,high,,,{}
episode_rules_v9_9,Vt_606,Работа,2025-12-30 07:20:00,2026-01-02 00:40:00,2.72,1.0,high,,,{}
episode_rules_v9_9,Vt_606,Работа,2026-01-02 01:52:00,2026-01-06 21:51:00,4.83,1.0,high,,,{}
episode_rules_v9_9,Vt_606,Работа,2026-01-07 00:35:00,2026-01-11 21:59:00,4.89,1.0,high,,,{}
episode_rules_v9_9,Vt_606,Работа,2026-01-12 01:14:00,2026-01-17 01:56:00,5.03,1.0,high,,,{}
episode_rules_v9_9,Vt_606,Работа,2026-01-17 04:59:00,2026-01-17 18:35:00,0.57,1.0,high,,,{}
episode_rules_v9_9,Vt_606,Работа,2026-01-18 04:28:00,2026-01-22 01:38:00,3.88,1.0,high,,,{}
episode_rules_v9_9,Vt_606,Работа,2026-01-22 12:25:00,2026-01-27 08:26:00,4.83,1.0,high,,,{}
episode_rules_v9_9,Vt_606,Работа,2026-01-27 12:08:00,2026-02-02 00:55:00,5.53,1.0,high,,,{}
episode_rules_v9_9,Vt_606,Работа,2026-02-02 04:35:00,2026-02-05 12:00:00,3.31,1.0,high,,,{}
episode_rules_v9_9,Vt_606,Работа,2026-02-05 13:58:00,2026-02-06 08:20:00,0.77,1.0,high,,,{}
episode_rules_v9_9,Vt_606,Работа,2026-02-06 10:44:00,2026-02-07 02:18:00,0.65,1.0,high,,,{}
episode_rules_v9_9,Vt_606,Работа,2026-02-07 06:06:00,2026-02-10 09:51:00,3.16,1.0,high,,,{}
episode_rules_v9_9,Vt_606,Работа,2026-02-10 11:42:00,2026-02-11 07:29:00,0.82,1.0,high,,,{}
episode_rules_v9_9,Vt_606,Работа,2026-02-11 08:08:00,2026-02-11 15:03:00,0.29,1.0,high,,,{}
episode_rules_v9_9,Vt_606,Работа,2026-02-11 17:25:00,2026-02-13 07:37:00,1.59,1.0,high,,,{}
episode_rules_v9_9,Vt_606,Работа,2026-02-14 06:15:00,2026-02-16 17:55:00,2.49,1.0,high,,,{}
episode_rules_v9_9,Vt_606,Работа,2026-02-16 20:56:00,2026-02-21 13:10:00,4.68,1.0,high,,,{}
episode_rules_v9_9,Vt_606,Работа,2026-02-21 15:55:00,2026-02-24 11:53:00,2.83,1.0,high,,,{}
episode_rules_v9_9,Vt_606,Работа,2026-02-24 13:03:00,2026-02-26 00:00:00,1.46,1.0,high,,,{}
episode_rules_v9_9,Vt_606,Работа,2026-02-26 01:44:00,2026-02-26 17:09:00,0.64,1.0,high,,,{}
episode_rules_v9_9,Vt_606,Работа,2026-02-26 21:22:00,2026-02-28 21:59:00,2.03,1.0,high,,,{}
episode_rules_v9_9,Vt_606,Работа,2026-03-01 00:09:00,2026-03-03 02:21:00,2.09,1.0,high,,,{}
episode_rules_v9_9,Vt_606,Работа,2026-03-03 05:26:00,2026-03-07 14:07:00,4.36,1.0,high,,,{}
episode_rules_v9_9,Vt_606,Работа,2026-03-07 16:40:00,2026-03-11 11:16:00,3.77,1.0,high,,,{}
episode_rules_v9_9,Vt_606,Работа,2026-03-11 21:32:00,2026-03-14 01:54:00,2.18,1.0,high,,,{}
episode_rules_v9_9,Vt_606,Работа,2026-03-14 04:22:00,2026-03-19 11:58:00,5.32,1.0,high,,,{}
episode_rules_v9_9,Vt_606,Работа,2026-03-19 14:17:00,2026-03-22 04:00:00,2.57,1.0,high,,,{}
episode_rules_v9_9,Vt_606,Работа,2026-03-22 05:51:00,2026-03-23 13:05:00,1.3,1.0,high,,,{}
episode_rules_v9_9,Vt_606,Работа,2026-03-23 18:09:00,2026-03-26 15:47:00,2.9,1.0,high,,,{}
episode_rules_v9_9,Vt_606,Работа,2026-03-26 17:42:00,2026-03-31 04:30:00,4.45,1.0,high,,,{}
episode_rules_v9_9,Vt_606,Работа,2026-03-31 04:59:00,2026-04-04 14:55:00,4.41,1.0,high,,,{}
episode_rules_v9_9,Vt_606,Работа,2026-04-04 17:03:00,2026-04-05 14:49:00,0.91,1.0,high,,,{}
episode_rules_v9_9,Vt_606,Работа,2026-04-05 17:40:00,2026-04-07 21:43:00,2.17,1.0,high,,,{}
episode_rules_v9_9,Vt_606,Работа,2026-04-07 23:44:00,2026-04-08 12:26:00,0.53,1.0,high,,,{}
episode_rules_v9_9,Vt_606,Работа,2026-04-08 16:57:00,2026-04-12 12:10:00,3.8,1.0,high,,,{}
episode_rules_v9_9,Vt_606,Работа,2026-04-12 14:24:00,2026-04-18 00:39:00,5.43,1.0,high,,,{}
episode_rules_v9_9,Vt_606,Работа,2026-04-18 03:04:00,2026-04-21 16:36:00,3.56,1.0,high,,,{}
episode_rules_v9_9,Vt_606,Работа,2026-04-21 19:25:00,2026-04-26 11:20:00,4.66,1.0,high,,,{}
episode_rules_v9_9,Vt_606,Работа,2026-04-26 12:24:00,2026-04-30 21:09:00,4.36,1.0,high,,,{}
episode_rules_v9_9,Vt_606,Работа,2026-04-30 23:54:00,2026-05-01 10:41:00,0.45,1.0,high,,,{}
episode_rules_v9_9,Vt_606,Рост обводненности,2025-11-02 00:00:00,2025-11-04 23:00:00,2.96,1.0,high,,,{}
episode_rules_v9_9,Vt_606,Снижение Кпрод,2025-08-11 00:00:00,2025-08-17 23:00:00,6.96,0.5,medium,,,"{'ql_confirms': None, 'ql_opz': None}"
episode_rules_v9_9,Vt_606,Снижение Кпрод,2025-11-02 00:00:00,2025-11-06 23:00:00,4.96,0.5,medium,,,"{'ql_confirms': None, 'ql_opz': None}"
episode_rules_v9_9,Vt_606,Снижение Кпрод,2025-11-12 00:00:00,2025-11-13 23:00:00,1.96,0.5,medium,,,"{'ql_confirms': None, 'ql_opz': None}"
episode_rules_v9_9,Vt_606,Снижение Кпрод,2025-12-17 00:00:00,2025-12-19 23:00:00,2.96,0.5,medium,,,"{'ql_confirms': None, 'ql_opz': None}"
episode_rules_v9_9,Vt_606,Снижение Кпрод,2026-01-05 00:00:00,2026-01-16 23:00:00,11.96,0.5,medium,,,"{'ql_confirms': None, 'ql_opz': None}"
episode_rules_v9_9,Vt_606,Снижение Кпрод,2026-03-09 00:00:00,2026-03-14 23:00:00,5.96,0.5,medium,,,"{'ql_confirms': None, 'ql_opz': None}"
episode_rules_v9_9,Vt_606,Снижение Кпрод,2026-04-08 00:00:00,2026-04-08 23:00:00,0.96,0.5,medium,,,"{'ql_confirms': None, 'ql_opz': None}"
episode_rules_v9_9,Vt_606,Снижение Рпл,2025-08-24 14:01:00,2026-03-25 07:28:00,212.73,0.333,low,Снижение Рпл,0.103,"{'freq_stable': np.False_, 'ip_gradual': np.False_, 'ql_declining': np.True_}"
episode_rules_v9_9,Vt_606,УВЧ,2025-06-23 00:00:00,2025-07-13 23:00:00,20.96,0.833,medium,,,"{'freq_net_ok': np.True_, 'freq_trend_up': True, 'ql_rises': None}"
episode_rules_v9_9,Vt_606,УВЧ,2025-08-03 00:00:00,2025-10-08 23:00:00,66.96,1.0,high,,,"{'freq_net_ok': np.True_, 'freq_trend_up': True, 'ql_rises': True}"
episode_rules_v9_9,Vt_606,УВЧ,2025-11-27 00:00:00,2025-12-01 23:00:00,4.96,0.5,low,,,"{'freq_net_ok': np.False_, 'freq_trend_up': True, 'ql_rises': None}"
episode_rules_v9_9,Vt_606,УВЧ,2025-12-07 00:00:00,2025-12-10 23:00:00,3.96,1.0,high,,,"{'freq_net_ok': np.True_, 'freq_trend_up': True, 'ql_rises': True}"
episode_rules_v9_9,Vt_606,УВЧ,2025-12-11 00:00:00,2025-12-14 23:00:00,3.96,0.833,medium,,,"{'freq_net_ok': np.True_, 'freq_trend_up': True, 'ql_rises': None}"
episode_rules_v9_9,Vt_606,УВЧ,2025-12-18 00:00:00,2025-12-27 23:00:00,9.96,0.833,medium,,,"{'freq_net_ok': np.True_, 'freq_trend_up': True, 'ql_rises': None}"
episode_rules_v9_9,Vt_606,УВЧ,2026-01-14 00:00:00,2026-02-05 23:00:00,22.96,0.167,low,,,"{'freq_net_ok': np.False_, 'freq_trend_up': False, 'ql_rises': None}"
episode_rules_v9_9,Vt_606,УВЧ,2026-02-08 00:00:00,2026-02-17 23:00:00,9.96,0.667,medium,,,"{'freq_net_ok': np.True_, 'freq_trend_up': True, 'ql_rises': False}"
episode_rules_v9_9,Vt_606,УВЧ,2026-02-25 00:00:00,2026-03-04 23:00:00,7.96,0.833,medium,,,"{'freq_net_ok': np.True_, 'freq_trend_up': True, 'ql_rises': None}"
episode_rules_v9_9,Vt_606,УВЧ,2026-03-15 00:00:00,2026-03-17 23:00:00,2.96,0.833,medium,,,"{'freq_net_ok': np.True_, 'freq_trend_up': True, 'ql_rises': None}"
episode_rules_v9_9,Vt_606,УВЧ,2026-03-18 00:00:00,2026-03-24 23:00:00,6.96,0.833,medium,,,"{'freq_net_ok': np.True_, 'freq_trend_up': True, 'ql_rises': None}"
episode_rules_v9_9,Vt_606,УВЧ,2026-03-25 00:00:00,2026-03-28 23:00:00,3.96,0.833,medium,,,"{'freq_net_ok': np.True_, 'freq_trend_up': True, 'ql_rises': None}"
episode_rules_v9_9,Vt_606,УВЧ,2026-04-13 00:00:00,2026-04-15 23:00:00,2.96,0.167,low,,,"{'freq_net_ok': np.False_, 'freq_trend_up': False, 'ql_rises': None}"
episode_rules_v9_9,Vt_606,УВЧ,2026-04-29 00:00:00,2026-05-01 23:00:00,2.96,1.0,high,,,"{'freq_net_ok': np.True_, 'freq_trend_up': True, 'ql_rises': True}"
episode_rules_v9_9,Vt_655,ГДИ,2026-04-11 05:58:00,2026-04-13 16:19:00,2.43,1.0,high,,,"{'ip_kvd_rising': np.True_, 'ql_zero': True}"
episode_rules_v9_9,Vt_655,НУР,2025-01-07 00:00:00,2025-01-16 23:00:00,9.96,1.0,high,НУР,0.644,"{'ip_no_spike': np.True_, 'ip_smooth': True, 'ql_recovers': True}"
episode_rules_v9_9,Vt_655,НУР,2025-02-06 00:00:00,2025-02-14 23:00:00,8.96,0.667,medium,НУР,0.401,"{'ip_no_spike': np.True_, 'ip_smooth': True, 'ql_recovers': False}"
episode_rules_v9_9,Vt_655,НУР,2025-02-25 00:00:00,2025-03-02 23:00:00,5.96,0.833,medium,НУР,0.569,"{'ip_no_spike': np.True_, 'ip_smooth': True, 'ql_recovers': None}"
episode_rules_v9_9,Vt_655,НУР,2025-03-25 00:00:00,2025-03-31 23:00:00,6.96,0.833,medium,НУР,0.583,"{'ip_no_spike': np.True_, 'ip_smooth': True, 'ql_recovers': None}"
episode_rules_v9_9,Vt_655,НУР,2025-04-19 00:00:00,2025-04-26 23:00:00,7.96,0.667,medium,НУР,0.315,"{'ip_no_spike': np.True_, 'ip_smooth': True, 'ql_recovers': False}"
episode_rules_v9_9,Vt_655,НУР,2025-05-09 00:00:00,2025-05-12 23:00:00,3.96,0.833,medium,НУР,0.613,"{'ip_no_spike': np.True_, 'ip_smooth': True, 'ql_recovers': None}"
episode_rules_v9_9,Vt_655,НУР,2025-05-21 00:00:00,2025-05-23 23:00:00,2.96,0.5,low,НУР,0.327,"{'ip_no_spike': np.False_, 'ip_smooth': True, 'ql_recovers': None}"
episode_rules_v9_9,Vt_655,НУР,2025-05-26 00:00:00,2025-06-02 23:00:00,7.96,0.667,low,НУР,0.567,"{'ip_no_spike': np.False_, 'ip_smooth': True, 'ql_recovers': True}"
episode_rules_v9_9,Vt_655,НУР,2025-06-07 00:00:00,2025-06-17 23:00:00,10.96,1.0,high,НУР,0.802,"{'ip_no_spike': np.True_, 'ip_smooth': True, 'ql_recovers': True}"
episode_rules_v9_9,Vt_655,НУР,2025-06-21 00:00:00,2025-06-26 23:00:00,5.96,0.833,medium,НУР,0.591,"{'ip_no_spike': np.True_, 'ip_smooth': True, 'ql_recovers': None}"
episode_rules_v9_9,Vt_655,НУР,2025-06-30 00:00:00,2025-07-04 23:00:00,4.96,0.833,medium,НУР,0.572,"{'ip_no_spike': np.True_, 'ip_smooth': True, 'ql_recovers': None}"
episode_rules_v9_9,Vt_655,НУР,2025-07-08 00:00:00,2025-07-16 23:00:00,8.96,0.833,medium,НУР,0.607,"{'ip_no_spike': np.True_, 'ip_smooth': True, 'ql_recovers': None}"
episode_rules_v9_9,Vt_655,НУР,2025-07-18 00:00:00,2025-07-22 23:00:00,4.96,0.5,low,НУР,0.605,"{'ip_no_spike': np.False_, 'ip_smooth': True, 'ql_recovers': None}"
episode_rules_v9_9,Vt_655,НУР,2025-07-24 00:00:00,2025-07-27 23:00:00,3.96,0.833,medium,НУР,0.592,"{'ip_no_spike': np.True_, 'ip_smooth': True, 'ql_recovers': None}"
episode_rules_v9_9,Vt_655,НУР,2025-07-30 00:00:00,2025-08-21 23:00:00,22.96,0.833,medium,НУР,0.37,"{'ip_no_spike': np.True_, 'ip_smooth': True, 'ql_recovers': None}"
episode_rules_v9_9,Vt_655,НУР,2025-11-05 00:00:00,2025-12-05 23:00:00,30.96,0.833,medium,НУР,0.248,"{'ip_no_spike': np.True_, 'ip_smooth': True, 'ql_recovers': None}"
episode_rules_v9_9,Vt_655,НУР,2025-12-07 00:00:00,2025-12-14 23:00:00,7.96,0.833,medium,НУР,0.539,"{'ip_no_spike': np.True_, 'ip_smooth': True, 'ql_recovers': None}"
episode_rules_v9_9,Vt_655,НУР,2025-12-24 00:00:00,2025-12-26 23:00:00,2.96,0.833,medium,Снижение Рпл,0.096,"{'ip_no_spike': np.True_, 'ip_smooth': True, 'ql_recovers': None}"
episode_rules_v9_9,Vt_655,НУР,2026-01-02 00:00:00,2026-01-05 23:00:00,3.96,0.5,low,НУР,0.595,"{'ip_no_spike': np.False_, 'ip_smooth': True, 'ql_recovers': None}"
episode_rules_v9_9,Vt_655,НУР,2026-01-10 00:00:00,2026-01-16 23:00:00,6.96,0.5,low,НУР,0.52,"{'ip_no_spike': np.False_, 'ip_smooth': True, 'ql_recovers': None}"
episode_rules_v9_9,Vt_655,НУР,2026-02-01 00:00:00,2026-02-05 23:00:00,4.96,0.833,medium,НУР,0.527,"{'ip_no_spike': np.True_, 'ip_smooth': True, 'ql_recovers': None}"
episode_rules_v9_9,Vt_655,НУР,2026-04-14 00:00:00,2026-04-17 23:00:00,3.96,0.833,medium,НУР,0.579,"{'ip_no_spike': np.True_, 'ip_smooth': True, 'ql_recovers': None}"
episode_rules_v9_9,Vt_655,Осложнённый фонд,2025-01-01 00:00:00,2025-06-21 23:00:00,171.96,1.0,high,,,{}
episode_rules_v9_9,Vt_655,Остановка,2025-01-01 10:18:00,2025-01-01 12:15:00,0.08,1.0,high,,,{}
episode_rules_v9_9,Vt_655,Остановка,2025-01-02 13:13:00,2025-01-02 16:00:00,0.12,1.0,high,,,{}
episode_rules_v9_9,Vt_655,Остановка,2025-01-03 15:46:00,2025-01-03 20:00:00,0.18,1.0,high,,,{}
episode_rules_v9_9,Vt_655,Остановка,2025-01-04 21:45:00,2025-01-05 01:03:00,0.14,1.0,high,,,{}
episode_rules_v9_9,Vt_655,Остановка,2025-01-06 00:00:00,2025-01-07 01:38:00,1.07,1.0,high,,,{}
episode_rules_v9_9,Vt_655,Остановка,2025-01-07 21:30:00,2025-01-08 00:00:00,0.1,1.0,high,,,{}
episode_rules_v9_9,Vt_655,Остановка,2025-01-08 21:40:00,2025-01-08 23:45:00,0.09,1.0,high,,,{}
episode_rules_v9_9,Vt_655,Остановка,2025-01-09 21:50:00,2025-01-10 00:10:00,0.1,1.0,high,,,{}
episode_rules_v9_9,Vt_655,Остановка,2025-01-10 21:20:00,2025-01-10 23:43:00,0.1,1.0,high,,,{}
episode_rules_v9_9,Vt_655,Остановка,2025-01-11 22:33:00,2025-01-12 00:45:00,0.09,1.0,high,,,{}
episode_rules_v9_9,Vt_655,Остановка,2025-01-12 21:10:00,2025-01-12 23:20:00,0.09,1.0,high,,,{}
episode_rules_v9_9,Vt_655,Остановка,2025-01-13 21:35:00,2025-01-13 23:40:00,0.09,1.0,high,,,{}
episode_rules_v9_9,Vt_655,Остановка,2025-01-14 23:54:00,2025-01-15 01:58:00,0.09,1.0,high,,,{}
episode_rules_v9_9,Vt_655,Остановка,2025-01-15 21:50:00,2025-01-16 00:00:00,0.09,1.0,high,,,{}
episode_rules_v9_9,Vt_655,Остановка,2025-01-16 21:33:00,2025-01-17 00:10:00,0.11,1.0,high,,,{}
episode_rules_v9_9,Vt_655,Остановка,2025-01-17 20:31:00,2025-01-17 23:24:00,0.12,1.0,high,,,{}
episode_rules_v9_9,Vt_655,Остановка,2025-01-18 17:07:00,2025-01-18 21:40:00,0.19,1.0,high,,,{}
episode_rules_v9_9,Vt_655,Остановка,2025-01-18 21:59:00,2025-01-19 01:32:00,0.15,1.0,high,,,{}
episode_rules_v9_9,Vt_655,Остановка,2025-01-19 22:22:00,2025-01-20 00:17:00,0.08,1.0,high,,,{}
episode_rules_v9_9,Vt_655,Остановка,2025-01-20 17:43:00,2025-01-20 23:40:00,0.25,1.0,high,,,{}
episode_rules_v9_9,Vt_655,Остановка,2025-01-21 21:33:00,2025-01-21 23:44:00,0.09,1.0,high,,,{}
episode_rules_v9_9,Vt_655,Остановка,2025-01-23 02:46:00,2025-01-23 04:45:00,0.08,1.0,high,,,{}
episode_rules_v9_9,Vt_655,Остановка,2025-01-24 00:30:00,2025-01-24 02:35:00,0.09,1.0,high,,,{}
episode_rules_v9_9,Vt_655,Остановка,2025-01-25 09:50:00,2025-01-25 12:00:00,0.09,1.0,high,,,{}
episode_rules_v9_9,Vt_655,Остановка,2025-01-26 15:10:00,2025-01-26 17:10:00,0.08,1.0,high,,,{}
episode_rules_v9_9,Vt_655,Остановка,2025-01-27 21:20:00,2025-01-27 23:50:00,0.1,1.0,high,,,{}
episode_rules_v9_9,Vt_655,Остановка,2025-01-28 22:00:00,2025-01-29 00:10:00,0.09,1.0,high,,,{}
episode_rules_v9_9,Vt_655,Остановка,2025-01-30 00:30:00,2025-01-30 03:20:00,0.12,1.0,high,,,{}
episode_rules_v9_9,Vt_655,Остановка,2025-01-31 04:00:00,2025-01-31 06:00:00,0.08,1.0,high,,,{}
episode_rules_v9_9,Vt_655,Остановка,2025-02-01 10:20:00,2025-02-01 12:20:00,0.08,1.0,high,,,{}
episode_rules_v9_9,Vt_655,Остановка,2025-02-02 15:20:00,2025-02-02 17:00:00,0.07,1.0,high,,,{}
episode_rules_v9_9,Vt_655,Остановка,2025-02-04 06:10:00,2025-02-04 07:54:00,0.07,1.0,high,,,{}
episode_rules_v9_9,Vt_655,Остановка,2025-02-05 21:01:00,2025-02-06 11:53:00,0.62,1.0,high,,,{}
episode_rules_v9_9,Vt_655,Остановка,2025-02-09 04:20:00,2025-02-09 06:30:00,0.09,1.0,high,,,{}
episode_rules_v9_9,Vt_655,Остановка,2025-02-11 14:33:00,2025-02-11 16:55:00,0.1,1.0,high,,,{}
episode_rules_v9_9,Vt_655,Остановка,2025-02-13 22:44:00,2025-02-14 00:14:00,0.06,1.0,high,,,{}
episode_rules_v9_9,Vt_655,Остановка,2025-02-14 21:50:00,2025-02-14 23:45:00,0.08,1.0,high,,,{}
episode_rules_v9_9,Vt_655,Остановка,2025-02-17 17:30:00,2025-02-17 19:15:00,0.07,1.0,high,,,{}
episode_rules_v9_9,Vt_655,Остановка,2025-02-20 21:01:00,2025-02-20 23:44:00,0.11,1.0,high,,,{}
episode_rules_v9_9,Vt_655,Остановка,2025-02-21 22:45:00,2025-02-22 02:07:00,0.14,1.0,high,,,{}
episode_rules_v9_9,Vt_655,Остановка,2025-02-23 19:28:00,2025-02-23 21:12:00,0.07,1.0,high,,,{}
episode_rules_v9_9,Vt_655,Остановка,2025-02-24 01:21:00,2025-02-24 14:09:00,0.53,1.0,high,,,{}
episode_rules_v9_9,Vt_655,Остановка,2025-02-25 03:44:00,2025-02-25 07:17:00,0.15,1.0,high,,,{}
episode_rules_v9_9,Vt_655,Остановка,2025-02-25 12:31:00,2025-02-25 16:56:00,0.18,1.0,high,,,{}
episode_rules_v9_9,Vt_655,Остановка,2025-02-27 17:00:00,2025-02-27 19:44:00,0.11,1.0,high,,,{}
episode_rules_v9_9,Vt_655,Остановка,2025-03-03 00:42:00,2025-03-03 02:50:00,0.09,1.0,high,,,{}
episode_rules_v9_9,Vt_655,Остановка,2025-03-04 05:01:00,2025-03-04 08:18:00,0.14,1.0,high,,,{}
episode_rules_v9_9,Vt_655,Остановка,2025-03-04 10:32:00,2025-03-04 15:46:00,0.22,1.0,high,,,{}
episode_rules_v9_9,Vt_655,Остановка,2025-03-10 10:10:00,2025-03-10 13:25:00,0.14,1.0,high,,,{}
episode_rules_v9_9,Vt_655,Остановка,2025-03-16 20:44:00,2025-03-16 22:07:00,0.06,1.0,high,,,{}
episode_rules_v9_9,Vt_655,Остановка,2025-03-16 22:31:00,2025-03-17 00:08:00,0.07,1.0,high,,,{}
episode_rules_v9_9,Vt_655,Остановка,2025-03-17 10:30:00,2025-03-17 12:50:00,0.1,1.0,high,,,{}
episode_rules_v9_9,Vt_655,Остановка,2025-03-18 20:21:00,2025-03-18 22:49:00,0.1,1.0,high,,,{}
episode_rules_v9_9,Vt_655,Остановка,2025-03-24 10:20:00,2025-03-24 17:19:00,0.29,1.0,high,,,{}
episode_rules_v9_9,Vt_655,Остановка,2025-03-25 19:14:00,2025-03-25 21:22:00,0.09,1.0,high,,,{}
episode_rules_v9_9,Vt_655,Остановка,2025-04-08 02:15:00,2025-04-08 03:04:00,0.03,1.0,high,,,{}
episode_rules_v9_9,Vt_655,Остановка,2025-04-09 05:30:00,2025-04-09 07:17:00,0.07,1.0,high,,,{}
episode_rules_v9_9,Vt_655,Остановка,2025-04-12 06:43:00,2025-04-12 12:52:00,0.26,1.0,high,,,{}
episode_rules_v9_9,Vt_655,Остановка,2025-04-15 01:37:00,2025-04-15 04:21:00,0.11,1.0,high,,,{}
episode_rules_v9_9,Vt_655,Остановка,2025-04-15 15:39:00,2025-04-15 16:58:00,0.05,1.0,high,,,{}
episode_rules_v9_9,Vt_655,Остановка,2025-04-15 17:34:00,2025-04-15 18:53:00,0.05,1.0,high,,,{}
episode_rules_v9_9,Vt_655,Остановка,2025-04-16 07:04:00,2025-04-16 10:00:00,0.12,1.0,high,,,{}
episode_rules_v9_9,Vt_655,Остановка,2025-04-16 16:18:00,2025-04-17 00:50:00,0.36,1.0,high,,,{}
episode_rules_v9_9,Vt_655,Остановка,2025-04-17 23:14:00,2025-04-18 00:44:00,0.06,1.0,high,,,{}
episode_rules_v9_9,Vt_655,Остановка,2025-04-18 03:49:00,2025-04-18 04:36:00,0.03,1.0,high,,,{}
episode_rules_v9_9,Vt_655,Остановка,2025-04-18 04:49:00,2025-04-19 07:14:00,1.1,1.0,high,,,{}
episode_rules_v9_9,Vt_655,Остановка,2025-04-19 18:00:00,2025-04-19 19:11:00,0.05,1.0,high,,,{}
episode_rules_v9_9,Vt_655,Остановка,2025-04-23 01:30:00,2025-04-23 02:03:00,0.02,1.0,high,,,{}
episode_rules_v9_9,Vt_655,Остановка,2025-05-08 05:17:00,2025-05-08 23:45:00,0.77,1.0,high,,,{}
episode_rules_v9_9,Vt_655,Остановка,2025-05-13 16:16:00,2025-05-13 18:27:00,0.09,1.0,high,,,{}
episode_rules_v9_9,Vt_655,Остановка,2025-05-13 21:51:00,2025-05-14 00:37:00,0.12,1.0,high,,,{}
episode_rules_v9_9,Vt_655,Остановка,2025-05-16 01:43:00,2025-05-16 02:56:00,0.05,1.0,high,,,{}
episode_rules_v9_9,Vt_655,Остановка,2025-05-16 03:25:00,2025-05-16 12:38:00,0.38,1.0,high,,,{}
episode_rules_v9_9,Vt_655,Остановка,2025-05-17 11:26:00,2025-05-17 13:27:00,0.08,1.0,high,,,{}
episode_rules_v9_9,Vt_655,Остановка,2025-05-17 13:58:00,2025-05-17 20:39:00,0.28,1.0,high,,,{}
episode_rules_v9_9,Vt_655,Остановка,2025-05-20 21:18:00,2025-05-20 23:42:00,0.1,1.0,high,,,{}
episode_rules_v9_9,Vt_655,Остановка,2025-05-21 00:10:00,2025-05-21 04:54:00,0.2,1.0,high,,,{}
episode_rules_v9_9,Vt_655,Остановка,2025-05-21 05:20:00,2025-05-21 06:57:00,0.07,1.0,high,,,{}
episode_rules_v9_9,Vt_655,Остановка,2025-05-22 11:59:00,2025-05-22 18:07:00,0.26,1.0,high,,,{}
episode_rules_v9_9,Vt_655,Остановка,2025-05-24 03:09:00,2025-05-24 08:46:00,0.23,1.0,high,,,{}
episode_rules_v9_9,Vt_655,Остановка,2025-05-24 09:09:00,2025-05-24 14:53:00,0.24,1.0,high,,,{}
episode_rules_v9_9,Vt_655,Остановка,2025-05-24 15:25:00,2025-05-24 18:18:00,0.12,1.0,high,,,{}
episode_rules_v9_9,Vt_655,Остановка,2025-05-25 10:20:00,2025-05-25 13:36:00,0.14,1.0,high,,,{}
episode_rules_v9_9,Vt_655,Остановка,2025-05-25 21:30:00,2025-05-26 01:05:00,0.15,1.0,high,,,{}
episode_rules_v9_9,Vt_655,Остановка,2025-05-26 11:04:00,2025-05-26 12:33:00,0.06,1.0,high,,,{}
episode_rules_v9_9,Vt_655,Остановка,2025-05-26 13:10:00,2025-05-26 15:33:00,0.1,1.0,high,,,{}
episode_rules_v9_9,Vt_655,Остановка,2025-05-27 09:31:00,2025-05-27 16:21:00,0.28,1.0,high,,,{}
episode_rules_v9_9,Vt_655,Остановка,2025-05-29 15:56:00,2025-05-29 17:18:00,0.06,1.0,high,,,{}
episode_rules_v9_9,Vt_655,Остановка,2025-05-29 21:00:00,2025-05-30 16:14:00,0.8,1.0,high,,,{}
episode_rules_v9_9,Vt_655,Остановка,2025-06-06 12:10:00,2025-06-06 18:19:00,0.26,1.0,high,,,{}
episode_rules_v9_9,Vt_655,Остановка,2025-06-06 20:31:00,2025-06-07 04:35:00,0.34,1.0,high,,,{}
episode_rules_v9_9,Vt_655,Остановка,2025-06-07 05:39:00,2025-06-07 07:02:00,0.06,1.0,high,,,{}
episode_rules_v9_9,Vt_655,Остановка,2025-06-07 08:08:00,2025-06-07 21:24:00,0.55,1.0,high,,,{}
episode_rules_v9_9,Vt_655,Остановка,2025-06-08 10:28:00,2025-06-08 13:42:00,0.13,1.0,high,,,{}
episode_rules_v9_9,Vt_655,Остановка,2025-06-09 07:13:00,2025-06-09 09:39:00,0.1,1.0,high,,,{}
episode_rules_v9_9,Vt_655,Остановка,2025-06-10 21:20:00,2025-06-11 01:38:00,0.18,1.0,high,,,{}
episode_rules_v9_9,Vt_655,Остановка,2025-06-11 02:08:00,2025-06-11 03:26:00,0.05,1.0,high,,,{}
episode_rules_v9_9,Vt_655,Остановка,2025-06-11 07:47:00,2025-06-11 11:15:00,0.14,1.0,high,,,{}
episode_rules_v9_9,Vt_655,Остановка,2025-06-11 18:30:00,2025-06-11 22:24:00,0.16,1.0,high,,,{}
episode_rules_v9_9,Vt_655,Остановка,2025-06-12 04:22:00,2025-06-12 18:18:00,0.58,1.0,high,,,{}
episode_rules_v9_9,Vt_655,Остановка,2025-06-18 21:58:00,2025-06-19 00:00:00,0.08,1.0,high,,,{}
episode_rules_v9_9,Vt_655,Остановка,2025-06-19 01:04:00,2025-06-19 03:19:00,0.09,1.0,high,,,{}
episode_rules_v9_9,Vt_655,Остановка,2025-06-19 03:46:00,2025-06-19 09:16:00,0.23,1.0,high,,,{}
episode_rules_v9_9,Vt_655,Остановка,2025-06-19 16:19:00,2025-06-20 01:07:00,0.37,1.0,high,,,{}
episode_rules_v9_9,Vt_655,Остановка,2025-06-20 11:05:00,2025-06-20 19:06:00,0.33,1.0,high,,,{}
episode_rules_v9_9,Vt_655,Остановка,2025-06-20 20:15:00,2025-06-21 03:20:00,0.3,1.0,high,,,{}
episode_rules_v9_9,Vt_655,Остановка,2025-06-21 03:45:00,2025-06-21 04:43:00,0.04,1.0,high,,,{}
episode_rules_v9_9,Vt_655,Остановка,2025-06-21 05:07:00,2025-06-21 07:00:00,0.08,1.0,high,,,{}
episode_rules_v9_9,Vt_655,Остановка,2025-06-23 15:29:00,2025-06-23 17:04:00,0.07,1.0,high,,,{}
episode_rules_v9_9,Vt_655,Остановка,2025-06-23 22:30:00,2025-06-24 04:28:00,0.25,1.0,high,,,{}
episode_rules_v9_9,Vt_655,Остановка,2025-06-24 11:58:00,2025-06-24 13:59:00,0.08,1.0,high,,,{}
episode_rules_v9_9,Vt_655,Остановка,2025-06-27 19:56:00,2025-06-28 01:02:00,0.21,1.0,high,,,{}
episode_rules_v9_9,Vt_655,Остановка,2025-06-29 05:26:00,2025-06-29 14:45:00,0.39,1.0,high,,,{}
episode_rules_v9_9,Vt_655,Остановка,2025-06-29 21:04:00,2025-06-30 03:48:00,0.28,1.0,high,,,{}
episode_rules_v9_9,Vt_655,Остановка,2025-06-30 04:38:00,2025-06-30 06:26:00,0.07,1.0,high,,,{}
episode_rules_v9_9,Vt_655,Остановка,2025-07-05 03:34:00,2025-07-05 04:47:00,0.05,1.0,high,,,{}
episode_rules_v9_9,Vt_655,Остановка,2025-07-05 08:17:00,2025-07-05 12:20:00,0.17,1.0,high,,,{}
episode_rules_v9_9,Vt_655,Остановка,2025-07-06 09:20:00,2025-07-06 10:32:00,0.05,1.0,high,,,{}
episode_rules_v9_9,Vt_655,Остановка,2025-07-07 14:15:00,2025-07-07 15:52:00,0.07,1.0,high,,,{}
episode_rules_v9_9,Vt_655,Остановка,2025-07-07 16:15:00,2025-07-07 22:27:00,0.26,1.0,high,,,{}
episode_rules_v9_9,Vt_655,Остановка,2025-07-10 21:30:00,2025-07-11 11:45:00,0.59,1.0,high,,,{}
episode_rules_v9_9,Vt_655,Остановка,2025-07-13 07:30:00,2025-07-13 18:41:00,0.47,1.0,high,,,{}
episode_rules_v9_9,Vt_655,Остановка,2025-07-17 01:48:00,2025-07-17 06:59:00,0.22,1.0,high,,,{}
episode_rules_v9_9,Vt_655,Остановка,2025-07-17 11:43:00,2025-07-17 22:01:00,0.43,1.0,high,,,{}
episode_rules_v9_9,Vt_655,Остановка,2025-07-20 10:44:00,2025-07-20 12:07:00,0.06,1.0,high,,,{}
episode_rules_v9_9,Vt_655,Остановка,2025-07-20 14:49:00,2025-07-21 00:44:00,0.41,1.0,high,,,{}
episode_rules_v9_9,Vt_655,Остановка,2025-07-23 16:16:00,2025-07-23 19:15:00,0.12,1.0,high,,,{}
episode_rules_v9_9,Vt_655,Остановка,2025-07-25 13:17:00,2025-07-25 16:03:00,0.12,1.0,high,,,{}
episode_rules_v9_9,Vt_655,Остановка,2025-07-25 22:45:00,2025-07-26 01:06:00,0.1,1.0,high,,,{}
episode_rules_v9_9,Vt_655,Остановка,2025-07-27 12:46:00,2025-07-27 18:07:00,0.22,1.0,high,,,{}
episode_rules_v9_9,Vt_655,Остановка,2025-07-29 03:29:00,2025-07-29 07:51:00,0.18,1.0,high,,,{}
episode_rules_v9_9,Vt_655,Остановка,2025-07-29 08:17:00,2025-07-29 11:00:00,0.11,1.0,high,,,{}
episode_rules_v9_9,Vt_655,Остановка,2025-07-29 15:54:00,2025-07-30 02:11:00,0.43,1.0,high,,,{}
episode_rules_v9_9,Vt_655,Остановка,2025-08-01 13:03:00,2025-08-01 22:08:00,0.38,1.0,high,,,{}
episode_rules_v9_9,Vt_655,Остановка,2025-08-03 23:06:00,2025-08-04 04:46:00,0.24,1.0,high,,,{}
episode_rules_v9_9,Vt_655,Остановка,2025-08-04 10:50:00,2025-08-06 01:52:00,1.63,1.0,high,,,{}
episode_rules_v9_9,Vt_655,Остановка,2025-08-06 21:12:00,2025-08-07 04:59:00,0.32,1.0,high,,,{}
episode_rules_v9_9,Vt_655,Остановка,2025-08-07 18:19:00,2025-08-08 00:38:00,0.26,1.0,high,,,{}
episode_rules_v9_9,Vt_655,Остановка,2025-08-08 20:59:00,2025-08-09 01:02:00,0.17,1.0,high,,,{}
episode_rules_v9_9,Vt_655,Остановка,2025-08-09 02:59:00,2025-08-09 06:16:00,0.14,1.0,high,,,{}
episode_rules_v9_9,Vt_655,Остановка,2025-08-10 07:36:00,2025-08-10 17:20:00,0.41,1.0,high,,,{}
episode_rules_v9_9,Vt_655,Остановка,2025-08-10 18:47:00,2025-08-11 02:33:00,0.32,1.0,high,,,{}
episode_rules_v9_9,Vt_655,Остановка,2025-08-12 14:01:00,2025-08-12 21:24:00,0.31,1.0,high,,,{}
episode_rules_v9_9,Vt_655,Остановка,2025-08-13 19:04:00,2025-08-14 00:23:00,0.22,1.0,high,,,{}
episode_rules_v9_9,Vt_655,Остановка,2025-08-14 00:54:00,2025-08-14 07:16:00,0.27,1.0,high,,,{}
episode_rules_v9_9,Vt_655,Остановка,2025-08-15 06:13:00,2025-08-15 17:35:00,0.47,1.0,high,,,{}
episode_rules_v9_9,Vt_655,Остановка,2025-08-16 20:19:00,2025-08-17 13:02:00,0.7,1.0,high,,,{}
episode_rules_v9_9,Vt_655,Остановка,2025-08-18 09:02:00,2025-08-20 07:00:00,1.92,1.0,high,,,{}
episode_rules_v9_9,Vt_655,Остановка,2025-08-20 13:54:00,2025-08-20 21:26:00,0.31,1.0,high,,,{}
episode_rules_v9_9,Vt_655,Остановка,2025-08-21 00:43:00,2025-08-21 02:04:00,0.06,1.0,high,,,{}
episode_rules_v9_9,Vt_655,Остановка,2025-08-21 08:35:00,2025-08-22 01:55:00,0.72,1.0,high,,,{}
episode_rules_v9_9,Vt_655,Остановка,2025-08-24 15:49:00,2025-08-24 19:01:00,0.13,1.0,high,,,{}
episode_rules_v9_9,Vt_655,Остановка,2025-08-31 13:14:00,2025-08-31 17:22:00,0.17,1.0,high,,,{}
episode_rules_v9_9,Vt_655,Остановка,2025-09-02 07:23:00,2025-09-02 19:20:00,0.5,1.0,high,,,{}
episode_rules_v9_9,Vt_655,Остановка,2025-09-02 20:08:00,2025-09-03 02:43:00,0.27,1.0,high,,,{}
episode_rules_v9_9,Vt_655,Остановка,2025-09-05 00:00:00,2025-09-05 01:50:00,0.08,1.0,high,,,{}
episode_rules_v9_9,Vt_655,Остановка,2025-09-05 03:17:00,2025-09-05 04:54:00,0.07,1.0,high,,,{}
episode_rules_v9_9,Vt_655,Остановка,2025-09-06 00:00:00,2025-09-06 04:19:00,0.18,1.0,high,,,{}
episode_rules_v9_9,Vt_655,Остановка,2025-09-06 05:22:00,2025-09-06 16:32:00,0.47,1.0,high,,,{}
episode_rules_v9_9,Vt_655,Остановка,2025-09-08 03:43:00,2025-09-08 07:42:00,0.17,1.0,high,,,{}
episode_rules_v9_9,Vt_655,Остановка,2025-09-10 21:37:00,2025-09-11 02:30:00,0.2,1.0,high,,,{}
episode_rules_v9_9,Vt_655,Остановка,2025-09-12 00:00:00,2025-09-12 02:50:00,0.12,1.0,high,,,{}
episode_rules_v9_9,Vt_655,Остановка,2025-09-12 04:39:00,2025-09-13 22:56:00,1.76,1.0,high,,,{}
episode_rules_v9_9,Vt_655,Остановка,2025-09-14 14:40:00,2025-09-14 18:40:00,0.17,1.0,high,,,{}
episode_rules_v9_9,Vt_655,Остановка,2025-09-15 10:53:00,2025-11-04 10:25:00,49.98,1.0,high,,,{}
episode_rules_v9_9,Vt_655,Остановка,2025-12-03 03:33:00,2025-12-03 05:43:00,0.09,1.0,high,,,{}
episode_rules_v9_9,Vt_655,Остановка,2025-12-05 13:25:00,2025-12-06 06:57:00,0.73,1.0,high,,,{}
episode_rules_v9_9,Vt_655,Остановка,2025-12-09 11:02:00,2025-12-09 15:11:00,0.17,1.0,high,,,{}
episode_rules_v9_9,Vt_655,Остановка,2025-12-17 02:31:00,2025-12-17 04:49:00,0.1,1.0,high,,,{}
episode_rules_v9_9,Vt_655,Остановка,2025-12-23 19:12:00,2025-12-24 04:16:00,0.38,1.0,high,,,{}
episode_rules_v9_9,Vt_655,Остановка,2025-12-27 14:58:00,2025-12-28 01:59:00,0.46,1.0,high,,,{}
episode_rules_v9_9,Vt_655,Остановка,2025-12-29 19:23:00,2025-12-30 04:44:00,0.39,1.0,high,,,{}
episode_rules_v9_9,Vt_655,Остановка,2025-12-31 14:30:00,2025-12-31 18:11:00,0.15,1.0,high,,,{}
episode_rules_v9_9,Vt_655,Остановка,2026-01-01 09:07:00,2026-01-01 10:42:00,0.07,1.0,high,,,{}
episode_rules_v9_9,Vt_655,Остановка,2026-01-01 11:32:00,2026-01-01 15:08:00,0.15,1.0,high,,,{}
episode_rules_v9_9,Vt_655,Остановка,2026-01-01 18:32:00,2026-01-01 19:53:00,0.06,1.0,high,,,{}
episode_rules_v9_9,Vt_655,Остановка,2026-01-01 21:30:00,2026-01-02 02:14:00,0.2,1.0,high,,,{}
episode_rules_v9_9,Vt_655,Остановка,2026-01-03 22:46:00,2026-01-04 04:17:00,0.23,1.0,high,,,{}
episode_rules_v9_9,Vt_655,Остановка,2026-01-05 22:06:00,2026-01-06 19:04:00,0.87,1.0,high,,,{}
episode_rules_v9_9,Vt_655,Остановка,2026-01-08 18:28:00,2026-01-08 19:37:00,0.05,1.0,high,,,{}
episode_rules_v9_9,Vt_655,Остановка,2026-01-09 00:00:00,2026-01-09 00:41:00,0.03,1.0,high,,,{}
episode_rules_v9_9,Vt_655,Остановка,2026-01-09 09:48:00,2026-01-09 11:33:00,0.07,1.0,high,,,{}
episode_rules_v9_9,Vt_655,Остановка,2026-01-09 13:14:00,2026-01-09 14:44:00,0.06,1.0,high,,,{}
episode_rules_v9_9,Vt_655,Остановка,2026-01-09 22:40:00,2026-01-10 00:17:00,0.07,1.0,high,,,{}
episode_rules_v9_9,Vt_655,Остановка,2026-01-10 03:43:00,2026-01-10 11:18:00,0.32,1.0,high,,,{}
episode_rules_v9_9,Vt_655,Остановка,2026-01-12 18:26:00,2026-01-12 20:29:00,0.09,1.0,high,,,{}
episode_rules_v9_9,Vt_655,Остановка,2026-01-12 22:41:00,2026-01-13 01:10:00,0.1,1.0,high,,,{}
episode_rules_v9_9,Vt_655,Остановка,2026-01-13 08:33:00,2026-01-13 10:25:00,0.08,1.0,high,,,{}
episode_rules_v9_9,Vt_655,Остановка,2026-01-13 12:06:00,2026-01-13 16:26:00,0.18,1.0,high,,,{}
episode_rules_v9_9,Vt_655,Остановка,2026-01-13 17:11:00,2026-01-13 18:26:00,0.05,1.0,high,,,{}
episode_rules_v9_9,Vt_655,Остановка,2026-01-15 06:53:00,2026-01-15 07:59:00,0.05,1.0,high,,,{}
episode_rules_v9_9,Vt_655,Остановка,2026-01-15 23:47:00,2026-01-16 01:08:00,0.06,1.0,high,,,{}
episode_rules_v9_9,Vt_655,Остановка,2026-01-17 00:33:00,2026-01-17 01:33:00,0.04,1.0,high,,,{}
episode_rules_v9_9,Vt_655,Остановка,2026-01-17 03:27:00,2026-01-17 05:17:00,0.08,1.0,high,,,{}
episode_rules_v9_9,Vt_655,Остановка,2026-01-20 14:00:00,2026-01-20 15:14:00,0.05,1.0,high,,,{}
episode_rules_v9_9,Vt_655,Остановка,2026-01-20 18:26:00,2026-01-20 20:23:00,0.08,1.0,high,,,{}
episode_rules_v9_9,Vt_655,Остановка,2026-01-20 22:15:00,2026-01-21 01:16:00,0.13,1.0,high,,,{}
episode_rules_v9_9,Vt_655,Остановка,2026-01-22 17:10:00,2026-01-22 18:29:00,0.05,1.0,high,,,{}
episode_rules_v9_9,Vt_655,Остановка,2026-01-23 06:36:00,2026-01-23 09:26:00,0.12,1.0,high,,,{}
episode_rules_v9_9,Vt_655,Остановка,2026-01-23 11:45:00,2026-01-23 12:42:00,0.04,1.0,high,,,{}
episode_rules_v9_9,Vt_655,Остановка,2026-01-23 14:14:00,2026-01-23 16:10:00,0.08,1.0,high,,,{}
episode_rules_v9_9,Vt_655,Остановка,2026-01-24 00:20:00,2026-01-24 03:30:00,0.13,1.0,high,,,{}
episode_rules_v9_9,Vt_655,Остановка,2026-01-25 19:57:00,2026-01-25 21:57:00,0.08,1.0,high,,,{}
episode_rules_v9_9,Vt_655,Остановка,2026-01-27 11:51:00,2026-01-27 17:11:00,0.22,1.0,high,,,{}
episode_rules_v9_9,Vt_655,Остановка,2026-01-31 01:57:00,2026-01-31 04:05:00,0.09,1.0,high,,,{}
episode_rules_v9_9,Vt_655,Остановка,2026-01-31 07:38:00,2026-02-01 08:24:00,1.03,1.0,high,,,{}
episode_rules_v9_9,Vt_655,Остановка,2026-02-02 23:29:00,2026-02-03 01:16:00,0.07,1.0,high,,,{}
episode_rules_v9_9,Vt_655,Остановка,2026-02-04 14:49:00,2026-02-04 17:01:00,0.09,1.0,high,,,{}
episode_rules_v9_9,Vt_655,Остановка,2026-02-06 00:00:00,2026-02-06 00:45:00,0.03,1.0,high,,,{}
episode_rules_v9_9,Vt_655,Остановка,2026-02-06 21:47:00,2026-02-06 22:19:00,0.02,1.0,high,,,{}
episode_rules_v9_9,Vt_655,Остановка,2026-02-06 23:38:00,2026-02-07 02:43:00,0.13,1.0,high,,,{}
episode_rules_v9_9,Vt_655,Остановка,2026-02-09 00:00:00,2026-02-09 00:55:00,0.04,1.0,high,,,{}
episode_rules_v9_9,Vt_655,Остановка,2026-02-11 00:00:00,2026-02-11 00:52:00,0.04,1.0,high,,,{}
episode_rules_v9_9,Vt_655,Остановка,2026-02-13 15:44:00,2026-02-13 17:48:00,0.09,1.0,high,,,{}
episode_rules_v9_9,Vt_655,Остановка,2026-02-14 00:00:00,2026-02-14 00:50:00,0.03,1.0,high,,,{}
episode_rules_v9_9,Vt_655,Остановка,2026-02-14 18:50:00,2026-02-14 23:00:00,0.17,1.0,high,,,{}
episode_rules_v9_9,Vt_655,Остановка,2026-02-17 00:00:00,2026-02-17 00:45:00,0.03,1.0,high,,,{}
episode_rules_v9_9,Vt_655,Остановка,2026-02-18 00:59:00,2026-02-18 04:41:00,0.15,1.0,high,,,{}
episode_rules_v9_9,Vt_655,Остановка,2026-02-18 10:07:00,2026-02-18 10:44:00,0.03,1.0,high,,,{}
episode_rules_v9_9,Vt_655,Остановка,2026-02-19 15:06:00,2026-02-19 17:19:00,0.09,1.0,high,,,{}
episode_rules_v9_9,Vt_655,Остановка,2026-02-21 22:30:00,2026-02-21 23:21:00,0.04,1.0,high,,,{}
episode_rules_v9_9,Vt_655,Остановка,2026-02-23 15:34:00,2026-02-23 20:40:00,0.21,1.0,high,,,{}
episode_rules_v9_9,Vt_655,Остановка,2026-02-24 12:45:00,2026-02-24 13:16:00,0.02,1.0,high,,,{}
episode_rules_v9_9,Vt_655,Остановка,2026-02-25 05:44:00,2026-02-25 06:16:00,0.02,1.0,high,,,{}
episode_rules_v9_9,Vt_655,Остановка,2026-02-28 19:33:00,2026-02-28 20:07:00,0.02,1.0,high,,,{}
episode_rules_v9_9,Vt_655,Остановка,2026-02-28 21:08:00,2026-02-28 22:31:00,0.06,1.0,high,,,{}
episode_rules_v9_9,Vt_655,Остановка,2026-03-03 15:14:00,2026-03-03 15:46:00,0.02,1.0,high,,,{}
episode_rules_v9_9,Vt_655,Остановка,2026-03-04 13:53:00,2026-03-04 14:23:00,0.02,1.0,high,,,{}
episode_rules_v9_9,Vt_655,Остановка,2026-03-07 04:50:00,2026-03-07 06:21:00,0.06,1.0,high,,,{}
episode_rules_v9_9,Vt_655,Остановка,2026-03-07 07:02:00,2026-03-07 09:00:00,0.08,1.0,high,,,{}
episode_rules_v9_9,Vt_655,Остановка,2026-03-08 20:37:00,2026-03-08 23:21:00,0.11,1.0,high,,,{}
episode_rules_v9_9,Vt_655,Остановка,2026-03-11 20:54:00,2026-03-11 23:09:00,0.09,1.0,high,,,{}
episode_rules_v9_9,Vt_655,Остановка,2026-03-14 11:16:00,2026-03-14 12:32:00,0.05,1.0,high,,,{}
episode_rules_v9_9,Vt_655,Остановка,2026-03-16 23:00:00,2026-03-17 00:58:00,0.08,1.0,high,,,{}
episode_rules_v9_9,Vt_655,Остановка,2026-03-22 03:51:00,2026-03-22 04:39:00,0.03,1.0,high,,,{}
episode_rules_v9_9,Vt_655,Остановка,2026-03-22 05:01:00,2026-03-22 05:38:00,0.03,1.0,high,,,{}
episode_rules_v9_9,Vt_655,Остановка,2026-03-22 11:42:00,2026-03-22 14:00:00,0.1,1.0,high,,,{}
episode_rules_v9_9,Vt_655,Остановка,2026-03-23 20:33:00,2026-03-23 23:30:00,0.12,1.0,high,,,{}
episode_rules_v9_9,Vt_655,Остановка,2026-03-26 23:10:00,2026-03-27 00:11:00,0.04,1.0,high,,,{}
episode_rules_v9_9,Vt_655,Остановка,2026-03-29 11:12:00,2026-03-29 13:20:00,0.09,1.0,high,,,{}
episode_rules_v9_9,Vt_655,Остановка,2026-03-31 00:00:00,2026-03-31 00:36:00,0.03,1.0,high,,,{}
episode_rules_v9_9,Vt_655,Остановка,2026-04-05 10:12:00,2026-04-05 11:13:00,0.04,1.0,high,,,{}
episode_rules_v9_9,Vt_655,Остановка,2026-04-08 00:00:00,2026-04-08 00:44:00,0.03,1.0,high,,,{}
episode_rules_v9_9,Vt_655,Остановка,2026-04-08 02:01:00,2026-04-08 03:04:00,0.04,1.0,high,,,{}
episode_rules_v9_9,Vt_655,Остановка,2026-04-11 05:58:00,2026-04-13 16:19:00,2.43,1.0,high,,,{}
episode_rules_v9_9,Vt_655,Остановка,2026-04-13 23:06:00,2026-04-14 01:24:00,0.1,1.0,high,,,{}
episode_rules_v9_9,Vt_655,Остановка,2026-04-14 23:23:00,2026-04-15 01:51:00,0.1,1.0,high,,,{}
episode_rules_v9_9,Vt_655,Остановка,2026-04-15 11:34:00,2026-04-15 18:06:00,0.27,1.0,high,,,{}
episode_rules_v9_9,Vt_655,Остановка,2026-04-16 02:07:00,2026-04-16 03:17:00,0.05,1.0,high,,,{}
episode_rules_v9_9,Vt_655,Остановка,2026-04-16 22:16:00,2026-04-17 00:32:00,0.09,1.0,high,,,{}
episode_rules_v9_9,Vt_655,Остановка,2026-04-18 02:18:00,2026-04-18 03:40:00,0.06,1.0,high,,,{}
episode_rules_v9_9,Vt_655,Остановка,2026-04-22 00:00:00,2026-04-22 01:04:00,0.04,1.0,high,,,{}
episode_rules_v9_9,Vt_655,Остановка,2026-04-24 07:13:00,2026-04-24 11:00:00,0.16,1.0,high,,,{}
episode_rules_v9_9,Vt_655,Остановка,2026-04-29 19:00:00,2026-04-29 21:15:00,0.09,1.0,high,,,{}
episode_rules_v9_9,Vt_655,Остановка,2026-05-01 03:04:00,2026-05-01 04:12:00,0.05,1.0,high,,,{}
episode_rules_v9_9,Vt_655,Периодическая работа,2025-01-24 00:00:00,2025-09-28 00:00:00,247.0,0.5,low,,,"{'ql_cyclic': np.True_, 'rhythm_ok': False}"
episode_rules_v9_9,Vt_655,Периодическая работа,2025-11-10 00:00:00,2026-05-01 00:00:00,172.0,0.0,low,,,"{'ql_cyclic': np.False_, 'rhythm_ok': False}"
episode_rules_v9_9,Vt_655,РПТЧ,2025-01-07 01:38:00,2025-08-16 20:19:00,221.78,1.0,high,,,"{'ql_oscillates': np.True_, 'round_hz': np.True_}"
episode_rules_v9_9,Vt_655,РПТЧ,2025-11-04 10:25:00,2026-01-31 07:38:00,87.88,0.75,medium,,,"{'ql_oscillates': None, 'round_hz': np.True_}"
episode_rules_v9_9,Vt_655,Работа,2025-01-01 00:00:00,2025-01-01 10:18:00,0.43,1.0,high,,,{}
episode_rules_v9_9,Vt_655,Работа,2025-01-01 12:15:00,2025-01-02 13:13:00,1.04,1.0,high,,,{}
episode_rules_v9_9,Vt_655,Работа,2025-01-02 16:00:00,2025-01-03 15:46:00,0.99,1.0,high,,,{}
episode_rules_v9_9,Vt_655,Работа,2025-01-03 20:00:00,2025-01-04 21:45:00,1.07,1.0,high,,,{}
episode_rules_v9_9,Vt_655,Работа,2025-01-05 01:03:00,2025-01-06 00:00:00,0.96,1.0,high,,,{}
episode_rules_v9_9,Vt_655,Работа,2025-01-07 01:38:00,2025-01-07 21:30:00,0.83,1.0,high,,,{}
episode_rules_v9_9,Vt_655,Работа,2025-01-08 00:00:00,2025-01-08 21:40:00,0.9,1.0,high,,,{}
episode_rules_v9_9,Vt_655,Работа,2025-01-08 23:45:00,2025-01-09 21:50:00,0.92,1.0,high,,,{}
episode_rules_v9_9,Vt_655,Работа,2025-01-10 00:10:00,2025-01-10 21:20:00,0.88,1.0,high,,,{}
episode_rules_v9_9,Vt_655,Работа,2025-01-10 23:43:00,2025-01-11 22:33:00,0.95,1.0,high,,,{}
episode_rules_v9_9,Vt_655,Работа,2025-01-12 00:45:00,2025-01-12 21:10:00,0.85,1.0,high,,,{}
episode_rules_v9_9,Vt_655,Работа,2025-01-12 23:20:00,2025-01-13 21:35:00,0.93,1.0,high,,,{}
episode_rules_v9_9,Vt_655,Работа,2025-01-13 23:40:00,2025-01-14 23:54:00,1.01,1.0,high,,,{}
episode_rules_v9_9,Vt_655,Работа,2025-01-15 01:58:00,2025-01-15 21:50:00,0.83,1.0,high,,,{}
episode_rules_v9_9,Vt_655,Работа,2025-01-16 00:00:00,2025-01-16 21:33:00,0.9,1.0,high,,,{}
episode_rules_v9_9,Vt_655,Работа,2025-01-17 00:10:00,2025-01-17 20:31:00,0.85,1.0,high,,,{}
episode_rules_v9_9,Vt_655,Работа,2025-01-17 23:24:00,2025-01-18 17:07:00,0.74,1.0,high,,,{}
episode_rules_v9_9,Vt_655,Работа,2025-01-18 21:40:00,2025-01-18 21:59:00,0.01,1.0,high,,,{}
episode_rules_v9_9,Vt_655,Работа,2025-01-19 01:32:00,2025-01-19 22:22:00,0.87,1.0,high,,,{}
episode_rules_v9_9,Vt_655,Работа,2025-01-20 00:17:00,2025-01-20 17:43:00,0.73,1.0,high,,,{}
episode_rules_v9_9,Vt_655,Работа,2025-01-20 23:40:00,2025-01-21 21:33:00,0.91,1.0,high,,,{}
episode_rules_v9_9,Vt_655,Работа,2025-01-21 23:44:00,2025-01-23 02:46:00,1.13,1.0,high,,,{}
episode_rules_v9_9,Vt_655,Работа,2025-01-23 04:45:00,2025-01-24 00:30:00,0.82,1.0,high,,,{}
episode_rules_v9_9,Vt_655,Работа,2025-01-24 02:35:00,2025-01-25 09:50:00,1.3,1.0,high,,,{}
episode_rules_v9_9,Vt_655,Работа,2025-01-25 12:00:00,2025-01-26 15:10:00,1.13,1.0,high,,,{}
episode_rules_v9_9,Vt_655,Работа,2025-01-26 17:10:00,2025-01-27 21:20:00,1.17,1.0,high,,,{}
episode_rules_v9_9,Vt_655,Работа,2025-01-27 23:50:00,2025-01-28 22:00:00,0.92,1.0,high,,,{}
episode_rules_v9_9,Vt_655,Работа,2025-01-29 00:10:00,2025-01-30 00:30:00,1.01,1.0,high,,,{}
episode_rules_v9_9,Vt_655,Работа,2025-01-30 03:20:00,2025-01-31 04:00:00,1.03,1.0,high,,,{}
episode_rules_v9_9,Vt_655,Работа,2025-01-31 06:00:00,2025-02-01 10:20:00,1.18,1.0,high,,,{}
episode_rules_v9_9,Vt_655,Работа,2025-02-01 12:20:00,2025-02-02 15:20:00,1.12,1.0,high,,,{}
episode_rules_v9_9,Vt_655,Работа,2025-02-02 17:00:00,2025-02-04 06:10:00,1.55,1.0,high,,,{}
episode_rules_v9_9,Vt_655,Работа,2025-02-04 07:54:00,2025-02-05 21:01:00,1.55,1.0,high,,,{}
episode_rules_v9_9,Vt_655,Работа,2025-02-06 11:53:00,2025-02-09 04:20:00,2.69,1.0,high,,,{}
episode_rules_v9_9,Vt_655,Работа,2025-02-09 06:30:00,2025-02-11 14:33:00,2.34,1.0,high,,,{}
episode_rules_v9_9,Vt_655,Работа,2025-02-11 16:55:00,2025-02-13 22:44:00,2.24,1.0,high,,,{}
episode_rules_v9_9,Vt_655,Работа,2025-02-14 00:14:00,2025-02-14 21:50:00,0.9,1.0,high,,,{}
episode_rules_v9_9,Vt_655,Работа,2025-02-14 23:45:00,2025-02-17 17:30:00,2.74,1.0,high,,,{}
episode_rules_v9_9,Vt_655,Работа,2025-02-17 19:15:00,2025-02-20 21:01:00,3.07,1.0,high,,,{}
episode_rules_v9_9,Vt_655,Работа,2025-02-20 23:44:00,2025-02-21 22:45:00,0.96,1.0,high,,,{}
episode_rules_v9_9,Vt_655,Работа,2025-02-22 02:07:00,2025-02-23 19:28:00,1.72,1.0,high,,,{}
episode_rules_v9_9,Vt_655,Работа,2025-02-23 21:12:00,2025-02-24 01:21:00,0.17,1.0,high,,,{}
episode_rules_v9_9,Vt_655,Работа,2025-02-24 14:09:00,2025-02-25 03:44:00,0.57,1.0,high,,,{}
episode_rules_v9_9,Vt_655,Работа,2025-02-25 07:17:00,2025-02-25 12:31:00,0.22,1.0,high,,,{}
episode_rules_v9_9,Vt_655,Работа,2025-02-25 16:56:00,2025-02-27 17:00:00,2.0,1.0,high,,,{}
episode_rules_v9_9,Vt_655,Работа,2025-02-27 19:44:00,2025-03-03 00:42:00,3.21,1.0,high,,,{}
episode_rules_v9_9,Vt_655,Работа,2025-03-03 02:50:00,2025-03-04 05:01:00,1.09,1.0,high,,,{}
episode_rules_v9_9,Vt_655,Работа,2025-03-04 08:18:00,2025-03-04 10:32:00,0.09,1.0,high,,,{}
episode_rules_v9_9,Vt_655,Работа,2025-03-04 15:46:00,2025-03-10 10:10:00,5.77,1.0,high,,,{}
episode_rules_v9_9,Vt_655,Работа,2025-03-10 13:25:00,2025-03-16 20:44:00,6.3,1.0,high,,,{}
episode_rules_v9_9,Vt_655,Работа,2025-03-16 22:07:00,2025-03-16 22:31:00,0.02,1.0,high,,,{}
episode_rules_v9_9,Vt_655,Работа,2025-03-17 00:08:00,2025-03-17 10:30:00,0.43,1.0,high,,,{}
episode_rules_v9_9,Vt_655,Работа,2025-03-17 12:50:00,2025-03-18 20:21:00,1.31,1.0,high,,,{}
episode_rules_v9_9,Vt_655,Работа,2025-03-18 22:49:00,2025-03-24 10:20:00,5.48,1.0,high,,,{}
episode_rules_v9_9,Vt_655,Работа,2025-03-24 17:19:00,2025-03-25 19:14:00,1.08,1.0,high,,,{}
episode_rules_v9_9,Vt_655,Работа,2025-03-25 21:22:00,2025-04-08 02:15:00,13.2,1.0,high,,,{}
episode_rules_v9_9,Vt_655,Работа,2025-04-08 03:04:00,2025-04-09 05:30:00,1.1,1.0,high,,,{}
episode_rules_v9_9,Vt_655,Работа,2025-04-09 07:17:00,2025-04-12 06:43:00,2.98,1.0,high,,,{}
episode_rules_v9_9,Vt_655,Работа,2025-04-12 12:52:00,2025-04-15 01:37:00,2.53,1.0,high,,,{}
episode_rules_v9_9,Vt_655,Работа,2025-04-15 04:21:00,2025-04-15 15:39:00,0.47,1.0,high,,,{}
episode_rules_v9_9,Vt_655,Работа,2025-04-15 16:58:00,2025-04-15 17:34:00,0.03,1.0,high,,,{}
episode_rules_v9_9,Vt_655,Работа,2025-04-15 18:53:00,2025-04-16 07:04:00,0.51,1.0,high,,,{}
episode_rules_v9_9,Vt_655,Работа,2025-04-16 10:00:00,2025-04-16 16:18:00,0.26,1.0,high,,,{}
episode_rules_v9_9,Vt_655,Работа,2025-04-17 00:50:00,2025-04-17 23:14:00,0.93,1.0,high,,,{}
episode_rules_v9_9,Vt_655,Работа,2025-04-18 00:44:00,2025-04-18 03:49:00,0.13,1.0,high,,,{}
episode_rules_v9_9,Vt_655,Работа,2025-04-18 04:36:00,2025-04-18 04:49:00,0.01,1.0,high,,,{}
episode_rules_v9_9,Vt_655,Работа,2025-04-19 07:14:00,2025-04-19 18:00:00,0.45,1.0,high,,,{}
episode_rules_v9_9,Vt_655,Работа,2025-04-19 19:11:00,2025-04-23 01:30:00,3.26,1.0,high,,,{}
episode_rules_v9_9,Vt_655,Работа,2025-04-23 02:03:00,2025-05-08 05:17:00,15.13,1.0,high,,,{}
episode_rules_v9_9,Vt_655,Работа,2025-05-08 23:45:00,2025-05-13 16:16:00,4.69,1.0,high,,,{}
episode_rules_v9_9,Vt_655,Работа,2025-05-13 18:27:00,2025-05-13 21:51:00,0.14,1.0,high,,,{}
episode_rules_v9_9,Vt_655,Работа,2025-05-14 00:37:00,2025-05-16 01:43:00,2.05,1.0,high,,,{}
episode_rules_v9_9,Vt_655,Работа,2025-05-16 02:56:00,2025-05-16 03:25:00,0.02,1.0,high,,,{}
episode_rules_v9_9,Vt_655,Работа,2025-05-16 12:38:00,2025-05-17 11:26:00,0.95,1.0,high,,,{}
episode_rules_v9_9,Vt_655,Работа,2025-05-17 13:27:00,2025-05-17 13:58:00,0.02,1.0,high,,,{}
episode_rules_v9_9,Vt_655,Работа,2025-05-17 20:39:00,2025-05-20 21:18:00,3.03,1.0,high,,,{}
episode_rules_v9_9,Vt_655,Работа,2025-05-20 23:42:00,2025-05-21 00:10:00,0.02,1.0,high,,,{}
episode_rules_v9_9,Vt_655,Работа,2025-05-21 04:54:00,2025-05-21 05:20:00,0.02,1.0,high,,,{}
episode_rules_v9_9,Vt_655,Работа,2025-05-21 06:57:00,2025-05-22 11:59:00,1.21,1.0,high,,,{}
episode_rules_v9_9,Vt_655,Работа,2025-05-22 18:07:00,2025-05-24 03:09:00,1.38,1.0,high,,,{}
episode_rules_v9_9,Vt_655,Работа,2025-05-24 08:46:00,2025-05-24 09:09:00,0.02,1.0,high,,,{}
episode_rules_v9_9,Vt_655,Работа,2025-05-24 14:53:00,2025-05-24 15:25:00,0.02,1.0,high,,,{}
episode_rules_v9_9,Vt_655,Работа,2025-05-24 18:18:00,2025-05-25 10:20:00,0.67,1.0,high,,,{}
episode_rules_v9_9,Vt_655,Работа,2025-05-25 13:36:00,2025-05-25 21:30:00,0.33,1.0,high,,,{}
episode_rules_v9_9,Vt_655,Работа,2025-05-26 01:05:00,2025-05-26 11:04:00,0.42,1.0,high,,,{}
episode_rules_v9_9,Vt_655,Работа,2025-05-26 12:33:00,2025-05-26 13:10:00,0.03,1.0,high,,,{}
episode_rules_v9_9,Vt_655,Работа,2025-05-26 15:33:00,2025-05-27 09:31:00,0.75,1.0,high,,,{}
episode_rules_v9_9,Vt_655,Работа,2025-05-27 16:21:00,2025-05-29 15:56:00,1.98,1.0,high,,,{}
episode_rules_v9_9,Vt_655,Работа,2025-05-29 17:18:00,2025-05-29 21:00:00,0.15,1.0,high,,,{}
episode_rules_v9_9,Vt_655,Работа,2025-05-30 16:14:00,2025-06-06 12:10:00,6.83,1.0,high,,,{}
episode_rules_v9_9,Vt_655,Работа,2025-06-06 18:19:00,2025-06-06 20:31:00,0.09,1.0,high,,,{}
episode_rules_v9_9,Vt_655,Работа,2025-06-07 04:35:00,2025-06-07 05:39:00,0.04,1.0,high,,,{}
episode_rules_v9_9,Vt_655,Работа,2025-06-07 07:02:00,2025-06-07 08:08:00,0.05,1.0,high,,,{}
episode_rules_v9_9,Vt_655,Работа,2025-06-07 21:24:00,2025-06-08 10:28:00,0.54,1.0,high,,,{}
episode_rules_v9_9,Vt_655,Работа,2025-06-08 13:42:00,2025-06-09 07:13:00,0.73,1.0,high,,,{}
episode_rules_v9_9,Vt_655,Работа,2025-06-09 09:39:00,2025-06-10 21:20:00,1.49,1.0,high,,,{}
episode_rules_v9_9,Vt_655,Работа,2025-06-11 01:38:00,2025-06-11 02:08:00,0.02,1.0,high,,,{}
episode_rules_v9_9,Vt_655,Работа,2025-06-11 03:26:00,2025-06-11 07:47:00,0.18,1.0,high,,,{}
episode_rules_v9_9,Vt_655,Работа,2025-06-11 11:15:00,2025-06-11 18:30:00,0.3,1.0,high,,,{}
episode_rules_v9_9,Vt_655,Работа,2025-06-11 22:24:00,2025-06-12 04:22:00,0.25,1.0,high,,,{}
episode_rules_v9_9,Vt_655,Работа,2025-06-12 18:18:00,2025-06-18 21:58:00,6.15,1.0,high,,,{}
episode_rules_v9_9,Vt_655,Работа,2025-06-19 00:00:00,2025-06-19 01:04:00,0.04,1.0,high,,,{}
episode_rules_v9_9,Vt_655,Работа,2025-06-19 03:19:00,2025-06-19 03:46:00,0.02,1.0,high,,,{}
episode_rules_v9_9,Vt_655,Работа,2025-06-19 09:16:00,2025-06-19 16:19:00,0.29,1.0,high,,,{}
episode_rules_v9_9,Vt_655,Работа,2025-06-20 01:07:00,2025-06-20 11:05:00,0.42,1.0,high,,,{}
episode_rules_v9_9,Vt_655,Работа,2025-06-20 19:06:00,2025-06-20 20:15:00,0.05,1.0,high,,,{}
episode_rules_v9_9,Vt_655,Работа,2025-06-21 03:20:00,2025-06-21 03:45:00,0.02,1.0,high,,,{}
episode_rules_v9_9,Vt_655,Работа,2025-06-21 04:43:00,2025-06-21 05:07:00,0.02,1.0,high,,,{}
episode_rules_v9_9,Vt_655,Работа,2025-06-21 07:00:00,2025-06-23 15:29:00,2.35,1.0,high,,,{}
episode_rules_v9_9,Vt_655,Работа,2025-06-23 17:04:00,2025-06-23 22:30:00,0.23,1.0,high,,,{}
episode_rules_v9_9,Vt_655,Работа,2025-06-24 04:28:00,2025-06-24 11:58:00,0.31,1.0,high,,,{}
episode_rules_v9_9,Vt_655,Работа,2025-06-24 13:59:00,2025-06-27 19:56:00,3.25,1.0,high,,,{}
episode_rules_v9_9,Vt_655,Работа,2025-06-28 01:02:00,2025-06-29 05:26:00,1.18,1.0,high,,,{}
episode_rules_v9_9,Vt_655,Работа,2025-06-29 14:45:00,2025-06-29 21:04:00,0.26,1.0,high,,,{}
episode_rules_v9_9,Vt_655,Работа,2025-06-30 03:48:00,2025-06-30 04:38:00,0.03,1.0,high,,,{}
episode_rules_v9_9,Vt_655,Работа,2025-06-30 06:26:00,2025-07-05 03:34:00,4.88,1.0,high,,,{}
episode_rules_v9_9,Vt_655,Работа,2025-07-05 04:47:00,2025-07-05 08:17:00,0.15,1.0,high,,,{}
episode_rules_v9_9,Vt_655,Работа,2025-07-05 12:20:00,2025-07-06 09:20:00,0.88,1.0,high,,,{}
episode_rules_v9_9,Vt_655,Работа,2025-07-06 10:32:00,2025-07-07 14:15:00,1.15,1.0,high,,,{}
episode_rules_v9_9,Vt_655,Работа,2025-07-07 15:52:00,2025-07-07 16:15:00,0.02,1.0,high,,,{}
episode_rules_v9_9,Vt_655,Работа,2025-07-07 22:27:00,2025-07-10 21:30:00,2.96,1.0,high,,,{}
episode_rules_v9_9,Vt_655,Работа,2025-07-11 11:45:00,2025-07-13 07:30:00,1.82,1.0,high,,,{}
episode_rules_v9_9,Vt_655,Работа,2025-07-13 18:41:00,2025-07-17 01:48:00,3.3,1.0,high,,,{}
episode_rules_v9_9,Vt_655,Работа,2025-07-17 06:59:00,2025-07-17 11:43:00,0.2,1.0,high,,,{}
episode_rules_v9_9,Vt_655,Работа,2025-07-17 22:01:00,2025-07-20 10:44:00,2.53,1.0,high,,,{}
episode_rules_v9_9,Vt_655,Работа,2025-07-20 12:07:00,2025-07-20 14:49:00,0.11,1.0,high,,,{}
episode_rules_v9_9,Vt_655,Работа,2025-07-21 00:44:00,2025-07-23 16:16:00,2.65,1.0,high,,,{}
episode_rules_v9_9,Vt_655,Работа,2025-07-23 19:15:00,2025-07-25 13:17:00,1.75,1.0,high,,,{}
episode_rules_v9_9,Vt_655,Работа,2025-07-25 16:03:00,2025-07-25 22:45:00,0.28,1.0,high,,,{}
episode_rules_v9_9,Vt_655,Работа,2025-07-26 01:06:00,2025-07-27 12:46:00,1.49,1.0,high,,,{}
episode_rules_v9_9,Vt_655,Работа,2025-07-27 18:07:00,2025-07-29 03:29:00,1.39,1.0,high,,,{}
episode_rules_v9_9,Vt_655,Работа,2025-07-29 07:51:00,2025-07-29 08:17:00,0.02,1.0,high,,,{}
episode_rules_v9_9,Vt_655,Работа,2025-07-29 11:00:00,2025-07-29 15:54:00,0.2,1.0,high,,,{}
episode_rules_v9_9,Vt_655,Работа,2025-07-30 02:11:00,2025-08-01 13:03:00,2.45,1.0,high,,,{}
episode_rules_v9_9,Vt_655,Работа,2025-08-01 22:08:00,2025-08-03 23:06:00,2.04,1.0,high,,,{}
episode_rules_v9_9,Vt_655,Работа,2025-08-04 04:46:00,2025-08-04 10:50:00,0.25,1.0,high,,,{}
episode_rules_v9_9,Vt_655,Работа,2025-08-06 01:52:00,2025-08-06 21:12:00,0.81,1.0,high,,,{}
episode_rules_v9_9,Vt_655,Работа,2025-08-07 04:59:00,2025-08-07 18:19:00,0.56,1.0,high,,,{}
episode_rules_v9_9,Vt_655,Работа,2025-08-08 00:38:00,2025-08-08 20:59:00,0.85,1.0,high,,,{}
episode_rules_v9_9,Vt_655,Работа,2025-08-09 01:02:00,2025-08-09 02:59:00,0.08,1.0,high,,,{}
episode_rules_v9_9,Vt_655,Работа,2025-08-09 06:16:00,2025-08-10 07:36:00,1.06,1.0,high,,,{}
episode_rules_v9_9,Vt_655,Работа,2025-08-10 17:20:00,2025-08-10 18:47:00,0.06,1.0,high,,,{}
episode_rules_v9_9,Vt_655,Работа,2025-08-11 02:33:00,2025-08-12 14:01:00,1.48,1.0,high,,,{}
episode_rules_v9_9,Vt_655,Работа,2025-08-12 21:24:00,2025-08-13 19:04:00,0.9,1.0,high,,,{}
episode_rules_v9_9,Vt_655,Работа,2025-08-14 00:23:00,2025-08-14 00:54:00,0.02,1.0,high,,,{}
episode_rules_v9_9,Vt_655,Работа,2025-08-14 07:16:00,2025-08-15 06:13:00,0.96,1.0,high,,,{}
episode_rules_v9_9,Vt_655,Работа,2025-08-15 17:35:00,2025-08-16 20:19:00,1.11,1.0,high,,,{}
episode_rules_v9_9,Vt_655,Работа,2025-08-17 13:02:00,2025-08-18 09:02:00,0.83,1.0,high,,,{}
episode_rules_v9_9,Vt_655,Работа,2025-08-20 07:00:00,2025-08-20 13:54:00,0.29,1.0,high,,,{}
episode_rules_v9_9,Vt_655,Работа,2025-08-20 21:26:00,2025-08-21 00:43:00,0.14,1.0,high,,,{}
episode_rules_v9_9,Vt_655,Работа,2025-08-21 02:04:00,2025-08-21 08:35:00,0.27,1.0,high,,,{}
episode_rules_v9_9,Vt_655,Работа,2025-08-22 01:55:00,2025-08-24 15:49:00,2.58,1.0,high,,,{}
episode_rules_v9_9,Vt_655,Работа,2025-08-24 19:01:00,2025-08-31 13:14:00,6.76,1.0,high,,,{}
episode_rules_v9_9,Vt_655,Работа,2025-08-31 17:22:00,2025-09-02 07:23:00,1.58,1.0,high,,,{}
episode_rules_v9_9,Vt_655,Работа,2025-09-02 19:20:00,2025-09-02 20:08:00,0.03,1.0,high,,,{}
episode_rules_v9_9,Vt_655,Работа,2025-09-03 02:43:00,2025-09-05 00:00:00,1.89,1.0,high,,,{}
episode_rules_v9_9,Vt_655,Работа,2025-09-05 01:50:00,2025-09-05 03:17:00,0.06,1.0,high,,,{}
episode_rules_v9_9,Vt_655,Работа,2025-09-05 04:54:00,2025-09-06 00:00:00,0.8,1.0,high,,,{}
episode_rules_v9_9,Vt_655,Работа,2025-09-06 04:19:00,2025-09-06 05:22:00,0.04,1.0,high,,,{}
episode_rules_v9_9,Vt_655,Работа,2025-09-06 16:32:00,2025-09-08 03:43:00,1.47,1.0,high,,,{}
episode_rules_v9_9,Vt_655,Работа,2025-09-08 07:42:00,2025-09-10 21:37:00,2.58,1.0,high,,,{}
episode_rules_v9_9,Vt_655,Работа,2025-09-11 02:30:00,2025-09-12 00:00:00,0.9,1.0,high,,,{}
episode_rules_v9_9,Vt_655,Работа,2025-09-12 02:50:00,2025-09-12 04:39:00,0.08,1.0,high,,,{}
episode_rules_v9_9,Vt_655,Работа,2025-09-13 22:56:00,2025-09-14 14:40:00,0.66,1.0,high,,,{}
episode_rules_v9_9,Vt_655,Работа,2025-09-14 18:40:00,2025-09-15 10:53:00,0.68,1.0,high,,,{}
episode_rules_v9_9,Vt_655,Работа,2025-11-04 10:25:00,2025-12-03 03:33:00,28.71,1.0,high,,,{}
episode_rules_v9_9,Vt_655,Работа,2025-12-03 05:43:00,2025-12-05 13:25:00,2.32,1.0,high,,,{}
episode_rules_v9_9,Vt_655,Работа,2025-12-06 06:57:00,2025-12-09 11:02:00,3.17,1.0,high,,,{}
episode_rules_v9_9,Vt_655,Работа,2025-12-09 15:11:00,2025-12-17 02:31:00,7.47,1.0,high,,,{}
episode_rules_v9_9,Vt_655,Работа,2025-12-17 04:49:00,2025-12-23 19:12:00,6.6,1.0,high,,,{}
episode_rules_v9_9,Vt_655,Работа,2025-12-24 04:16:00,2025-12-27 14:58:00,3.45,1.0,high,,,{}
episode_rules_v9_9,Vt_655,Работа,2025-12-28 01:59:00,2025-12-29 19:23:00,1.73,1.0,high,,,{}
episode_rules_v9_9,Vt_655,Работа,2025-12-30 04:44:00,2025-12-31 14:30:00,1.41,1.0,high,,,{}
episode_rules_v9_9,Vt_655,Работа,2025-12-31 18:11:00,2026-01-01 09:07:00,0.62,1.0,high,,,{}
episode_rules_v9_9,Vt_655,Работа,2026-01-01 10:42:00,2026-01-01 11:32:00,0.03,1.0,high,,,{}
episode_rules_v9_9,Vt_655,Работа,2026-01-01 15:08:00,2026-01-01 18:32:00,0.14,1.0,high,,,{}
episode_rules_v9_9,Vt_655,Работа,2026-01-01 19:53:00,2026-01-01 21:30:00,0.07,1.0,high,,,{}
episode_rules_v9_9,Vt_655,Работа,2026-01-02 02:14:00,2026-01-03 22:46:00,1.86,1.0,high,,,{}
episode_rules_v9_9,Vt_655,Работа,2026-01-04 04:17:00,2026-01-05 22:06:00,1.74,1.0,high,,,{}
episode_rules_v9_9,Vt_655,Работа,2026-01-06 19:04:00,2026-01-08 18:28:00,1.98,1.0,high,,,{}
episode_rules_v9_9,Vt_655,Работа,2026-01-08 19:37:00,2026-01-09 00:00:00,0.18,1.0,high,,,{}
episode_rules_v9_9,Vt_655,Работа,2026-01-09 00:41:00,2026-01-09 09:48:00,0.38,1.0,high,,,{}
episode_rules_v9_9,Vt_655,Работа,2026-01-09 11:33:00,2026-01-09 13:14:00,0.07,1.0,high,,,{}
episode_rules_v9_9,Vt_655,Работа,2026-01-09 14:44:00,2026-01-09 22:40:00,0.33,1.0,high,,,{}
episode_rules_v9_9,Vt_655,Работа,2026-01-10 00:17:00,2026-01-10 03:43:00,0.14,1.0,high,,,{}
episode_rules_v9_9,Vt_655,Работа,2026-01-10 11:18:00,2026-01-12 18:26:00,2.3,1.0,high,,,{}
episode_rules_v9_9,Vt_655,Работа,2026-01-12 20:29:00,2026-01-12 22:41:00,0.09,1.0,high,,,{}
episode_rules_v9_9,Vt_655,Работа,2026-01-13 01:10:00,2026-01-13 08:33:00,0.31,1.0,high,,,{}
episode_rules_v9_9,Vt_655,Работа,2026-01-13 10:25:00,2026-01-13 12:06:00,0.07,1.0,high,,,{}
episode_rules_v9_9,Vt_655,Работа,2026-01-13 16:26:00,2026-01-13 17:11:00,0.03,1.0,high,,,{}
episode_rules_v9_9,Vt_655,Работа,2026-01-13 18:26:00,2026-01-15 06:53:00,1.52,1.0,high,,,{}
episode_rules_v9_9,Vt_655,Работа,2026-01-15 07:59:00,2026-01-15 23:47:00,0.66,1.0,high,,,{}
episode_rules_v9_9,Vt_655,Работа,2026-01-16 01:08:00,2026-01-17 00:33:00,0.98,1.0,high,,,{}
episode_rules_v9_9,Vt_655,Работа,2026-01-17 01:33:00,2026-01-17 03:27:00,0.08,1.0,high,,,{}
episode_rules_v9_9,Vt_655,Работа,2026-01-17 05:17:00,2026-01-20 14:00:00,3.36,1.0,high,,,{}
episode_rules_v9_9,Vt_655,Работа,2026-01-20 15:14:00,2026-01-20 18:26:00,0.13,1.0,high,,,{}
episode_rules_v9_9,Vt_655,Работа,2026-01-20 20:23:00,2026-01-20 22:15:00,0.08,1.0,high,,,{}
episode_rules_v9_9,Vt_655,Работа,2026-01-21 01:16:00,2026-01-22 17:10:00,1.66,1.0,high,,,{}
episode_rules_v9_9,Vt_655,Работа,2026-01-22 18:29:00,2026-01-23 06:36:00,0.5,1.0,high,,,{}
episode_rules_v9_9,Vt_655,Работа,2026-01-23 09:26:00,2026-01-23 11:45:00,0.1,1.0,high,,,{}
episode_rules_v9_9,Vt_655,Работа,2026-01-23 12:42:00,2026-01-23 14:14:00,0.06,1.0,high,,,{}
episode_rules_v9_9,Vt_655,Работа,2026-01-23 16:10:00,2026-01-24 00:20:00,0.34,1.0,high,,,{}
episode_rules_v9_9,Vt_655,Работа,2026-01-24 03:30:00,2026-01-25 19:57:00,1.69,1.0,high,,,{}
episode_rules_v9_9,Vt_655,Работа,2026-01-25 21:57:00,2026-01-27 11:51:00,1.58,1.0,high,,,{}
episode_rules_v9_9,Vt_655,Работа,2026-01-27 17:11:00,2026-01-31 01:57:00,3.37,1.0,high,,,{}
episode_rules_v9_9,Vt_655,Работа,2026-01-31 04:05:00,2026-01-31 07:38:00,0.15,1.0,high,,,{}
episode_rules_v9_9,Vt_655,Работа,2026-02-01 08:24:00,2026-02-02 23:29:00,1.63,1.0,high,,,{}
episode_rules_v9_9,Vt_655,Работа,2026-02-03 01:16:00,2026-02-04 14:49:00,1.56,1.0,high,,,{}
episode_rules_v9_9,Vt_655,Работа,2026-02-04 17:01:00,2026-02-06 00:00:00,1.29,1.0,high,,,{}
episode_rules_v9_9,Vt_655,Работа,2026-02-06 00:45:00,2026-02-06 21:47:00,0.88,1.0,high,,,{}
episode_rules_v9_9,Vt_655,Работа,2026-02-06 22:19:00,2026-02-06 23:38:00,0.05,1.0,high,,,{}
episode_rules_v9_9,Vt_655,Работа,2026-02-07 02:43:00,2026-02-09 00:00:00,1.89,1.0,high,,,{}
episode_rules_v9_9,Vt_655,Работа,2026-02-09 00:55:00,2026-02-11 00:00:00,1.96,1.0,high,,,{}
episode_rules_v9_9,Vt_655,Работа,2026-02-11 00:52:00,2026-02-13 15:44:00,2.62,1.0,high,,,{}
episode_rules_v9_9,Vt_655,Работа,2026-02-13 17:48:00,2026-02-14 00:00:00,0.26,1.0,high,,,{}
episode_rules_v9_9,Vt_655,Работа,2026-02-14 00:50:00,2026-02-14 18:50:00,0.75,1.0,high,,,{}
episode_rules_v9_9,Vt_655,Работа,2026-02-14 23:00:00,2026-02-17 00:00:00,2.04,1.0,high,,,{}
episode_rules_v9_9,Vt_655,Работа,2026-02-17 00:45:00,2026-02-18 00:59:00,1.01,1.0,high,,,{}
episode_rules_v9_9,Vt_655,Работа,2026-02-18 04:41:00,2026-02-18 10:07:00,0.23,1.0,high,,,{}
episode_rules_v9_9,Vt_655,Работа,2026-02-18 10:44:00,2026-02-19 15:06:00,1.18,1.0,high,,,{}
episode_rules_v9_9,Vt_655,Работа,2026-02-19 17:19:00,2026-02-21 22:30:00,2.22,1.0,high,,,{}
episode_rules_v9_9,Vt_655,Работа,2026-02-21 23:21:00,2026-02-23 15:34:00,1.68,1.0,high,,,{}
episode_rules_v9_9,Vt_655,Работа,2026-02-23 20:40:00,2026-02-24 12:45:00,0.67,1.0,high,,,{}
episode_rules_v9_9,Vt_655,Работа,2026-02-24 13:16:00,2026-02-25 05:44:00,0.69,1.0,high,,,{}
episode_rules_v9_9,Vt_655,Работа,2026-02-25 06:16:00,2026-02-28 19:33:00,3.55,1.0,high,,,{}
episode_rules_v9_9,Vt_655,Работа,2026-02-28 20:07:00,2026-02-28 21:08:00,0.04,1.0,high,,,{}
episode_rules_v9_9,Vt_655,Работа,2026-02-28 22:31:00,2026-03-03 15:14:00,2.7,1.0,high,,,{}
episode_rules_v9_9,Vt_655,Работа,2026-03-03 15:46:00,2026-03-04 13:53:00,0.92,1.0,high,,,{}
episode_rules_v9_9,Vt_655,Работа,2026-03-04 14:23:00,2026-03-07 04:50:00,2.6,1.0,high,,,{}
episode_rules_v9_9,Vt_655,Работа,2026-03-07 06:21:00,2026-03-07 07:02:00,0.03,1.0,high,,,{}
episode_rules_v9_9,Vt_655,Работа,2026-03-07 09:00:00,2026-03-08 20:37:00,1.48,1.0,high,,,{}
episode_rules_v9_9,Vt_655,Работа,2026-03-08 23:21:00,2026-03-11 20:54:00,2.9,1.0,high,,,{}
episode_rules_v9_9,Vt_655,Работа,2026-03-11 23:09:00,2026-03-14 11:16:00,2.5,1.0,high,,,{}
episode_rules_v9_9,Vt_655,Работа,2026-03-14 12:32:00,2026-03-16 23:00:00,2.44,1.0,high,,,{}
episode_rules_v9_9,Vt_655,Работа,2026-03-17 00:58:00,2026-03-22 03:51:00,5.12,1.0,high,,,{}
episode_rules_v9_9,Vt_655,Работа,2026-03-22 04:39:00,2026-03-22 05:01:00,0.02,1.0,high,,,{}
episode_rules_v9_9,Vt_655,Работа,2026-03-22 05:38:00,2026-03-22 11:42:00,0.25,1.0,high,,,{}
episode_rules_v9_9,Vt_655,Работа,2026-03-22 14:00:00,2026-03-23 20:33:00,1.27,1.0,high,,,{}
episode_rules_v9_9,Vt_655,Работа,2026-03-23 23:30:00,2026-03-26 23:10:00,2.99,1.0,high,,,{}
episode_rules_v9_9,Vt_655,Работа,2026-03-27 00:11:00,2026-03-29 11:12:00,2.46,1.0,high,,,{}
episode_rules_v9_9,Vt_655,Работа,2026-03-29 13:20:00,2026-03-31 00:00:00,1.44,1.0,high,,,{}
episode_rules_v9_9,Vt_655,Работа,2026-03-31 00:36:00,2026-04-05 10:12:00,5.4,1.0,high,,,{}
episode_rules_v9_9,Vt_655,Работа,2026-04-05 11:13:00,2026-04-08 00:00:00,2.53,1.0,high,,,{}
episode_rules_v9_9,Vt_655,Работа,2026-04-08 00:44:00,2026-04-08 02:01:00,0.05,1.0,high,,,{}
episode_rules_v9_9,Vt_655,Работа,2026-04-08 03:04:00,2026-04-11 05:58:00,3.12,1.0,high,,,{}
episode_rules_v9_9,Vt_655,Работа,2026-04-13 16:19:00,2026-04-13 23:06:00,0.28,1.0,high,,,{}
episode_rules_v9_9,Vt_655,Работа,2026-04-14 01:24:00,2026-04-14 23:23:00,0.92,1.0,high,,,{}
episode_rules_v9_9,Vt_655,Работа,2026-04-15 01:51:00,2026-04-15 11:34:00,0.4,1.0,high,,,{}
episode_rules_v9_9,Vt_655,Работа,2026-04-15 18:06:00,2026-04-16 02:07:00,0.33,1.0,high,,,{}
episode_rules_v9_9,Vt_655,Работа,2026-04-16 03:17:00,2026-04-16 22:16:00,0.79,1.0,high,,,{}
episode_rules_v9_9,Vt_655,Работа,2026-04-17 00:32:00,2026-04-18 02:18:00,1.07,1.0,high,,,{}
episode_rules_v9_9,Vt_655,Работа,2026-04-18 03:40:00,2026-04-22 00:00:00,3.85,1.0,high,,,{}
episode_rules_v9_9,Vt_655,Работа,2026-04-22 01:04:00,2026-04-24 07:13:00,2.26,1.0,high,,,{}
episode_rules_v9_9,Vt_655,Работа,2026-04-24 11:00:00,2026-04-29 19:00:00,5.33,1.0,high,,,{}
episode_rules_v9_9,Vt_655,Работа,2026-04-29 21:15:00,2026-05-01 03:04:00,1.24,1.0,high,,,{}
episode_rules_v9_9,Vt_655,Работа,2026-05-01 04:12:00,2026-05-01 22:46:00,0.77,1.0,high,,,{}
episode_rules_v9_9,Vt_655,Рост Рпл,2025-05-08 00:00:00,2025-05-25 23:00:00,17.96,1.0,high,,,{}
episode_rules_v9_9,Vt_655,Рост Рпл,2025-12-15 00:00:00,2026-01-01 23:00:00,17.96,1.0,high,,,{}
episode_rules_v9_9,Vt_655,Рост Рпл,2026-02-06 00:00:00,2026-04-11 23:00:00,64.96,1.0,high,,,{}
episode_rules_v9_9,Vt_655,СППВ,2025-01-07 01:38:00,2025-08-04 10:50:00,209.38,1.0,high,,,{}
episode_rules_v9_9,Vt_655,СППВ,2025-08-20 07:00:00,2025-11-04 10:25:00,76.14,1.0,high,,,{}
episode_rules_v9_9,Vt_655,СППВ,2026-04-13 16:19:00,2026-05-01 22:46:00,18.27,1.0,high,,,{}
episode_rules_v9_9,Vt_655,Снижение Кпрод,2025-01-10 00:00:00,2025-01-14 23:00:00,4.96,0.25,medium,,,"{'ql_confirms': None, 'ql_opz': False}"
episode_rules_v9_9,Vt_655,Снижение Кпрод,2025-01-25 00:00:00,2025-01-27 23:00:00,2.96,0.25,medium,,,"{'ql_confirms': None, 'ql_opz': False}"
episode_rules_v9_9,Vt_655,Снижение Кпрод,2025-02-09 00:00:00,2025-02-20 23:00:00,11.96,0.0,medium,,,"{'ql_confirms': np.False_, 'ql_opz': False}"
episode_rules_v9_9,Vt_655,Снижение Кпрод,2025-02-28 00:00:00,2025-03-11 23:00:00,11.96,0.25,medium,,,"{'ql_confirms': None, 'ql_opz': False}"
episode_rules_v9_9,Vt_655,Снижение Кпрод,2025-03-21 00:00:00,2025-04-02 23:00:00,12.96,0.25,medium,,,"{'ql_confirms': None, 'ql_opz': False}"
episode_rules_v9_9,Vt_655,Снижение Кпрод,2025-04-22 00:00:00,2025-04-30 23:00:00,8.96,1.0,high,,,"{'ql_confirms': np.True_, 'ql_opz': True}"
episode_rules_v9_9,Vt_655,Снижение Кпрод,2025-05-06 00:00:00,2025-05-07 23:00:00,1.96,0.75,high,,,"{'ql_confirms': None, 'ql_opz': True}"
episode_rules_v9_9,Vt_655,Снижение Кпрод,2025-08-02 00:00:00,2025-08-06 23:00:00,4.96,0.25,medium,,,"{'ql_confirms': None, 'ql_opz': False}"
episode_rules_v9_9,Vt_655,Снижение Кпрод,2025-11-08 00:00:00,2025-12-01 23:00:00,23.96,0.25,medium,,,"{'ql_confirms': None, 'ql_opz': False}"
episode_rules_v9_9,Vt_655,Снижение Кпрод,2025-12-13 00:00:00,2025-12-15 23:00:00,2.96,0.25,medium,,,"{'ql_confirms': None, 'ql_opz': False}"
episode_rules_v9_9,Vt_655,Снижение Кпрод,2026-01-13 00:00:00,2026-01-24 23:00:00,11.96,0.75,high,,,"{'ql_confirms': None, 'ql_opz': True}"
episode_rules_v9_9,Vt_655,Снижение Кпрод,2026-02-14 00:00:00,2026-02-16 23:00:00,2.96,0.75,high,,,"{'ql_confirms': None, 'ql_opz': True}"
episode_rules_v9_9,Vt_655,Снижение Рпл,2025-01-03 12:00:00,2025-04-29 17:15:30,116.22,0.667,low,НУР,0.02,"{'freq_stable': np.False_, 'ip_gradual': np.True_, 'ql_declining': np.True_}"
episode_rules_v9_9,Vt_655,Снижение Рпл,2025-05-19 10:22:30,2025-06-04 11:11:00,16.03,0.0,low,НУР,0.611,"{'freq_stable': np.False_, 'ip_gradual': np.False_, 'ql_declining': np.False_}"
episode_rules_v9_9,Vt_655,Снижение Рпл,2025-06-10 00:53:00,2025-07-24 10:17:30,44.39,0.833,high,НУР,0.166,"{'freq_stable': np.True_, 'ip_gradual': None, 'ql_declining': np.True_}"
episode_rules_v9_9,Vt_655,Снижение Рпл,2025-08-11 11:05:30,2025-09-02 14:17:00,22.13,0.5,low,НУР,0.935,"{'freq_stable': np.False_, 'ip_gradual': np.True_, 'ql_declining': None}"
episode_rules_v9_9,Vt_655,Снижение Рпл,2025-09-16 00:00:00,2025-10-17 23:00:00,31.96,0.5,medium,НУР,0.038,"{'freq_stable': None, 'ip_gradual': None, 'ql_declining': None}"
episode_rules_v9_9,Vt_655,Снижение Рпл,2025-11-19 23:55:00,2025-12-22 13:31:30,32.57,0.833,medium,Снижение Рпл,0.251,"{'freq_stable': np.True_, 'ip_gradual': np.True_, 'ql_declining': None}"
episode_rules_v9_9,Vt_655,УВЧ,2025-02-07 00:00:00,2025-02-22 23:00:00,15.96,0.333,low,,,"{'freq_net_ok': np.True_, 'freq_trend_up': False, 'ql_rises': False}"
episode_rules_v9_9,Vt_655,УВЧ,2025-02-26 00:00:00,2025-04-17 23:00:00,50.96,1.0,high,,,"{'freq_net_ok': np.True_, 'freq_trend_up': True, 'ql_rises': True}"
episode_rules_v9_9,Vt_655,УВЧ,2025-05-01 00:00:00,2025-05-15 23:00:00,14.96,0.5,low,,,"{'freq_net_ok': np.True_, 'freq_trend_up': False, 'ql_rises': None}"
episode_rules_v9_9,Vt_655,УВЧ,2025-06-01 00:00:00,2025-06-06 23:00:00,5.96,0.333,low,,,"{'freq_net_ok': np.False_, 'freq_trend_up': True, 'ql_rises': False}"
episode_rules_v9_9,Vt_655,УВЧ,2025-06-22 00:00:00,2025-07-02 23:00:00,10.96,0.833,medium,,,"{'freq_net_ok': np.True_, 'freq_trend_up': True, 'ql_rises': None}"
episode_rules_v9_9,Vt_655,УВЧ,2025-07-05 00:00:00,2025-08-11 23:00:00,37.96,0.333,low,,,"{'freq_net_ok': np.True_, 'freq_trend_up': False, 'ql_rises': False}"
episode_rules_v9_9,Vt_655,УВЧ,2025-09-04 00:00:00,2025-09-09 23:00:00,5.96,0.833,medium,,,"{'freq_net_ok': np.True_, 'freq_trend_up': True, 'ql_rises': None}"
episode_rules_v9_9,Vt_655,УВЧ,2025-11-07 00:00:00,2025-11-15 23:00:00,8.96,0.833,medium,,,"{'freq_net_ok': np.True_, 'freq_trend_up': True, 'ql_rises': None}"
episode_rules_v9_9,Vt_655,УВЧ,2025-11-18 00:00:00,2025-11-22 23:00:00,4.96,0.833,medium,,,"{'freq_net_ok': np.True_, 'freq_trend_up': True, 'ql_rises': None}"
episode_rules_v9_9,Vt_655,УВЧ,2025-12-22 00:00:00,2025-12-26 23:00:00,4.96,0.5,low,,,"{'freq_net_ok': np.False_, 'freq_trend_up': True, 'ql_rises': None}"
episode_rules_v9_9,Vt_655,УВЧ,2026-01-28 00:00:00,2026-02-05 23:00:00,8.96,0.5,low,,,"{'freq_net_ok': np.True_, 'freq_trend_up': False, 'ql_rises': None}"
episode_rules_v9_9,Vt_655,УВЧ,2026-02-16 00:00:00,2026-02-20 23:00:00,4.96,0.833,medium,,,"{'freq_net_ok': np.True_, 'freq_trend_up': True, 'ql_rises': None}"
episode_rules_v9_9,Vt_655,УВЧ,2026-02-22 00:00:00,2026-02-26 23:00:00,4.96,0.167,low,,,"{'freq_net_ok': np.False_, 'freq_trend_up': False, 'ql_rises': None}"
episode_rules_v9_9,Vt_655,УВЧ,2026-03-09 00:00:00,2026-03-13 23:00:00,4.96,0.833,medium,,,"{'freq_net_ok': np.True_, 'freq_trend_up': True, 'ql_rises': None}"
episode_rules_v9_9,Vt_655,УВЧ,2026-03-20 00:00:00,2026-03-28 23:00:00,8.96,0.833,medium,,,"{'freq_net_ok': np.True_, 'freq_trend_up': True, 'ql_rises': None}"
episode_rules_v9_9,Vt_655,УВЧ,2026-04-02 00:00:00,2026-04-06 23:00:00,4.96,0.833,medium,,,"{'freq_net_ok': np.True_, 'freq_trend_up': True, 'ql_rises': None}"
episode_rules_v9_9,Vt_655,УВЧ,2026-04-20 00:00:00,2026-04-25 23:00:00,5.96,1.0,high,,,"{'freq_net_ok': np.True_, 'freq_trend_up': True, 'ql_rises': True}"
episode_rules_v9_9,Ya_289,ГДИ,2025-01-29 20:45:00,2025-02-03 17:16:00,4.85,0.5,medium,,,"{'ip_kvd_rising': np.True_, 'ql_zero': np.False_}"
episode_rules_v9_9,Ya_289,ГДИ,2025-04-29 15:08:00,2025-05-04 15:20:00,5.01,1.0,high,,,"{'ip_kvd_rising': np.True_, 'ql_zero': np.True_}"
episode_rules_v9_9,Ya_289,Деградация ЭЦН,2025-04-16 00:00:00,2025-05-16 00:00:00,30.0,1.0,high,,,{}
episode_rules_v9_9,Ya_289,НУР,2025-02-04 00:00:00,2025-02-20 23:00:00,16.96,0.667,medium,НУР,0.188,"{'ip_no_spike': np.True_, 'ip_smooth': True, 'ql_recovers': False}"
episode_rules_v9_9,Ya_289,НУР,2025-03-11 00:00:00,2025-03-18 23:00:00,7.96,0.667,medium,Снижение Рпл,0.171,"{'ip_no_spike': np.True_, 'ip_smooth': True, 'ql_recovers': False}"
episode_rules_v9_9,Ya_289,НУР,2025-04-20 00:00:00,2025-04-26 23:00:00,6.96,0.667,medium,НУР,0.472,"{'ip_no_spike': np.True_, 'ip_smooth': True, 'ql_recovers': False}"
episode_rules_v9_9,Ya_289,НУР,2025-05-04 00:00:00,2025-05-23 23:00:00,19.96,0.333,low,Снижение Рпл,0.211,"{'ip_no_spike': np.False_, 'ip_smooth': True, 'ql_recovers': False}"
episode_rules_v9_9,Ya_289,НУР,2025-06-06 00:00:00,2025-06-08 23:00:00,2.96,0.333,low,Снижение Рпл,0.233,"{'ip_no_spike': np.False_, 'ip_smooth': True, 'ql_recovers': False}"
episode_rules_v9_9,Ya_289,НУР,2025-06-10 00:00:00,2025-06-11 23:00:00,1.96,0.5,medium,НУР,0.189,"{'ip_no_spike': None, 'ip_smooth': None, 'ql_recovers': None}"
episode_rules_v9_9,Ya_289,НУР,2025-06-28 00:00:00,2025-07-02 23:00:00,4.96,0.667,medium,НУР,0.399,"{'ip_no_spike': np.True_, 'ip_smooth': True, 'ql_recovers': False}"
episode_rules_v9_9,Ya_289,НУР,2025-07-28 00:00:00,2025-08-05 23:00:00,8.96,0.667,medium,НУР,0.073,"{'ip_no_spike': np.True_, 'ip_smooth': True, 'ql_recovers': False}"
episode_rules_v9_9,Ya_289,НУР,2025-09-25 00:00:00,2025-09-30 23:00:00,5.96,1.0,high,НУР,0.047,"{'ip_no_spike': np.True_, 'ip_smooth': True, 'ql_recovers': True}"
episode_rules_v9_9,Ya_289,НУР,2025-11-11 00:00:00,2025-11-19 23:00:00,8.96,0.667,medium,НУР,0.386,"{'ip_no_spike': np.True_, 'ip_smooth': True, 'ql_recovers': False}"
episode_rules_v9_9,Ya_289,НУР,2025-11-27 00:00:00,2025-12-01 23:00:00,4.96,0.667,medium,НУР,0.083,"{'ip_no_spike': np.True_, 'ip_smooth': True, 'ql_recovers': False}"
episode_rules_v9_9,Ya_289,НУР,2025-12-13 00:00:00,2025-12-20 23:00:00,7.96,1.0,high,НУР,0.829,"{'ip_no_spike': np.True_, 'ip_smooth': True, 'ql_recovers': True}"
episode_rules_v9_9,Ya_289,НУР,2026-01-04 00:00:00,2026-01-11 23:00:00,7.96,0.667,medium,НУР,0.444,"{'ip_no_spike': np.True_, 'ip_smooth': True, 'ql_recovers': False}"
episode_rules_v9_9,Ya_289,НУР,2026-01-19 00:00:00,2026-01-27 23:00:00,8.96,0.667,medium,НУР,0.46,"{'ip_no_spike': np.True_, 'ip_smooth': True, 'ql_recovers': False}"
episode_rules_v9_9,Ya_289,НУР,2026-02-02 00:00:00,2026-02-06 23:00:00,4.96,0.667,medium,НУР,0.474,"{'ip_no_spike': np.True_, 'ip_smooth': True, 'ql_recovers': False}"
episode_rules_v9_9,Ya_289,НУР,2026-02-21 00:00:00,2026-02-27 23:00:00,6.96,0.667,medium,НУР,0.505,"{'ip_no_spike': np.True_, 'ip_smooth': True, 'ql_recovers': False}"
episode_rules_v9_9,Ya_289,НУР,2026-03-08 00:00:00,2026-03-11 23:00:00,3.96,0.833,medium,НУР,0.562,"{'ip_no_spike': np.True_, 'ip_smooth': True, 'ql_recovers': None}"
episode_rules_v9_9,Ya_289,НУР,2026-03-26 00:00:00,2026-04-01 23:00:00,6.96,0.667,medium,Снижение Рпл,0.073,"{'ip_no_spike': np.True_, 'ip_smooth': True, 'ql_recovers': False}"
episode_rules_v9_9,Ya_289,НУР,2026-04-13 00:00:00,2026-04-17 23:00:00,4.96,0.667,medium,НУР,0.489,"{'ip_no_spike': np.True_, 'ip_smooth': True, 'ql_recovers': False}"
episode_rules_v9_9,Ya_289,Осложнённый фонд,2025-01-01 00:00:00,2026-05-01 22:54:00,485.95,1.0,high,,,{}
episode_rules_v9_9,Ya_289,Остановка,2025-01-04 15:50:00,2025-01-04 18:41:00,0.12,1.0,high,,,{}
episode_rules_v9_9,Ya_289,Остановка,2025-01-15 15:29:00,2025-01-15 18:57:00,0.14,1.0,high,,,{}
episode_rules_v9_9,Ya_289,Остановка,2025-01-29 20:45:00,2025-02-03 17:16:00,4.85,1.0,high,,,{}
episode_rules_v9_9,Ya_289,Остановка,2025-02-03 21:34:00,2025-02-04 04:30:00,0.29,1.0,high,,,{}
episode_rules_v9_9,Ya_289,Остановка,2025-03-10 00:22:00,2025-03-11 09:09:00,1.37,1.0,high,,,{}
episode_rules_v9_9,Ya_289,Остановка,2025-03-20 16:30:00,2025-03-20 21:35:00,0.21,1.0,high,,,{}
episode_rules_v9_9,Ya_289,Остановка,2025-03-23 09:47:00,2025-03-23 13:09:00,0.14,1.0,high,,,{}
episode_rules_v9_9,Ya_289,Остановка,2025-03-25 02:17:00,2025-03-25 03:37:00,0.06,1.0,high,,,{}
episode_rules_v9_9,Ya_289,Остановка,2025-04-19 06:08:00,2025-04-19 14:56:00,0.37,1.0,high,,,{}
episode_rules_v9_9,Ya_289,Остановка,2025-04-29 15:08:00,2025-05-04 15:20:00,5.01,1.0,high,,,{}
episode_rules_v9_9,Ya_289,Остановка,2025-05-15 06:14:00,2025-05-16 04:59:00,0.95,1.0,high,,,{}
episode_rules_v9_9,Ya_289,Остановка,2025-05-16 08:14:00,2025-05-16 17:34:00,0.39,1.0,high,,,{}
episode_rules_v9_9,Ya_289,Остановка,2025-06-05 22:15:00,2025-06-06 05:44:00,0.31,1.0,high,,,{}
episode_rules_v9_9,Ya_289,Остановка,2025-06-09 10:03:00,2025-06-09 18:40:00,0.36,1.0,high,,,{}
episode_rules_v9_9,Ya_289,Остановка,2025-06-27 11:47:00,2025-06-27 23:46:00,0.5,1.0,high,,,{}
episode_rules_v9_9,Ya_289,Остановка,2025-07-14 13:51:00,2025-07-14 18:32:00,0.2,1.0,high,,,{}
episode_rules_v9_9,Ya_289,Остановка,2025-07-16 15:54:00,2025-07-16 18:46:00,0.12,1.0,high,,,{}
episode_rules_v9_9,Ya_289,Остановка,2025-07-27 12:23:00,2025-07-28 10:26:00,0.92,1.0,high,,,{}
episode_rules_v9_9,Ya_289,Остановка,2025-08-27 13:57:00,2025-08-27 19:26:00,0.23,1.0,high,,,{}
episode_rules_v9_9,Ya_289,Остановка,2025-09-24 21:40:00,2025-09-25 04:05:00,0.27,1.0,high,,,{}
episode_rules_v9_9,Ya_289,Остановка,2025-10-21 05:58:00,2025-10-21 11:57:00,0.25,1.0,high,,,{}
episode_rules_v9_9,Ya_289,Остановка,2025-11-10 12:37:00,2025-11-10 21:00:00,0.35,1.0,high,,,{}
episode_rules_v9_9,Ya_289,Остановка,2025-11-13 17:01:00,2025-11-13 18:26:00,0.06,1.0,high,,,{}
episode_rules_v9_9,Ya_289,Остановка,2025-11-26 19:33:00,2025-11-27 04:04:00,0.35,1.0,high,,,{}
episode_rules_v9_9,Ya_289,Остановка,2025-12-11 18:26:00,2025-12-11 22:54:00,0.19,1.0,high,,,{}
episode_rules_v9_9,Ya_289,Остановка,2025-12-12 03:29:00,2025-12-12 05:35:00,0.09,1.0,high,,,{}
episode_rules_v9_9,Ya_289,Остановка,2025-12-12 08:26:00,2025-12-12 13:17:00,0.2,1.0,high,,,{}
episode_rules_v9_9,Ya_289,Остановка,2025-12-12 16:30:00,2025-12-13 00:00:00,0.31,1.0,high,,,{}
episode_rules_v9_9,Ya_289,Остановка,2025-12-23 12:22:00,2025-12-23 14:55:00,0.11,1.0,high,,,{}
episode_rules_v9_9,Ya_289,Остановка,2025-12-23 16:24:00,2025-12-23 18:23:00,0.08,1.0,high,,,{}
episode_rules_v9_9,Ya_289,Остановка,2026-01-03 06:42:00,2026-01-03 09:07:00,0.1,1.0,high,,,{}
episode_rules_v9_9,Ya_289,Остановка,2026-01-03 12:36:00,2026-01-03 15:03:00,0.1,1.0,high,,,{}
episode_rules_v9_9,Ya_289,Остановка,2026-01-03 17:27:00,2026-01-04 02:26:00,0.37,1.0,high,,,{}
episode_rules_v9_9,Ya_289,Остановка,2026-01-17 11:16:00,2026-01-17 13:33:00,0.1,1.0,high,,,{}
episode_rules_v9_9,Ya_289,Остановка,2026-01-17 19:07:00,2026-01-17 22:27:00,0.14,1.0,high,,,{}
episode_rules_v9_9,Ya_289,Остановка,2026-01-18 01:11:00,2026-01-18 10:03:00,0.37,1.0,high,,,{}
episode_rules_v9_9,Ya_289,Остановка,2026-02-01 02:51:00,2026-02-01 11:55:00,0.38,1.0,high,,,{}
episode_rules_v9_9,Ya_289,Остановка,2026-02-19 05:05:00,2026-02-19 07:18:00,0.09,1.0,high,,,{}
episode_rules_v9_9,Ya_289,Остановка,2026-02-19 09:49:00,2026-02-19 22:26:00,0.53,1.0,high,,,{}
episode_rules_v9_9,Ya_289,Остановка,2026-03-07 05:29:00,2026-03-07 12:29:00,0.29,1.0,high,,,{}
episode_rules_v9_9,Ya_289,Остановка,2026-03-25 11:21:00,2026-03-26 00:45:00,0.56,1.0,high,,,{}
episode_rules_v9_9,Ya_289,Остановка,2026-04-12 12:39:00,2026-04-12 20:52:00,0.34,1.0,high,,,{}
episode_rules_v9_9,Ya_289,Остановка,2026-04-30 05:44:00,2026-04-30 13:10:00,0.31,1.0,high,,,{}
episode_rules_v9_9,Ya_289,РПТЧ,2025-01-24 00:00:00,2025-01-25 23:00:00,1.96,0.5,medium,,,"{'freq_data': None, 'ql_oscillates': None}"
episode_rules_v9_9,Ya_289,РПТЧ,2025-07-05 00:00:00,2026-05-01 22:54:00,300.95,1.0,high,,,"{'ql_oscillates': np.True_, 'round_hz': np.True_}"
episode_rules_v9_9,Ya_289,Работа,2025-01-01 00:00:00,2025-01-04 15:50:00,3.66,1.0,high,,,{}
episode_rules_v9_9,Ya_289,Работа,2025-01-04 18:41:00,2025-01-15 15:29:00,10.87,1.0,high,,,{}
episode_rules_v9_9,Ya_289,Работа,2025-01-15 18:57:00,2025-01-29 20:45:00,14.07,1.0,high,,,{}
episode_rules_v9_9,Ya_289,Работа,2025-02-03 17:16:00,2025-02-03 21:34:00,0.18,1.0,high,,,{}
episode_rules_v9_9,Ya_289,Работа,2025-02-04 04:30:00,2025-03-10 00:22:00,33.83,1.0,high,,,{}
episode_rules_v9_9,Ya_289,Работа,2025-03-11 09:09:00,2025-03-20 16:30:00,9.31,1.0,high,,,{}
episode_rules_v9_9,Ya_289,Работа,2025-03-20 21:35:00,2025-03-23 09:47:00,2.51,1.0,high,,,{}
episode_rules_v9_9,Ya_289,Работа,2025-03-23 13:09:00,2025-03-25 02:17:00,1.55,1.0,high,,,{}
episode_rules_v9_9,Ya_289,Работа,2025-03-25 03:37:00,2025-04-19 06:08:00,25.1,1.0,high,,,{}
episode_rules_v9_9,Ya_289,Работа,2025-04-19 14:56:00,2025-04-29 15:08:00,10.01,1.0,high,,,{}
episode_rules_v9_9,Ya_289,Работа,2025-05-04 15:20:00,2025-05-15 06:14:00,10.62,1.0,high,,,{}
episode_rules_v9_9,Ya_289,Работа,2025-05-16 04:59:00,2025-05-16 08:14:00,0.14,1.0,high,,,{}
episode_rules_v9_9,Ya_289,Работа,2025-05-16 17:34:00,2025-06-05 22:15:00,20.2,1.0,high,,,{}
episode_rules_v9_9,Ya_289,Работа,2025-06-06 05:44:00,2025-06-09 10:03:00,3.18,1.0,high,,,{}
episode_rules_v9_9,Ya_289,Работа,2025-06-09 18:40:00,2025-06-27 11:47:00,17.71,1.0,high,,,{}
episode_rules_v9_9,Ya_289,Работа,2025-06-27 23:46:00,2025-07-14 13:51:00,16.59,1.0,high,,,{}
episode_rules_v9_9,Ya_289,Работа,2025-07-14 18:32:00,2025-07-16 15:54:00,1.89,1.0,high,,,{}
episode_rules_v9_9,Ya_289,Работа,2025-07-16 18:46:00,2025-07-27 12:23:00,10.73,1.0,high,,,{}
episode_rules_v9_9,Ya_289,Работа,2025-07-28 10:26:00,2025-08-27 13:57:00,30.15,1.0,high,,,{}
episode_rules_v9_9,Ya_289,Работа,2025-08-27 19:26:00,2025-09-24 21:40:00,28.09,1.0,high,,,{}
episode_rules_v9_9,Ya_289,Работа,2025-09-25 04:05:00,2025-10-21 05:58:00,26.08,1.0,high,,,{}
episode_rules_v9_9,Ya_289,Работа,2025-10-21 11:57:00,2025-11-10 12:37:00,20.03,1.0,high,,,{}
episode_rules_v9_9,Ya_289,Работа,2025-11-10 21:00:00,2025-11-13 17:01:00,2.83,1.0,high,,,{}
episode_rules_v9_9,Ya_289,Работа,2025-11-13 18:26:00,2025-11-26 19:33:00,13.05,1.0,high,,,{}
episode_rules_v9_9,Ya_289,Работа,2025-11-27 04:04:00,2025-12-11 18:26:00,14.6,1.0,high,,,{}
episode_rules_v9_9,Ya_289,Работа,2025-12-11 22:54:00,2025-12-12 03:29:00,0.19,1.0,high,,,{}
episode_rules_v9_9,Ya_289,Работа,2025-12-12 05:35:00,2025-12-12 08:26:00,0.12,1.0,high,,,{}
episode_rules_v9_9,Ya_289,Работа,2025-12-12 13:17:00,2025-12-12 16:30:00,0.13,1.0,high,,,{}
episode_rules_v9_9,Ya_289,Работа,2025-12-13 00:00:00,2025-12-23 12:22:00,10.52,1.0,high,,,{}
episode_rules_v9_9,Ya_289,Работа,2025-12-23 14:55:00,2025-12-23 16:24:00,0.06,1.0,high,,,{}
episode_rules_v9_9,Ya_289,Работа,2025-12-23 18:23:00,2026-01-03 06:42:00,10.51,1.0,high,,,{}
episode_rules_v9_9,Ya_289,Работа,2026-01-03 09:07:00,2026-01-03 12:36:00,0.15,1.0,high,,,{}
episode_rules_v9_9,Ya_289,Работа,2026-01-03 15:03:00,2026-01-03 17:27:00,0.1,1.0,high,,,{}
episode_rules_v9_9,Ya_289,Работа,2026-01-04 02:26:00,2026-01-17 11:16:00,13.37,1.0,high,,,{}
episode_rules_v9_9,Ya_289,Работа,2026-01-17 13:33:00,2026-01-17 19:07:00,0.23,1.0,high,,,{}
episode_rules_v9_9,Ya_289,Работа,2026-01-17 22:27:00,2026-01-18 01:11:00,0.11,1.0,high,,,{}
episode_rules_v9_9,Ya_289,Работа,2026-01-18 10:03:00,2026-02-01 02:51:00,13.7,1.0,high,,,{}
episode_rules_v9_9,Ya_289,Работа,2026-02-01 11:55:00,2026-02-19 05:05:00,17.72,1.0,high,,,{}
episode_rules_v9_9,Ya_289,Работа,2026-02-19 07:18:00,2026-02-19 09:49:00,0.1,1.0,high,,,{}
episode_rules_v9_9,Ya_289,Работа,2026-02-19 22:26:00,2026-03-07 05:29:00,15.29,1.0,high,,,{}
episode_rules_v9_9,Ya_289,Работа,2026-03-07 12:29:00,2026-03-25 11:21:00,17.95,1.0,high,,,{}
episode_rules_v9_9,Ya_289,Работа,2026-03-26 00:45:00,2026-04-12 12:39:00,17.5,1.0,high,,,{}
episode_rules_v9_9,Ya_289,Работа,2026-04-12 20:52:00,2026-04-30 05:44:00,17.37,1.0,high,,,{}
episode_rules_v9_9,Ya_289,Работа,2026-04-30 13:10:00,2026-05-01 22:54:00,1.41,1.0,high,,,{}
episode_rules_v9_9,Ya_289,Рост Кпрод,2025-05-24 00:00:00,2025-07-27 00:00:00,64.0,1.0,high,,,{}
episode_rules_v9_9,Ya_289,Рост обводненности,2025-02-07 00:00:00,2025-02-22 23:00:00,15.96,1.0,high,,,{}
episode_rules_v9_9,Ya_289,Рост обводненности,2025-05-03 00:00:00,2025-05-15 23:00:00,12.96,1.0,high,,,{}
episode_rules_v9_9,Ya_289,Рост обводненности,2025-05-30 00:00:00,2025-06-03 23:00:00,4.96,1.0,high,,,{}
episode_rules_v9_9,Ya_289,Рост обводненности,2025-08-03 00:00:00,2025-08-11 23:00:00,8.96,1.0,high,,,{}
episode_rules_v9_9,Ya_289,Рост обводненности,2025-10-06 00:00:00,2025-10-09 23:00:00,3.96,1.0,high,,,{}
episode_rules_v9_9,Ya_289,Рост обводненности,2025-12-06 00:00:00,2025-12-17 23:00:00,11.96,1.0,high,,,{}
episode_rules_v9_9,Ya_289,Рост обводненности,2025-12-31 00:00:00,2026-01-19 23:00:00,19.96,1.0,high,,,{}
episode_rules_v9_9,Ya_289,СППВ,2025-01-01 00:00:00,2026-05-01 22:54:00,485.95,1.0,high,,,{}
episode_rules_v9_9,Ya_289,Снижение Кпрод,2025-01-03 00:00:00,2025-01-10 23:00:00,7.96,0.0,medium,,,"{'ql_confirms': np.False_, 'ql_opz': False}"
episode_rules_v9_9,Ya_289,Снижение Кпрод,2025-01-29 00:00:00,2025-01-29 23:00:00,0.96,0.25,medium,,,"{'ql_confirms': None, 'ql_opz': False}"
episode_rules_v9_9,Ya_289,Снижение Кпрод,2025-02-07 00:00:00,2025-02-23 23:00:00,16.96,0.5,high,,,"{'ql_confirms': np.True_, 'ql_opz': False}"
episode_rules_v9_9,Ya_289,Снижение Кпрод,2025-03-09 00:00:00,2025-04-01 23:00:00,23.96,0.0,medium,,,"{'ql_confirms': np.False_, 'ql_opz': False}"
episode_rules_v9_9,Ya_289,Снижение Кпрод,2025-04-11 00:00:00,2025-04-15 23:00:00,4.96,0.0,medium,,,"{'ql_confirms': np.False_, 'ql_opz': False}"
episode_rules_v9_9,Ya_289,Снижение Кпрод,2025-04-24 00:00:00,2025-04-29 23:00:00,5.96,0.5,high,,,"{'ql_confirms': np.False_, 'ql_opz': True}"
episode_rules_v9_9,Ya_289,Снижение Кпрод,2025-05-07 00:00:00,2025-05-29 23:00:00,22.96,0.5,high,,,"{'ql_confirms': np.False_, 'ql_opz': True}"
episode_rules_v9_9,Ya_289,Снижение Кпрод,2025-06-05 00:00:00,2025-06-05 23:00:00,0.96,0.75,high,,,"{'ql_confirms': None, 'ql_opz': True}"
episode_rules_v9_9,Ya_289,Снижение Кпрод,2025-06-13 00:00:00,2025-06-15 23:00:00,2.96,0.75,high,,,"{'ql_confirms': None, 'ql_opz': True}"
episode_rules_v9_9,Ya_289,Снижение Кпрод,2025-06-27 00:00:00,2025-06-27 23:00:00,0.96,0.75,high,,,"{'ql_confirms': None, 'ql_opz': True}"
episode_rules_v9_9,Ya_289,Снижение Кпрод,2025-07-02 00:00:00,2025-07-06 23:00:00,4.96,0.5,high,,,"{'ql_confirms': np.False_, 'ql_opz': True}"
episode_rules_v9_9,Ya_289,Снижение Кпрод,2025-07-19 00:00:00,2025-07-27 23:00:00,8.96,0.5,high,,,"{'ql_confirms': np.False_, 'ql_opz': True}"
episode_rules_v9_9,Ya_289,Снижение Кпрод,2025-08-01 00:00:00,2025-08-08 23:00:00,7.96,0.5,high,,,"{'ql_confirms': np.False_, 'ql_opz': True}"
episode_rules_v9_9,Ya_289,Снижение Кпрод,2025-09-03 00:00:00,2025-09-04 23:00:00,1.96,0.75,high,,,"{'ql_confirms': None, 'ql_opz': True}"
episode_rules_v9_9,Ya_289,Снижение Кпрод,2025-09-29 00:00:00,2025-10-03 23:00:00,4.96,0.5,high,,,"{'ql_confirms': np.False_, 'ql_opz': True}"
episode_rules_v9_9,Ya_289,Снижение Кпрод,2025-10-25 00:00:00,2025-11-03 23:00:00,9.96,0.5,high,,,"{'ql_confirms': np.False_, 'ql_opz': True}"
episode_rules_v9_9,Ya_289,Снижение Кпрод,2025-11-09 00:00:00,2025-11-09 23:00:00,0.96,0.75,high,,,"{'ql_confirms': None, 'ql_opz': True}"
episode_rules_v9_9,Ya_289,Снижение Кпрод,2025-11-21 00:00:00,2025-11-21 23:00:00,0.96,0.75,high,,,"{'ql_confirms': None, 'ql_opz': True}"
episode_rules_v9_9,Ya_289,Снижение Кпрод,2025-12-01 00:00:00,2025-12-05 23:00:00,4.96,0.5,high,,,"{'ql_confirms': np.False_, 'ql_opz': True}"
episode_rules_v9_9,Ya_289,Снижение Кпрод,2025-12-17 00:00:00,2025-12-22 23:00:00,5.96,0.5,high,,,"{'ql_confirms': np.False_, 'ql_opz': True}"
episode_rules_v9_9,Ya_289,Снижение Кпрод,2025-12-28 00:00:00,2026-01-03 23:00:00,6.96,1.0,high,,,"{'ql_confirms': np.True_, 'ql_opz': True}"
episode_rules_v9_9,Ya_289,Снижение Кпрод,2026-01-08 00:00:00,2026-01-17 23:00:00,9.96,1.0,high,,,"{'ql_confirms': np.True_, 'ql_opz': True}"
episode_rules_v9_9,Ya_289,Снижение Кпрод,2026-01-22 00:00:00,2026-01-28 23:00:00,6.96,0.5,high,,,"{'ql_confirms': np.False_, 'ql_opz': True}"
episode_rules_v9_9,Ya_289,Снижение Кпрод,2026-02-08 00:00:00,2026-02-09 23:00:00,1.96,0.25,medium,,,"{'ql_confirms': None, 'ql_opz': False}"
episode_rules_v9_9,Ya_289,Снижение Кпрод,2026-02-27 00:00:00,2026-02-28 23:00:00,1.96,0.25,medium,,,"{'ql_confirms': None, 'ql_opz': False}"
episode_rules_v9_9,Ya_289,Снижение Кпрод,2026-03-15 00:00:00,2026-03-15 23:00:00,0.96,0.25,medium,,,"{'ql_confirms': None, 'ql_opz': False}"
episode_rules_v9_9,Ya_289,Снижение Кпрод,2026-03-31 00:00:00,2026-04-04 23:00:00,4.96,0.0,medium,,,"{'ql_confirms': np.False_, 'ql_opz': False}"
episode_rules_v9_9,Ya_289,Снижение Кпрод,2026-04-19 00:00:00,2026-04-20 23:00:00,1.96,0.25,medium,,,"{'ql_confirms': None, 'ql_opz': False}"
episode_rules_v9_9,Ya_289,Снижение Рпл,2025-05-09 22:47:00,2026-03-09 15:53:30,303.71,0.0,low,Снижение Рпл,0.533,"{'freq_stable': np.False_, 'ip_gradual': np.False_, 'ql_declining': np.False_}"
episode_rules_v9_9,Ya_289,УВЧ,2025-04-24 00:00:00,2025-05-10 23:00:00,16.96,0.333,low,,,"{'freq_net_ok': np.False_, 'freq_trend_up': False, 'ql_rises': True}"
episode_rules_v9_9,Ya_289,УВЧ,2025-07-19 00:00:00,2025-07-23 23:00:00,4.96,1.0,high,,,"{'freq_net_ok': np.True_, 'freq_trend_up': True, 'ql_rises': True}"
episode_rules_v9_9,Ya_289,УВЧ,2025-07-26 00:00:00,2025-07-26 23:00:00,0.96,0.5,medium,,,"{'freq_net_ok': None, 'freq_trend_up': None, 'ql_rises': None}"
episode_rules_v9_9,Ya_289,УВЧ,2025-08-12 00:00:00,2025-08-26 23:00:00,14.96,0.667,low,,,"{'freq_net_ok': np.False_, 'freq_trend_up': True, 'ql_rises': True}"
episode_rules_v9_9,Ya_289,УВЧ,2025-09-16 00:00:00,2025-09-19 23:00:00,3.96,0.333,low,,,"{'freq_net_ok': np.False_, 'freq_trend_up': True, 'ql_rises': False}"
episode_rules_v9_9,Ya_289,УВЧ,2025-10-16 00:00:00,2025-10-17 23:00:00,1.96,0.333,low,,,"{'freq_net_ok': np.False_, 'freq_trend_up': None, 'ql_rises': None}"
episode_rules_v9_9,Ya_289,УВЧ,2025-10-22 00:00:00,2025-12-11 23:00:00,50.96,0.667,medium,,,"{'freq_net_ok': np.True_, 'freq_trend_up': True, 'ql_rises': False}"
episode_rules_v9_9,Ya_289,УВЧ,2026-03-04 00:00:00,2026-03-06 23:00:00,2.96,0.5,low,,,"{'freq_net_ok': np.False_, 'freq_trend_up': True, 'ql_rises': None}"
episode_rules_v9_9,Ya_289,УВЧ,2026-04-05 00:00:00,2026-04-27 23:00:00,22.96,0.667,low,,,"{'freq_net_ok': np.False_, 'freq_trend_up': True, 'ql_rises': True}"
episode_rules_v9_9,Ya_357,ГДИ,2025-03-05 04:15:00,2025-03-08 21:13:00,3.71,1.0,high,,,"{'ip_kvd_rising': np.True_, 'ql_zero': True}"
episode_rules_v9_9,Ya_357,ГДИ,2025-04-24 05:18:00,2025-04-27 16:51:00,3.48,1.0,high,,,"{'ip_kvd_rising': np.True_, 'ql_zero': True}"
episode_rules_v9_9,Ya_357,ГДИ,2025-07-01 05:03:00,2025-07-10 23:46:00,9.78,1.0,high,,,"{'ip_kvd_rising': np.True_, 'ql_zero': True}"
episode_rules_v9_9,Ya_357,ГДИ,2025-07-17 19:48:00,2025-07-20 00:00:00,2.17,0.5,medium,,,"{'ip_kvd_rising': np.True_, 'ql_zero': np.False_}"
episode_rules_v9_9,Ya_357,НУР,2025-01-08 00:00:00,2025-01-10 23:00:00,2.96,0.333,low,Снижение Рпл,0.243,"{'ip_no_spike': np.False_, 'ip_smooth': True, 'ql_recovers': False}"
episode_rules_v9_9,Ya_357,НУР,2025-03-09 00:00:00,2025-03-12 23:00:00,3.96,1.0,high,НУР,0.344,"{'ip_no_spike': np.True_, 'ip_smooth': True, 'ql_recovers': True}"
episode_rules_v9_9,Ya_357,НУР,2025-03-27 00:00:00,2025-03-28 23:00:00,1.96,0.5,medium,НУР,0.046,"{'ip_no_spike': None, 'ip_smooth': None, 'ql_recovers': None}"
episode_rules_v9_9,Ya_357,НУР,2025-04-28 00:00:00,2025-04-29 23:00:00,1.96,0.5,medium,НУР,0.184,"{'ip_no_spike': None, 'ip_smooth': None, 'ql_recovers': None}"
episode_rules_v9_9,Ya_357,НУР,2025-07-12 00:00:00,2025-07-15 23:00:00,3.96,0.667,medium,НУР,0.038,"{'ip_no_spike': np.True_, 'ip_smooth': True, 'ql_recovers': False}"
episode_rules_v9_9,Ya_357,НУР,2025-07-21 00:00:00,2025-07-23 23:00:00,2.96,1.0,high,Снижение Рпл,0.01,"{'ip_no_spike': np.True_, 'ip_smooth': True, 'ql_recovers': True}"
episode_rules_v9_9,Ya_357,НУР,2025-08-17 00:00:00,2025-08-18 23:00:00,1.96,0.5,medium,НУР,0.171,"{'ip_no_spike': None, 'ip_smooth': None, 'ql_recovers': None}"
episode_rules_v9_9,Ya_357,НУР,2025-09-28 00:00:00,2025-10-13 23:00:00,15.96,0.667,low,НУР,0.712,"{'ip_no_spike': np.False_, 'ip_smooth': True, 'ql_recovers': True}"
episode_rules_v9_9,Ya_357,НУР,2025-11-02 00:00:00,2025-11-04 23:00:00,2.96,0.5,low,Снижение Рпл,0.237,"{'ip_no_spike': np.False_, 'ip_smooth': True, 'ql_recovers': None}"
episode_rules_v9_9,Ya_357,НУР,2025-11-20 00:00:00,2025-11-21 23:00:00,1.96,0.5,low,Снижение Рпл,0.34,"{'ip_no_spike': None, 'ip_smooth': None, 'ql_recovers': None}"
episode_rules_v9_9,Ya_357,НУР,2025-11-29 00:00:00,2025-12-02 23:00:00,3.96,1.0,high,НУР,0.529,"{'ip_no_spike': np.True_, 'ip_smooth': True, 'ql_recovers': True}"
episode_rules_v9_9,Ya_357,Осложнённый фонд,2025-09-20 00:00:00,2026-02-04 23:00:00,137.96,1.0,high,,,{}
episode_rules_v9_9,Ya_357,Остановка,2025-01-08 07:39:00,2025-01-08 17:59:00,0.43,1.0,high,,,{}
episode_rules_v9_9,Ya_357,Остановка,2025-02-13 23:23:00,2025-02-14 03:27:00,0.17,1.0,high,,,{}
episode_rules_v9_9,Ya_357,Остановка,2025-03-05 04:15:00,2025-03-08 21:13:00,3.71,1.0,high,,,{}
episode_rules_v9_9,Ya_357,Остановка,2025-03-08 23:41:00,2025-03-09 00:14:00,0.02,1.0,high,,,{}
episode_rules_v9_9,Ya_357,Остановка,2025-03-20 21:47:00,2025-03-21 22:35:00,1.03,1.0,high,,,{}
episode_rules_v9_9,Ya_357,Остановка,2025-03-25 02:17:00,2025-03-25 06:01:00,0.16,1.0,high,,,{}
episode_rules_v9_9,Ya_357,Остановка,2025-03-27 01:55:00,2025-03-27 04:44:00,0.12,1.0,high,,,{}
episode_rules_v9_9,Ya_357,Остановка,2025-04-24 05:18:00,2025-04-27 16:51:00,3.48,1.0,high,,,{}
episode_rules_v9_9,Ya_357,Остановка,2025-04-27 17:06:00,2025-04-27 17:32:00,0.02,1.0,high,,,{}
episode_rules_v9_9,Ya_357,Остановка,2025-04-27 20:31:00,2025-04-28 01:05:00,0.19,1.0,high,,,{}
episode_rules_v9_9,Ya_357,Остановка,2025-04-28 04:24:00,2025-04-28 11:30:00,0.3,1.0,high,,,{}
episode_rules_v9_9,Ya_357,Остановка,2025-07-01 05:03:00,2025-07-10 23:46:00,9.78,1.0,high,,,{}
episode_rules_v9_9,Ya_357,Остановка,2025-07-17 19:48:00,2025-07-20 00:00:00,2.17,1.0,high,,,{}
episode_rules_v9_9,Ya_357,Остановка,2025-07-20 02:33:00,2025-07-20 05:27:00,0.12,1.0,high,,,{}
episode_rules_v9_9,Ya_357,Остановка,2025-08-15 21:46:00,2025-08-16 14:28:00,0.7,1.0,high,,,{}
episode_rules_v9_9,Ya_357,Остановка,2025-09-16 21:30:00,2025-09-17 01:32:00,0.17,1.0,high,,,{}
episode_rules_v9_9,Ya_357,Остановка,2025-09-17 02:03:00,2025-09-17 03:38:00,0.07,1.0,high,,,{}
episode_rules_v9_9,Ya_357,Остановка,2025-09-18 10:41:00,2025-09-18 11:35:00,0.04,1.0,high,,,{}
episode_rules_v9_9,Ya_357,Остановка,2025-09-18 12:48:00,2025-09-18 18:38:00,0.24,1.0,high,,,{}
episode_rules_v9_9,Ya_357,Остановка,2025-09-18 20:42:00,2025-09-20 11:46:00,1.63,1.0,high,,,{}
episode_rules_v9_9,Ya_357,Остановка,2025-09-20 12:46:00,2025-09-22 16:03:00,2.14,1.0,high,,,{}
episode_rules_v9_9,Ya_357,Остановка,2025-09-22 17:02:00,2025-09-22 17:35:00,0.02,1.0,high,,,{}
episode_rules_v9_9,Ya_357,Остановка,2025-09-23 17:02:00,2025-09-23 18:37:00,0.07,1.0,high,,,{}
episode_rules_v9_9,Ya_357,Остановка,2025-09-25 00:45:00,2025-09-25 04:22:00,0.15,1.0,high,,,{}
episode_rules_v9_9,Ya_357,Остановка,2025-09-25 23:55:00,2025-09-26 01:43:00,0.07,1.0,high,,,{}
episode_rules_v9_9,Ya_357,Остановка,2025-09-27 04:14:00,2025-09-27 06:01:00,0.07,1.0,high,,,{}
episode_rules_v9_9,Ya_357,Остановка,2025-09-27 06:29:00,2025-09-27 09:03:00,0.11,1.0,high,,,{}
episode_rules_v9_9,Ya_357,Остановка,2025-09-28 21:14:00,2025-09-29 00:16:00,0.13,1.0,high,,,{}
episode_rules_v9_9,Ya_357,Остановка,2025-09-29 21:57:00,2025-09-29 23:44:00,0.07,1.0,high,,,{}
episode_rules_v9_9,Ya_357,Остановка,2025-09-30 21:32:00,2025-09-30 23:14:00,0.07,1.0,high,,,{}
episode_rules_v9_9,Ya_357,Остановка,2025-10-02 00:04:00,2025-10-02 01:39:00,0.07,1.0,high,,,{}
episode_rules_v9_9,Ya_357,Остановка,2025-10-02 20:57:00,2025-10-03 02:46:00,0.24,1.0,high,,,{}
episode_rules_v9_9,Ya_357,Остановка,2025-10-04 01:26:00,2025-10-04 12:09:00,0.45,1.0,high,,,{}
episode_rules_v9_9,Ya_357,Остановка,2025-10-05 10:10:00,2025-10-05 16:24:00,0.26,1.0,high,,,{}
episode_rules_v9_9,Ya_357,Остановка,2025-10-05 21:12:00,2025-10-06 00:59:00,0.16,1.0,high,,,{}
episode_rules_v9_9,Ya_357,Остановка,2025-10-06 22:32:00,2025-10-07 01:43:00,0.13,1.0,high,,,{}
episode_rules_v9_9,Ya_357,Остановка,2025-10-08 00:43:00,2025-10-08 05:07:00,0.18,1.0,high,,,{}
episode_rules_v9_9,Ya_357,Остановка,2025-10-10 04:29:00,2025-10-10 05:48:00,0.05,1.0,high,,,{}
episode_rules_v9_9,Ya_357,Остановка,2025-11-01 17:58:00,2025-11-02 09:49:00,0.66,1.0,high,,,{}
episode_rules_v9_9,Ya_357,Остановка,2025-11-20 00:40:00,2025-11-20 10:02:00,0.39,1.0,high,,,{}
episode_rules_v9_9,Ya_357,Остановка,2025-11-24 02:00:00,2025-11-24 09:10:00,0.3,1.0,high,,,{}
episode_rules_v9_9,Ya_357,Остановка,2025-11-25 00:51:00,2025-11-25 02:36:00,0.07,1.0,high,,,{}
episode_rules_v9_9,Ya_357,Остановка,2025-11-26 20:35:00,2025-11-27 02:59:00,0.27,1.0,high,,,{}
episode_rules_v9_9,Ya_357,Остановка,2025-11-28 10:23:00,2025-11-28 11:43:00,0.06,1.0,high,,,{}
episode_rules_v9_9,Ya_357,Остановка,2025-11-28 12:28:00,2025-11-28 13:12:00,0.03,1.0,high,,,{}
episode_rules_v9_9,Ya_357,Остановка,2025-11-28 13:52:00,2025-11-28 19:02:00,0.22,1.0,high,,,{}
episode_rules_v9_9,Ya_357,Остановка,2025-11-28 19:47:00,2025-11-29 14:45:00,0.79,1.0,high,,,{}
episode_rules_v9_9,Ya_357,Остановка,2025-11-30 15:17:00,2025-11-30 17:40:00,0.1,1.0,high,,,{}
episode_rules_v9_9,Ya_357,Остановка,2025-11-30 18:14:00,2025-11-30 21:49:00,0.15,1.0,high,,,{}
episode_rules_v9_9,Ya_357,Периодическая работа,2025-09-13 00:00:00,2025-12-13 00:00:00,91.0,0.5,low,,,"{'ql_cyclic': np.True_, 'rhythm_ok': False}"
episode_rules_v9_9,Ya_357,Работа,2025-01-01 00:00:00,2025-01-08 07:39:00,7.32,1.0,high,,,{}
episode_rules_v9_9,Ya_357,Работа,2025-01-08 17:59:00,2025-02-13 23:23:00,36.23,1.0,high,,,{}
episode_rules_v9_9,Ya_357,Работа,2025-02-14 03:27:00,2025-03-05 04:15:00,19.03,1.0,high,,,{}
episode_rules_v9_9,Ya_357,Работа,2025-03-08 21:13:00,2025-03-08 23:41:00,0.1,1.0,high,,,{}
episode_rules_v9_9,Ya_357,Работа,2025-03-09 00:14:00,2025-03-20 21:47:00,11.9,1.0,high,,,{}
episode_rules_v9_9,Ya_357,Работа,2025-03-21 22:35:00,2025-03-25 02:17:00,3.15,1.0,high,,,{}
episode_rules_v9_9,Ya_357,Работа,2025-03-25 06:01:00,2025-03-27 01:55:00,1.83,1.0,high,,,{}
episode_rules_v9_9,Ya_357,Работа,2025-03-27 04:44:00,2025-04-24 05:18:00,28.02,1.0,high,,,{}
episode_rules_v9_9,Ya_357,Работа,2025-04-27 16:51:00,2025-04-27 17:06:00,0.01,1.0,high,,,{}
episode_rules_v9_9,Ya_357,Работа,2025-04-27 17:32:00,2025-04-27 20:31:00,0.12,1.0,high,,,{}
episode_rules_v9_9,Ya_357,Работа,2025-04-28 01:05:00,2025-04-28 04:24:00,0.14,1.0,high,,,{}
episode_rules_v9_9,Ya_357,Работа,2025-04-28 11:30:00,2025-07-01 05:03:00,63.73,1.0,high,,,{}
episode_rules_v9_9,Ya_357,Работа,2025-07-10 23:46:00,2025-07-17 19:48:00,6.83,1.0,high,,,{}
episode_rules_v9_9,Ya_357,Работа,2025-07-20 00:00:00,2025-07-20 02:33:00,0.11,1.0,high,,,{}
episode_rules_v9_9,Ya_357,Работа,2025-07-20 05:27:00,2025-08-15 21:46:00,26.68,1.0,high,,,{}
episode_rules_v9_9,Ya_357,Работа,2025-08-16 14:28:00,2025-09-16 21:30:00,31.29,1.0,high,,,{}
episode_rules_v9_9,Ya_357,Работа,2025-09-17 01:32:00,2025-09-17 02:03:00,0.02,1.0,high,,,{}
episode_rules_v9_9,Ya_357,Работа,2025-09-17 03:38:00,2025-09-18 10:41:00,1.29,1.0,high,,,{}
episode_rules_v9_9,Ya_357,Работа,2025-09-18 11:35:00,2025-09-18 12:48:00,0.05,1.0,high,,,{}
episode_rules_v9_9,Ya_357,Работа,2025-09-18 18:38:00,2025-09-18 20:42:00,0.09,1.0,high,,,{}
episode_rules_v9_9,Ya_357,Работа,2025-09-20 11:46:00,2025-09-20 12:46:00,0.04,1.0,high,,,{}
episode_rules_v9_9,Ya_357,Работа,2025-09-22 16:03:00,2025-09-22 17:02:00,0.04,1.0,high,,,{}
episode_rules_v9_9,Ya_357,Работа,2025-09-22 17:35:00,2025-09-23 17:02:00,0.98,1.0,high,,,{}
episode_rules_v9_9,Ya_357,Работа,2025-09-23 18:37:00,2025-09-25 00:45:00,1.26,1.0,high,,,{}
episode_rules_v9_9,Ya_357,Работа,2025-09-25 04:22:00,2025-09-25 23:55:00,0.81,1.0,high,,,{}
episode_rules_v9_9,Ya_357,Работа,2025-09-26 01:43:00,2025-09-27 04:14:00,1.1,1.0,high,,,{}
episode_rules_v9_9,Ya_357,Работа,2025-09-27 06:01:00,2025-09-27 06:29:00,0.02,1.0,high,,,{}
episode_rules_v9_9,Ya_357,Работа,2025-09-27 09:03:00,2025-09-28 21:14:00,1.51,1.0,high,,,{}
episode_rules_v9_9,Ya_357,Работа,2025-09-29 00:16:00,2025-09-29 21:57:00,0.9,1.0,high,,,{}
episode_rules_v9_9,Ya_357,Работа,2025-09-29 23:44:00,2025-09-30 21:32:00,0.91,1.0,high,,,{}
episode_rules_v9_9,Ya_357,Работа,2025-09-30 23:14:00,2025-10-02 00:04:00,1.03,1.0,high,,,{}
episode_rules_v9_9,Ya_357,Работа,2025-10-02 01:39:00,2025-10-02 20:57:00,0.8,1.0,high,,,{}
episode_rules_v9_9,Ya_357,Работа,2025-10-03 02:46:00,2025-10-04 01:26:00,0.94,1.0,high,,,{}
episode_rules_v9_9,Ya_357,Работа,2025-10-04 12:09:00,2025-10-05 10:10:00,0.92,1.0,high,,,{}
episode_rules_v9_9,Ya_357,Работа,2025-10-05 16:24:00,2025-10-05 21:12:00,0.2,1.0,high,,,{}
episode_rules_v9_9,Ya_357,Работа,2025-10-06 00:59:00,2025-10-06 22:32:00,0.9,1.0,high,,,{}
episode_rules_v9_9,Ya_357,Работа,2025-10-07 01:43:00,2025-10-08 00:43:00,0.96,1.0,high,,,{}
episode_rules_v9_9,Ya_357,Работа,2025-10-08 05:07:00,2025-10-10 04:29:00,1.97,1.0,high,,,{}
episode_rules_v9_9,Ya_357,Работа,2025-10-10 05:48:00,2025-11-01 17:58:00,22.51,1.0,high,,,{}
episode_rules_v9_9,Ya_357,Работа,2025-11-02 09:49:00,2025-11-20 00:40:00,17.62,1.0,high,,,{}
episode_rules_v9_9,Ya_357,Работа,2025-11-20 10:02:00,2025-11-24 02:00:00,3.67,1.0,high,,,{}
episode_rules_v9_9,Ya_357,Работа,2025-11-24 09:10:00,2025-11-25 00:51:00,0.65,1.0,high,,,{}
episode_rules_v9_9,Ya_357,Работа,2025-11-25 02:36:00,2025-11-26 20:35:00,1.75,1.0,high,,,{}
episode_rules_v9_9,Ya_357,Работа,2025-11-27 02:59:00,2025-11-28 10:23:00,1.31,1.0,high,,,{}
episode_rules_v9_9,Ya_357,Работа,2025-11-28 11:43:00,2025-11-28 12:28:00,0.03,1.0,high,,,{}
episode_rules_v9_9,Ya_357,Работа,2025-11-28 13:12:00,2025-11-28 13:52:00,0.03,1.0,high,,,{}
episode_rules_v9_9,Ya_357,Работа,2025-11-28 19:02:00,2025-11-28 19:47:00,0.03,1.0,high,,,{}
episode_rules_v9_9,Ya_357,Работа,2025-11-29 14:45:00,2025-11-30 15:17:00,1.02,1.0,high,,,{}
episode_rules_v9_9,Ya_357,Работа,2025-11-30 17:40:00,2025-11-30 18:14:00,0.02,1.0,high,,,{}
episode_rules_v9_9,Ya_357,Работа,2025-11-30 21:49:00,2026-05-01 22:57:00,152.05,1.0,high,,,{}
episode_rules_v9_9,Ya_357,Рост Кпрод,2025-01-01 00:00:00,2025-03-20 00:00:00,78.0,1.0,high,,,{}
episode_rules_v9_9,Ya_357,Рост обводненности,2025-01-22 00:00:00,2025-01-22 23:00:00,0.96,1.0,high,,,{}
episode_rules_v9_9,Ya_357,Рост обводненности,2025-08-07 00:00:00,2025-08-23 23:00:00,16.96,1.0,high,,,{}
episode_rules_v9_9,Ya_357,Рост обводненности,2025-10-16 00:00:00,2025-12-03 23:00:00,48.96,1.0,high,,,{}
episode_rules_v9_9,Ya_357,СППВ,2025-01-01 00:00:00,2025-09-18 20:42:00,260.86,1.0,high,,,{}
episode_rules_v9_9,Ya_357,СППВ,2025-09-22 16:03:00,2026-05-01 22:57:00,221.29,1.0,high,,,{}
episode_rules_v9_9,Ya_357,Снижение Кпрод,2025-01-13 00:00:00,2025-01-15 23:00:00,2.96,0.5,medium,,,"{'ql_confirms': None, 'ql_opz': None}"
episode_rules_v9_9,Ya_357,Снижение Кпрод,2025-03-12 00:00:00,2025-03-16 23:00:00,4.96,0.25,medium,,,"{'ql_confirms': np.False_, 'ql_opz': None}"
episode_rules_v9_9,Ya_357,Снижение Кпрод,2025-05-01 00:00:00,2025-05-05 23:00:00,4.96,0.25,medium,,,"{'ql_confirms': np.False_, 'ql_opz': None}"
episode_rules_v9_9,Ya_357,Снижение Кпрод,2025-07-14 00:00:00,2025-07-29 23:00:00,15.96,0.75,high,,,"{'ql_confirms': np.True_, 'ql_opz': None}"
episode_rules_v9_9,Ya_357,Снижение Кпрод,2025-08-23 00:00:00,2025-08-23 23:00:00,0.96,0.5,medium,,,"{'ql_confirms': None, 'ql_opz': None}"
episode_rules_v9_9,Ya_357,Снижение Кпрод,2025-10-01 00:00:00,2025-10-01 23:00:00,0.96,0.5,medium,,,"{'ql_confirms': None, 'ql_opz': None}"
episode_rules_v9_9,Ya_357,Снижение Кпрод,2025-11-04 00:00:00,2025-11-09 23:00:00,5.96,0.75,high,,,"{'ql_confirms': np.True_, 'ql_opz': None}"
episode_rules_v9_9,Ya_357,Снижение Кпрод,2025-11-23 00:00:00,2025-11-24 23:00:00,1.96,0.5,medium,,,"{'ql_confirms': None, 'ql_opz': None}"
episode_rules_v9_9,Ya_357,Снижение Кпрод,2025-12-03 00:00:00,2025-12-07 23:00:00,4.96,0.25,medium,,,"{'ql_confirms': np.False_, 'ql_opz': None}"
episode_rules_v9_9,Ya_357,Снижение Кпрод,2025-12-17 00:00:00,2025-12-21 23:00:00,4.96,0.25,medium,,,"{'ql_confirms': np.False_, 'ql_opz': None}"
episode_rules_v9_9,Ya_357,Снижение Рпл,2025-02-01 14:07:30,2025-05-30 21:57:00,118.33,0.0,low,Снижение Рпл,0.499,"{'freq_stable': np.False_, 'ip_gradual': np.False_, 'ql_declining': np.False_}"
episode_rules_v9_9,Ya_357,Снижение Рпл,2025-10-12 17:00:30,2026-02-15 05:51:00,125.54,0.0,low,Снижение Рпл,0.387,"{'freq_stable': np.False_, 'ip_gradual': np.False_, 'ql_declining': np.False_}"
episode_rules_v9_9,Ya_357,УВЧ,2025-02-12 00:00:00,2025-02-17 23:00:00,5.96,1.0,high,,,"{'freq_net_ok': np.True_, 'freq_trend_up': True, 'ql_rises': True}"
episode_rules_v9_9,Ya_357,УВЧ,2025-02-20 00:00:00,2025-04-23 23:00:00,62.96,0.667,medium,,,"{'freq_net_ok': np.True_, 'freq_trend_up': True, 'ql_rises': False}"
episode_rules_v9_9,Ya_357,УВЧ,2025-05-05 00:00:00,2025-05-11 23:00:00,6.96,0.333,low,,,"{'freq_net_ok': np.False_, 'freq_trend_up': False, 'ql_rises': True}"
episode_rules_v9_9,Ya_357,УВЧ,2025-06-08 00:00:00,2025-06-18 23:00:00,10.96,0.333,low,,,"{'freq_net_ok': np.False_, 'freq_trend_up': True, 'ql_rises': False}"
episode_rules_v9_9,Ya_357,УВЧ,2025-08-16 00:00:00,2025-08-24 23:00:00,8.96,0.333,low,,,"{'freq_net_ok': np.False_, 'freq_trend_up': True, 'ql_rises': False}"
episode_rules_v9_9,Ya_357,УВЧ,2025-09-04 00:00:00,2025-09-06 23:00:00,2.96,0.333,low,,,"{'freq_net_ok': np.False_, 'freq_trend_up': True, 'ql_rises': False}"
episode_rules_v9_9,Ya_357,УВЧ,2025-10-09 00:00:00,2025-10-15 23:00:00,6.96,1.0,high,,,"{'freq_net_ok': np.True_, 'freq_trend_up': True, 'ql_rises': True}"
episode_rules_v9_9,Ya_357,УВЧ,2025-10-22 00:00:00,2025-10-25 23:00:00,3.96,1.0,high,,,"{'freq_net_ok': np.True_, 'freq_trend_up': True, 'ql_rises': True}"
episode_rules_v9_9,Ya_357,УВЧ,2025-11-04 00:00:00,2025-12-22 23:00:00,48.96,1.0,high,,,"{'freq_net_ok': np.True_, 'freq_trend_up': True, 'ql_rises': True}"
episode_rules_v9_9,Ya_357,УВЧ,2026-01-03 00:00:00,2026-01-31 23:00:00,28.96,0.0,low,,,"{'freq_net_ok': np.False_, 'freq_trend_up': False, 'ql_rises': False}"
